classification_id,credit_id,client_id,date_classification,categorie_reglementaire,categorie_bale_ii,categorie_ifrs9,jours_retard,probabilite_defaut_pd,perte_en_cas_defaut_lgd,exposition_en_cas_defaut_ead,perte_attendue_el,provision_requise,provision_constituee,taux_provisionnement,indicateur_forborne,date_restructuration,indicateur_contentieux,date_entree_contentieux,motif_classification,observation,validateur_id,date_validation,date_prochaine_revue
CLS-000001,CRD-000001,CLI-001502,2026-03-24,Saine,C,Stage 1,0,0.0159,0.4601,6254.12,45.73,46.55,45.91,0.0,0,,0,,Normal,Classification automatique,VAL-016,2026-09-11 14:53:25.429531,2026-12-10 14:53:25.429531
CLS-000002,CRD-000002,CLI-002587,2025-04-02,Saine,C,Stage 1,0,0.0134,0.2502,7794.31,26.12,27.98,27.35,0.0,0,,0,,Normal,Classification automatique,VAL-011,2026-09-11 14:53:25.432534,2026-12-10 14:53:25.432534
CLS-000003,CRD-000003,CLI-002654,2025-10-14,Saine,C,Stage 1,0,0.018,0.5296,103360.3,984.92,1006.09,977.28,0.0,0,,0,,Normal,Classification automatique,VAL-004,2026-09-11 14:53:25.435532,2026-12-10 14:53:25.435532
CLS-000004,CRD-000004,CLI-001056,2023-04-21,Saine,B,Stage 1,0,0.0187,0.6561,9123.11,112.15,119.57,114.32,0.0,1,,0,,Normal,Classification automatique,VAL-007,2026-09-11 14:53:25.437534,2026-12-10 14:53:25.437534
CLS-000005,CRD-000005,CLI-000706,2024-01-29,Saine,B,Stage 1,0,0.012,0.3286,8606.0,33.97,38.0,37.26,0.0,0,,0,,Normal,Classification automatique,VAL-004,2026-09-11 14:53:25.441545,2026-12-10 14:53:25.441545
CLS-000006,CRD-000006,CLI-000107,2026-03-01,Saine,C,Stage 1,0,0.0195,0.4766,2065.89,19.17,20.56,19.61,0.0,1,,0,,Normal,Classification automatique,VAL-017,2026-09-11 14:53:25.443552,2026-12-10 14:53:25.443552
CLS-000007,CRD-000007,CLI-000590,2024-06-15,Saine,C,Stage 1,0,0.0053,0.5859,813924.36,2525.8,2939.17,2924.22,0.0,0,,0,,Normal,Classification automatique,VAL-001,2026-09-11 14:53:25.446545,2026-12-10 14:53:25.446545
CLS-000008,CRD-000008,CLI-002469,2026-02-27,Saine,A,Stage 1,0,0.0093,0.3895,0.0,0.0,0.0,0.0,0.0,0,,0,,Normal,Classification automatique,VAL-017,2026-09-11 14:53:25.449550,2026-12-10 14:53:25.449550
CLS-000009,CRD-000009,CLI-002414,2024-07-25,Saine,A,Stage 1,0,0.0087,0.3071,38549.81,103.58,113.47,109.58,0.0,0,,0,,Normal,Classification automatique,VAL-012,2026-09-11 14:53:25.451547,2026-12-10 14:53:25.451547
CLS-000010,CRD-000010,CLI-001601,2025-03-19,Saine,C,Stage 1,0,0.0054,0.3555,27109.93,52.38,53.03,52.98,0.0,0,,0,,Normal,Classification automatique,VAL-010,2026-09-11 14:53:25.454546,2026-12-10 14:53:25.454546
CLS-000011,CRD-000011,CLI-002465,2026-08-26,Saine,C,Stage 1,0,0.0192,0.6783,51813.83,675.47,703.28,670.07,0.0,0,,0,,Normal,Classification automatique,VAL-010,2026-09-11 14:53:25.457545,2026-12-10 14:53:25.457545
CLS-000012,CRD-000012,CLI-000229,2023-07-06,Saine,C,Stage 1,0,0.0168,0.352,37903.91,224.42,225.26,216.3,0.0,0,,0,,Normal,Classification automatique,VAL-001,2026-09-11 14:53:25.459550,2026-12-10 14:53:25.459550
CLS-000013,CRD-000013,CLI-000916,2025-10-21,Saine,A,Stage 1,0,0.0137,0.4121,29482.18,166.74,190.81,182.72,0.0,0,,0,,Normal,Classification automatique,VAL-012,2026-09-11 14:53:25.461550,2026-12-10 14:53:25.461550
CLS-000014,CRD-000014,CLI-000795,2023-02-23,Saine,B,Stage 1,0,0.0079,0.2394,95143.89,179.73,192.69,186.14,0.0,0,,0,,Normal,Classification automatique,VAL-002,2026-09-11 14:53:25.464532,2026-12-10 14:53:25.464532
CLS-000015,CRD-000015,CLI-003022,2026-11-04,Saine,A,Stage 1,0,0.0132,0.6846,5557.41,50.34,60.01,59.44,0.0,0,,0,,Normal,Classification automatique,VAL-015,2026-09-11 14:53:25.467773,2026-12-10 14:53:25.467773
CLS-000016,CRD-000016,CLI-003544,2025-04-17,Saine,A,Stage 1,0,0.0197,0.4311,4642.29,39.5,47.36,47.18,0.0,0,,0,,Normal,Classification automatique,VAL-010,2026-09-11 14:53:25.470752,2026-12-10 14:53:25.470752
CLS-000017,CRD-000017,CLI-001074,2024-03-26,Saine,B,Stage 1,0,0.0119,0.448,101184.04,541.49,556.12,548.28,0.0,0,,0,,Normal,Classification automatique,VAL-017,2026-09-11 14:53:25.473828,2026-12-10 14:53:25.473828
CLS-000018,CRD-000018,CLI-003352,2026-12-28,Saine,B,Stage 1,0,0.0169,0.5972,24681.32,248.77,293.0,285.22,0.0,0,,0,,Normal,Classification automatique,VAL-019,2026-09-11 14:53:25.475963,2026-12-10 14:53:25.475963
CLS-000019,CRD-000019,CLI-001745,2024-08-17,Saine,B,Stage 1,0,0.0128,0.4837,2036.43,12.63,13.8,13.33,0.0,0,,0,,Normal,Classification automatique,VAL-012,2026-09-11 14:53:25.478961,2026-12-10 14:53:25.478961
CLS-000020,CRD-000020,CLI-001085,2026-06-22,Saine,C,Stage 1,0,0.0156,0.2503,4266.66,16.64,17.75,17.21,0.0,0,,0,,Normal,Classification automatique,VAL-019,2026-09-11 14:53:25.480963,2026-12-10 14:53:25.480963
CLS-000021,CRD-000021,CLI-000927,2023-11-11,Douteuse,D,Stage 3,333,0.5723,0.4188,147612.27,35380.23,40046.75,39872.43,0.5,0,,1,2023-11-08,Retard de paiement,Classification automatique,VAL-007,2026-09-11 14:53:25.483963,2026-12-10 14:53:25.483963
CLS-000022,CRD-000022,CLI-003050,2024-07-23,Saine,B,Stage 1,0,0.019,0.3287,24280.76,151.54,169.45,166.81,0.0,0,,0,,Normal,Classification automatique,VAL-012,2026-09-11 14:53:25.486939,2026-12-10 14:53:25.486939
CLS-000023,CRD-000023,CLI-001118,2023-01-16,Saine,C,Stage 1,0,0.01,0.3681,24697.92,90.68,98.12,96.05,0.0,0,,0,,Normal,Classification automatique,VAL-016,2026-09-11 14:53:25.488940,2026-12-10 14:53:25.488940
CLS-000024,CRD-000024,CLI-000643,2026-03-21,Saine,B,Stage 1,0,0.0071,0.5629,934502.74,3734.86,4121.54,4079.21,0.0,0,,0,,Normal,Classification automatique,VAL-004,2026-09-11 14:53:25.492125,2026-12-10 14:53:25.492125
CLS-000025,CRD-000025,CLI-004768,2023-05-08,Saine,C,Stage 1,0,0.0177,0.6709,26138.64,310.75,346.19,335.74,0.0,0,,0,,Normal,Classification automatique,VAL-007,2026-09-11 14:53:25.494127,2026-12-10 14:53:25.494127
CLS-000026,CRD-000026,CLI-000502,2026-02-27,Saine,B,Stage 1,0,0.02,0.5504,5096.86,56.1,61.08,59.27,0.0,0,,0,,Normal,Classification automatique,VAL-019,2026-09-11 14:53:25.497127,2026-12-10 14:53:25.497127
CLS-000027,CRD-000027,CLI-004067,2024-08-06,Saine,B,Stage 1,0,0.012,0.7305,12176.18,106.9,108.35,104.31,0.0,0,,0,,Normal,Classification automatique,VAL-002,2026-09-11 14:53:25.499235,2026-12-10 14:53:25.499235
CLS-000028,CRD-000028,CLI-000334,2023-01-16,Saine,C,Stage 1,0,0.0123,0.6419,557261.69,4409.01,5257.33,5241.31,0.0,0,,0,,Normal,Classification automatique,VAL-019,2026-09-11 14:53:25.502261,2026-12-10 14:53:25.502261
CLS-000029,CRD-000029,CLI-004685,2024-02-15,Saine,B,Stage 1,0,0.0179,0.6202,73755.84,817.64,956.74,932.6,0.0,1,,0,,Normal,Classification automatique,VAL-019,2026-09-11 14:53:25.505256,2026-12-10 14:53:25.505256
CLS-000030,CRD-000030,CLI-000487,2026-01-01,Saine,B,Stage 1,0,0.0176,0.5838,10668.75,109.78,126.48,123.07,0.0,0,,0,,Normal,Classification automatique,VAL-002,2026-09-11 14:53:25.507263,2026-12-10 14:53:25.507263
CLS-000031,CRD-000031,CLI-001963,2022-10-01,Saine,C,Stage 1,0,0.0104,0.5233,2127.39,11.53,13.46,13.19,0.0,0,,0,,Normal,Classification automatique,VAL-013,2026-09-11 14:53:25.510260,2026-12-10 14:53:25.510260
CLS-000032,CRD-000032,CLI-000394,2022-05-06,Saine,B,Stage 1,0,0.0122,0.5503,37400.78,250.86,257.94,251.31,0.0,0,,0,,Normal,Classification automatique,VAL-020,2026-09-11 14:53:25.512259,2026-12-10 14:53:25.512259
CLS-000033,CRD-000033,CLI-004843,2024-01-12,Saine,C,Stage 2,71,0.0714,0.5329,12351.67,469.9,475.75,456.32,0.0,0,,0,,Retard de paiement,Classification automatique,VAL-004,2026-09-11 14:53:25.514260,2026-12-10 14:53:25.514260
CLS-000034,CRD-000034,CLI-004867,2026-09-30,Saine,C,Stage 1,0,0.0099,0.4275,268577.12,1138.61,1213.91,1203.09,0.0,0,,0,,Normal,Classification automatique,VAL-014,2026-09-11 14:53:25.517699,2026-12-10 14:53:25.517699
CLS-000035,CRD-000035,CLI-001756,2024-12-03,Saine,B,Stage 2,14,0.0385,0.4373,186693.94,3145.85,3625.17,3467.83,0.0,0,,0,,Normal,Classification automatique,VAL-006,2026-09-11 14:53:25.520700,2026-12-10 14:53:25.520700
CLS-000036,CRD-000036,CLI-002516,2022-08-22,Saine,B,Stage 1,0,0.0087,0.6123,6821.1,36.27,37.34,37.0,0.0,0,,0,,Normal,Classification automatique,VAL-013,2026-09-11 14:53:25.523699,2026-12-10 14:53:25.523699
CLS-000037,CRD-000037,CLI-003586,2024-06-04,Saine,C,Stage 1,0,0.0104,0.6612,486383.66,3334.06,3559.48,3539.61,0.0,0,,0,,Normal,Classification automatique,VAL-001,2026-09-11 14:53:25.525697,2026-12-10 14:53:25.525697
CLS-000038,CRD-000038,CLI-004316,2026-06-29,Saine,B,Stage 1,0,0.007,0.3691,179794.15,464.37,480.5,477.97,0.0,0,,0,,Normal,Classification automatique,VAL-002,2026-09-11 14:53:25.528699,2026-12-10 14:53:25.528699
CLS-000039,CRD-000039,CLI-004967,2025-12-02,Saine,B,Stage 1,0,0.0087,0.3865,16189.15,54.57,60.0,58.08,0.0,0,,0,,Normal,Classification automatique,VAL-016,2026-09-11 14:53:25.531699,2026-12-10 14:53:25.531699
CLS-000040,CRD-000040,CLI-002100,2022-08-22,Saine,A,Stage 1,0,0.0082,0.6624,1034110.41,5618.75,6142.35,5861.21,0.0,0,,0,,Normal,Classification automatique,VAL-002,2026-09-11 14:53:25.533701,2026-12-10 14:53:25.533701
CLS-000041,CRD-000041,CLI-003600,2027-05-06,Saine,B,Stage 1,0,0.0176,0.2142,107190.41,403.75,405.43,385.41,0.0,0,,0,,Normal,Classification automatique,VAL-002,2026-09-11 14:53:25.536701,2026-12-10 14:53:25.536701
CLS-000042,CRD-000042,CLI-004122,2026-09-15,Saine,B,Stage 1,0,0.02,0.7465,5845.12,87.06,98.7,95.19,0.0,0,,0,,Normal,Classification automatique,VAL-004,2026-09-11 14:53:25.539698,2026-12-10 14:53:25.539698
CLS-000043,CRD-000043,CLI-000030,2024-07-17,Saine,C,Stage 1,0,0.0174,0.3677,1585.24,10.14,11.73,11.22,0.0,0,,0,,Normal,Classification automatique,VAL-018,2026-09-11 14:53:25.541696,2026-12-10 14:53:25.541696
CLS-000044,CRD-000044,CLI-000066,2026-01-13,Saine,C,Stage 1,0,0.017,0.3981,349009.33,2361.53,2681.96,2674.51,0.0,0,,0,,Normal,Classification automatique,VAL-020,2026-09-11 14:53:25.544699,2026-12-10 14:53:25.544699
CLS-000045,CRD-000045,CLI-000839,2025-08-31,Saine,C,Stage 1,0,0.0053,0.4252,24036.36,54.61,57.83,55.64,0.0,0,,0,,Normal,Classification automatique,VAL-003,2026-09-11 14:53:25.547681,2026-12-10 14:53:25.547681
CLS-000046,CRD-000046,CLI-003907,2022-12-27,Saine,B,Stage 1,0,0.0089,0.7039,99351.05,619.64,730.08,716.28,0.0,0,,0,,Normal,Classification automatique,VAL-014,2026-09-11 14:53:25.551034,2026-12-10 14:53:25.551034
CLS-000047,CRD-000047,CLI-003774,2025-02-10,Saine,B,Stage 1,0,0.0191,0.5211,2650.49,26.43,30.91,30.72,0.0,0,,0,,Normal,Classification automatique,VAL-008,2026-09-11 14:53:25.553033,2026-12-10 14:53:25.553033
CLS-000048,CRD-000048,CLI-004636,2025-11-26,Saine,B,Stage 1,0,0.011,0.2326,2076.44,5.32,5.67,5.56,0.0,0,,0,,Normal,Classification automatique,VAL-017,2026-09-11 14:53:25.556034,2026-12-10 14:53:25.556034
CLS-000049,CRD-000049,CLI-003162,2022-02-12,Saine,C,Stage 1,0,0.0159,0.4736,30296.41,228.24,234.44,226.91,0.0,0,,0,,Normal,Classification automatique,VAL-018,2026-09-11 14:53:25.559033,2026-12-10 14:53:25.559033
CLS-000050,CRD-000050,CLI-002660,2026-01-27,Saine,B,Stage 1,0,0.0147,0.4452,15224.16,99.76,103.3,99.04,0.0,0,,0,,Normal,Classification automatique,VAL-020,2026-09-11 14:53:25.561034,2026-12-10 14:53:25.561034
CLS-000051,CRD-000051,CLI-004616,2022-10-21,Saine,B,Stage 1,0,0.0102,0.555,609152.8,3442.49,3927.41,3793.8,0.0,0,,0,,Normal,Classification automatique,VAL-001,2026-09-11 14:53:25.564034,2026-12-10 14:53:25.564034
CLS-000052,CRD-000052,CLI-004629,2021-11-16,Saine,C,Stage 1,0,0.0058,0.4514,4189.03,11.05,13.01,12.49,0.0,0,,0,,Normal,Classification automatique,VAL-015,2026-09-11 14:53:25.567237,2026-12-10 14:53:25.567237
CLS-000053,CRD-000053,CLI-002452,2026-12-02,Saine,A,Stage 1,0,0.0131,0.4411,539749.87,3123.41,3539.31,3429.73,0.0,0,,0,,Normal,Classification automatique,VAL-010,2026-09-11 14:53:25.569236,2026-12-10 14:53:25.569236
CLS-000054,CRD-000054,CLI-002847,2022-09-09,Saine,B,Stage 1,0,0.0105,0.4206,266356.14,1176.9,1315.03,1271.47,0.0,0,,0,,Normal,Classification automatique,VAL-008,2026-09-11 14:53:25.572237,2026-12-10 14:53:25.572237
CLS-000055,CRD-000055,CLI-001145,2025-07-28,Douteuse,D,Stage 3,239,0.5168,0.3351,24080.72,4170.81,4686.36,4615.98,0.5,0,,1,2025-04-02,Retard de paiement,Classification automatique,VAL-001,2026-09-11 14:53:25.575580,2026-12-10 14:53:25.575580
CLS-000056,CRD-000056,CLI-003079,2023-09-06,Saine,C,Stage 1,0,0.014,0.6762,146638.36,1386.46,1424.57,1377.98,0.0,0,,0,,Normal,Classification automatique,VAL-020,2026-09-11 14:53:25.577579,2026-12-10 14:53:25.577579
CLS-000057,CRD-000057,CLI-001104,2025-02-15,Saine,C,Stage 1,0,0.0117,0.3176,590833.9,2204.24,2386.4,2315.31,0.0,0,,0,,Normal,Classification automatique,VAL-006,2026-09-11 14:53:25.580598,2026-12-10 14:53:25.580598
CLS-000058,CRD-000058,CLI-000169,2025-12-15,Saine,C,Stage 1,0,0.0068,0.5555,9993.82,37.71,42.02,40.2,0.0,0,,0,,Normal,Classification automatique,VAL-001,2026-09-11 14:53:25.583597,2026-12-10 14:53:25.583597
CLS-000059,CRD-000059,CLI-001671,2025-09-18,Saine,C,Stage 1,0,0.0124,0.5997,8547.93,63.47,67.45,66.94,0.0,0,,0,,Normal,Classification automatique,VAL-013,2026-09-11 14:53:25.586598,2026-12-10 14:53:25.586598
CLS-000060,CRD-000060,CLI-002571,2026-01-31,Saine,C,Stage 1,0,0.0088,0.5515,7841.26,38.11,45.08,43.06,0.0,0,,0,,Normal,Classification automatique,VAL-016,2026-09-11 14:53:25.589789,2026-12-10 14:53:25.589789
CLS-000061,CRD-000061,CLI-002378,2025-02-11,Saine,B,Stage 1,0,0.017,0.2943,4342052.97,21771.89,24963.19,24882.24,0.0,0,,0,,Normal,Classification automatique,VAL-012,2026-09-11 14:53:25.592813,2026-12-10 14:53:25.592813
CLS-000062,CRD-000062,CLI-004396,2024-11-14,Pré-douteuse,D,Stage 3,180,0.2877,0.4573,178538.57,23486.8,24696.38,24446.72,0.2,0,,0,,Retard de paiement,Classification automatique,VAL-012,2026-09-11 14:53:25.595814,2026-12-10 14:53:25.595814
CLS-000063,CRD-000063,CLI-004258,2026-08-14,Saine,C,Stage 1,0,0.0082,0.395,61469.97,200.13,227.65,221.52,0.0,0,,0,,Normal,Classification automatique,VAL-006,2026-09-11 14:53:25.597816,2026-12-10 14:53:25.597816
CLS-000064,CRD-000064,CLI-003863,2022-12-09,Saine,B,Stage 1,0,0.0175,0.5775,384093.15,3872.76,4088.36,3956.75,0.0,0,,0,,Normal,Classification automatique,VAL-018,2026-09-11 14:53:25.600951,2026-12-10 14:53:25.600951
CLS-000065,CRD-000065,CLI-000024,2024-05-25,Saine,C,Stage 1,0,0.0147,0.6018,5226.44,46.29,48.79,47.7,0.0,0,,0,,Normal,Classification automatique,VAL-010,2026-09-11 14:53:25.602952,2026-12-10 14:53:25.602952
CLS-000066,CRD-000066,CLI-002634,2026-05-05,Saine,C,Stage 1,0,0.0185,0.4028,3817.08,28.45,30.53,29.96,0.0,0,,0,,Normal,Classification automatique,VAL-015,2026-09-11 14:53:25.605950,2026-12-10 14:53:25.605950
CLS-000067,CRD-000067,CLI-003341,2022-04-07,Saine,C,Stage 1,0,0.0171,0.4833,570084.23,4698.15,4931.47,4776.0,0.0,0,,0,,Normal,Classification automatique,VAL-013,2026-09-11 14:53:25.607950,2026-12-10 14:53:25.607950
CLS-000068,CRD-000068,CLI-002216,2024-08-02,Saine,C,Stage 1,0,0.0197,0.3266,3390.28,21.84,22.15,21.51,0.0,0,,0,,Normal,Classification automatique,VAL-005,2026-09-11 14:53:25.610954,2026-12-10 14:53:25.610954
CLS-000069,CRD-000069,CLI-003683,2022-08-20,Saine,A,Stage 1,0,0.0122,0.5474,12987.86,86.69,89.14,85.16,0.0,0,,0,,Normal,Classification automatique,VAL-006,2026-09-11 14:53:25.613953,2026-12-10 14:53:25.613953
CLS-000070,CRD-000070,CLI-004725,2023-01-23,Saine,C,Stage 1,0,0.0166,0.6924,10766.49,123.59,127.79,126.13,0.0,0,,0,,Normal,Classification automatique,VAL-016,2026-09-11 14:53:25.617087,2026-12-10 14:53:25.617087
CLS-000071,CRD-000071,CLI-001908,2025-09-23,Saine,C,Stage 1,0,0.0125,0.4088,52063.36,266.88,292.49,280.68,0.0,0,,0,,Normal,Classification automatique,VAL-019,2026-09-11 14:53:25.619089,2026-12-10 14:53:25.619089
CLS-000072,CRD-000072,CLI-000085,2024-09-21,Saine,B,Stage 1,0,0.0158,0.214,6679.49,22.62,25.17,23.97,0.0,0,,0,,Normal,Classification automatique,VAL-009,2026-09-11 14:53:25.622087,2026-12-10 14:53:25.622087
CLS-000073,CRD-000073,CLI-000228,2023-09-28,Saine,C,Stage 1,0,0.0152,0.3563,0.0,0.0,0.0,0.0,0.0,0,,0,,Normal,Classification automatique,VAL-002,2026-09-11 14:53:25.626064,2026-12-10 14:53:25.626064
CLS-000074,CRD-000074,CLI-000297,2026-02-23,Saine,C,Stage 1,0,0.018,0.4166,81012.44,607.46,625.97,611.2,0.0,0,,0,,Normal,Classification automatique,VAL-010,2026-09-11 14:53:25.628066,2026-12-10 14:53:25.628066
CLS-000075,CRD-000075,CLI-001002,2023-03-12,Saine,A,Stage 1,0,0.0161,0.5204,7715.98,64.79,77.43,76.64,0.0,0,,0,,Normal,Classification automatique,VAL-018,2026-09-11 14:53:25.632097,2026-12-10 14:53:25.632097
CLS-000076,CRD-000076,CLI-002139,2022-11-16,Saine,B,Stage 1,0,0.0159,0.3519,4650.93,25.98,29.52,28.7,0.0,0,,0,,Normal,Classification automatique,VAL-019,2026-09-11 14:53:25.635088,2026-12-10 14:53:25.635088
CLS-000077,CRD-000077,CLI-000712,2026-02-21,Saine,C,Stage 1,0,0.0079,0.4955,13439.8,52.55,58.69,57.7,0.0,0,,0,,Normal,Classification automatique,VAL-008,2026-09-11 14:53:25.637089,2026-12-10 14:53:25.637089
CLS-000078,CRD-000078,CLI-002802,2026-09-01,Saine,C,Stage 1,0,0.0061,0.5495,1586903.78,5299.75,5432.77,5179.46,0.0,0,,0,,Normal,Classification automatique,VAL-011,2026-09-11 14:53:25.640083,2026-12-10 14:53:25.640083
CLS-000079,CRD-000079,CLI-002528,2026-12-15,Saine,A,Stage 1,0,0.0056,0.6827,13679.47,51.9,55.54,53.1,0.0,0,,0,,Normal,Classification automatique,VAL-014,2026-09-11 14:53:25.643086,2026-12-10 14:53:25.643086
CLS-000080,CRD-000080,CLI-003753,2023-01-04,Saine,C,Stage 2,62,0.093,0.3624,41477.6,1398.05,1666.81,1620.26,0.0,0,,0,,Retard de paiement,Classification automatique,VAL-009,2026-09-11 14:53:25.645089,2026-12-10 14:53:25.645089
CLS-000081,CRD-000081,CLI-003322,2026-08-19,Saine,C,Stage 1,0,0.0138,0.422,216090.18,1255.81,1477.59,1458.86,0.0,0,,0,,Normal,Classification automatique,VAL-009,2026-09-11 14:53:25.649069,2026-12-10 14:53:25.649069
CLS-000082,CRD-000082,CLI-003182,2023-09-15,Saine,C,Stage 1,0,0.0089,0.2853,18848.51,47.71,53.66,51.68,0.0,1,,0,,Normal,Classification automatique,VAL-001,2026-09-11 14:53:25.652068,2026-12-10 14:53:25.652068
CLS-000083,CRD-000083,CLI-004184,2025-09-25,Saine,C,Stage 1,0,0.0197,0.6567,656354.77,8501.68,9475.21,9076.23,0.0,0,,0,,Normal,Classification automatique,VAL-006,2026-09-11 14:53:25.654068,2026-12-10 14:53:25.654068
CLS-000084,CRD-000084,CLI-001616,2024-09-09,Saine,B,Stage 1,0,0.0123,0.4499,159106.59,880.39,1043.06,1003.38,0.0,0,,0,,Normal,Classification automatique,VAL-002,2026-09-11 14:53:25.657066,2026-12-10 14:53:25.657066
CLS-000085,CRD-000085,CLI-003025,2026-10-09,Saine,C,Stage 1,0,0.0114,0.5294,11308.34,68.46,72.14,69.62,0.0,0,,0,,Normal,Classification automatique,VAL-016,2026-09-11 14:53:25.660065,2026-12-10 14:53:25.660065
CLS-000086,CRD-000086,CLI-001414,2023-11-07,Saine,C,Stage 1,0,0.0175,0.3019,7914.88,41.71,44.59,43.2,0.0,0,,0,,Normal,Classification automatique,VAL-006,2026-09-11 14:53:25.662066,2026-12-10 14:53:25.662066
CLS-000087,CRD-000087,CLI-000764,2024-10-07,Saine,B,Stage 1,0,0.0175,0.5794,60470.17,612.73,670.74,650.03,0.0,0,,0,,Normal,Classification automatique,VAL-012,2026-09-11 14:53:25.665194,2026-12-10 14:53:25.665194
CLS-000088,CRD-000088,CLI-000656,2025-08-20,Saine,A,Stage 1,0,0.0155,0.5628,4583.14,39.94,40.97,40.42,0.0,0,,0,,Normal,Classification automatique,VAL-017,2026-09-11 14:53:25.668220,2026-12-10 14:53:25.668220
CLS-000089,CRD-000089,CLI-004798,2022-11-25,Saine,B,Stage 1,0,0.0172,0.6908,30199.5,357.93,388.93,384.71,0.0,0,,0,,Normal,Classification automatique,VAL-004,2026-09-11 14:53:25.670217,2026-12-10 14:53:25.670217
CLS-000090,CRD-000090,CLI-003850,2022-09-24,Saine,B,Stage 1,0,0.0173,0.7439,55742.21,716.1,766.85,740.31,0.0,0,,0,,Normal,Classification automatique,VAL-009,2026-09-11 14:53:25.673396,2026-12-10 14:53:25.673396
CLS-000091,CRD-000091,CLI-004154,2026-01-08,Saine,B,Stage 1,0,0.0066,0.3482,2297.61,5.27,6.19,5.96,0.0,0,,0,,Normal,Classification automatique,VAL-007,2026-09-11 14:53:25.675423,2026-12-10 14:53:25.675423
CLS-000092,CRD-000092,CLI-000469,2024-10-22,Saine,C,Stage 1,0,0.0053,0.5039,6248.38,16.79,18.83,17.97,0.0,0,,0,,Normal,Classification automatique,VAL-014,2026-09-11 14:53:25.678421,2026-12-10 14:53:25.678421
CLS-000093,CRD-000093,CLI-000158,2024-10-23,Saine,B,Stage 1,0,0.0187,0.5624,109120.38,1150.32,1170.19,1166.18,0.0,0,,0,,Normal,Classification automatique,VAL-020,2026-09-11 14:53:25.680422,2026-12-10 14:53:25.680422
CLS-000094,CRD-000094,CLI-001296,2026-01-23,Saine,C,Stage 1,0,0.0052,0.5039,2208.16,5.82,6.39,6.31,0.0,0,,0,,Normal,Classification automatique,VAL-012,2026-09-11 14:53:25.683422,2026-12-10 14:53:25.683422
CLS-000095,CRD-000095,CLI-000498,2022-05-14,Saine,A,Stage 1,0,0.0189,0.6103,41721.49,481.19,527.0,500.9,0.0,0,,0,,Normal,Classification automatique,VAL-002,2026-09-11 14:53:25.685423,2026-12-10 14:53:25.685423
CLS-000096,CRD-000096,CLI-004741,2026-08-05,Pré-douteuse,D,Stage 3,129,0.2331,0.2715,10679.43,675.73,808.78,795.76,0.2,0,,0,,Retard de paiement,Classification automatique,VAL-001,2026-09-11 14:53:25.688416,2026-12-10 14:53:25.688416
CLS-000097,CRD-000097,CLI-002941,2024-11-06,Saine,C,Stage 1,0,0.0105,0.3525,10031.72,37.24,44.48,43.9,0.0,0,,0,,Normal,Classification automatique,VAL-003,2026-09-11 14:53:25.691558,2026-12-10 14:53:25.691558
CLS-000098,CRD-000098,CLI-003457,2024-08-20,Saine,C,Stage 1,0,0.0196,0.4731,20432.81,189.61,210.9,208.46,0.0,0,,0,,Normal,Classification automatique,VAL-007,2026-09-11 14:53:25.693563,2026-12-10 14:53:25.693563
CLS-000099,CRD-000099,CLI-000374,2025-05-05,Saine,A,Stage 1,0,0.0141,0.4297,18415.1,111.25,117.95,114.21,0.0,0,,0,,Normal,Classification automatique,VAL-007,2026-09-11 14:53:25.696562,2026-12-10 14:53:25.696562
CLS-000100,CRD-000100,CLI-000080,2023-03-22,Saine,C,Stage 1,0,0.0102,0.3451,9087.85,32.11,38.08,37.28,0.0,0,,0,,Normal,Classification automatique,VAL-010,2026-09-11 14:53:25.698670,2026-12-10 14:53:25.698670
CLS-000101,CRD-000101,CLI-001554,2024-06-14,Saine,A,Stage 1,0,0.0156,0.3732,19182.62,111.87,111.91,108.61,0.0,0,,0,,Normal,Classification automatique,VAL-011,2026-09-11 14:53:25.700695,2026-12-10 14:53:25.700695
CLS-000102,CRD-000102,CLI-001670,2026-06-11,Saine,B,Stage 2,4,0.0202,0.5106,2211.13,22.75,24.78,24.09,0.0,0,,0,,Normal,Classification automatique,VAL-005,2026-09-11 14:53:25.705698,2026-12-10 14:53:25.705698
CLS-000103,CRD-000103,CLI-002132,2024-01-15,Saine,B,Stage 1,0,0.0089,0.4274,1406.44,5.35,5.39,5.35,0.0,0,,0,,Normal,Classification automatique,VAL-011,2026-09-11 14:53:25.708694,2026-12-10 14:53:25.708694
CLS-000104,CRD-000104,CLI-004440,2026-12-30,Saine,B,Stage 1,0,0.0056,0.5988,10014.61,33.73,37.27,35.85,0.0,0,,0,,Normal,Classification automatique,VAL-012,2026-09-11 14:53:25.711694,2026-12-10 14:53:25.711694
CLS-000105,CRD-000105,CLI-000466,2026-08-08,Saine,A,Stage 1,0,0.0094,0.6859,8652.46,56.01,60.11,58.74,0.0,0,,0,,Normal,Classification automatique,VAL-002,2026-09-11 14:53:25.714696,2026-12-10 14:53:25.714696
CLS-000106,CRD-000106,CLI-000249,2022-07-31,Saine,A,Stage 1,0,0.0141,0.4677,156556.3,1030.68,1083.68,1039.02,0.0,1,,0,,Normal,Classification automatique,VAL-019,2026-09-11 14:53:25.717696,2026-12-10 14:53:25.717696
CLS-000107,CRD-000107,CLI-000932,2026-05-17,Saine,A,Stage 1,0,0.0137,0.545,128692.27,958.26,1145.3,1131.98,0.0,0,,0,,Normal,Classification automatique,VAL-010,2026-09-11 14:53:25.720696,2026-12-10 14:53:25.720696
CLS-000108,CRD-000108,CLI-001336,2025-02-23,Saine,B,Stage 1,0,0.0129,0.2331,417480.71,1252.46,1380.68,1326.53,0.0,0,,0,,Normal,Classification automatique,VAL-011,2026-09-11 14:53:25.723694,2026-12-10 14:53:25.723694
CLS-000109,CRD-000109,CLI-004525,2025-12-02,Saine,C,Stage 1,0,0.0093,0.5595,84115.9,437.54,466.73,445.41,0.0,0,,0,,Normal,Classification automatique,VAL-015,2026-09-11 14:53:25.725693,2026-12-10 14:53:25.725693
CLS-000110,CRD-000110,CLI-001339,2024-06-28,Saine,B,Stage 1,0,0.0146,0.517,45922.99,346.09,361.59,360.23,0.0,0,,0,,Normal,Classification automatique,VAL-017,2026-09-11 14:53:25.728696,2026-12-10 14:53:25.728696
CLS-000111,CRD-000111,CLI-001407,2023-10-31,Saine,C,Stage 2,69,0.0682,0.5827,1018080.62,40437.98,42559.91,40791.69,0.0,0,,0,,Retard de paiement,Classification automatique,VAL-008,2026-09-11 14:53:25.731674,2026-12-10 14:53:25.731674
CLS-000112,CRD-000112,CLI-001091,2026-02-03,Saine,C,Stage 2,47,0.0925,0.6862,1116122.35,70871.69,81424.72,77980.49,0.0,0,,0,,Retard de paiement,Classification automatique,VAL-007,2026-09-11 14:53:25.734673,2026-12-10 14:53:25.734673
CLS-000113,CRD-000113,CLI-004210,2026-04-26,Saine,C,Stage 1,0,0.0194,0.4084,33535.61,265.18,274.65,269.17,0.0,0,,0,,Normal,Classification automatique,VAL-009,2026-09-11 14:53:25.736675,2026-12-10 14:53:25.736675
CLS-000114,CRD-000114,CLI-000743,2026-07-05,Saine,B,Stage 1,0,0.0125,0.5896,7573.86,56.04,63.1,60.42,0.0,0,,0,,Normal,Classification automatique,VAL-003,2026-09-11 14:53:25.739673,2026-12-10 14:53:25.739673
CLS-000115,CRD-000115,CLI-002324,2025-07-20,Saine,C,Stage 1,0,0.0074,0.6466,15472.47,73.78,75.89,74.19,0.0,0,,0,,Normal,Classification automatique,VAL-012,2026-09-11 14:53:25.742691,2026-12-10 14:53:25.742691
CLS-000116,CRD-000116,CLI-003602,2026-04-15,Pré-douteuse,D,Stage 3,180,0.341,0.5868,630.16,126.08,129.86,128.82,0.2,0,,0,,Retard de paiement,Classification automatique,VAL-008,2026-09-11 14:53:25.745696,2026-12-10 14:53:25.745696
CLS-000117,CRD-000117,CLI-002124,2022-02-08,Saine,C,Stage 1,0,0.018,0.458,9627.98,79.56,80.99,78.81,0.0,0,,0,,Normal,Classification automatique,VAL-013,2026-09-11 14:53:25.749678,2026-12-10 14:53:25.749678
CLS-000118,CRD-000118,CLI-002095,2025-01-22,Douteuse,D,Stage 3,268,0.4608,0.2302,66545.37,7060.4,8281.99,8254.36,0.5,0,,1,2025-07-08,Retard de paiement,Classification automatique,VAL-005,2026-09-11 14:53:25.752678,2026-12-10 14:53:25.752678
CLS-000119,CRD-000119,CLI-000241,2026-11-04,Saine,C,Stage 1,0,0.0095,0.5089,15304.69,73.73,83.89,79.71,0.0,0,,0,,Normal,Classification automatique,VAL-009,2026-09-11 14:53:25.754679,2026-12-10 14:53:25.754679
CLS-000120,CRD-000120,CLI-002352,2027-04-24,Saine,B,Stage 1,0,0.0168,0.408,65261.34,447.27,496.88,474.0,0.0,0,,0,,Normal,Classification automatique,VAL-006,2026-09-11 14:53:25.757678,2026-12-10 14:53:25.757678
CLS-000121,CRD-000121,CLI-001371,2026-07-13,Saine,C,Stage 1,0,0.0199,0.4278,30142.78,256.17,261.89,260.05,0.0,0,,0,,Normal,Classification automatique,VAL-006,2026-09-11 14:53:25.759679,2026-12-10 14:53:25.759679
CLS-000122,CRD-000122,CLI-001058,2025-05-19,Saine,C,Stage 1,0,0.0195,0.7137,455.68,6.34,6.81,6.77,0.0,0,,0,,Normal,Classification automatique,VAL-011,2026-09-11 14:53:25.762672,2026-12-10 14:53:25.762672
CLS-000123,CRD-000123,CLI-004817,2024-09-25,Saine,B,Stage 1,0,0.0157,0.4617,10061.98,72.92,73.0,71.25,0.0,0,,0,,Normal,Classification automatique,VAL-011,2026-09-11 14:53:25.765674,2026-12-10 14:53:25.765674
CLS-000124,CRD-000124,CLI-000200,2026-02-27,Saine,B,Stage 1,0,0.0064,0.6767,0.0,0.0,0.0,0.0,0.0,1,,0,,Normal,Classification automatique,VAL-015,2026-09-11 14:53:25.768673,2026-12-10 14:53:25.768673
CLS-000125,CRD-000125,CLI-002281,2024-11-16,Saine,B,Stage 1,0,0.0191,0.4054,1723.79,13.36,13.5,12.98,0.0,1,,0,,Normal,Classification automatique,VAL-001,2026-09-11 14:53:25.770674,2026-12-10 14:53:25.770674
CLS-000126,CRD-000126,CLI-004750,2026-11-16,Saine,A,Stage 1,0,0.0106,0.4739,30939.06,154.95,175.11,172.01,0.0,0,2026-09-06,0,,Normal,Classification automatique,VAL-018,2026-09-11 14:53:25.773672,2026-12-10 14:53:25.773672
CLS-000127,CRD-000127,CLI-002221,2022-09-24,Saine,C,Stage 1,0,0.0157,0.5501,7763.68,67.26,79.58,76.51,0.0,0,,0,,Normal,Classification automatique,VAL-015,2026-09-11 14:53:25.775674,2026-12-10 14:53:25.775674
CLS-000128,CRD-000128,CLI-004772,2025-08-05,Saine,B,Stage 1,0,0.0161,0.3731,559357.33,3357.35,3568.88,3454.34,0.0,0,,0,,Normal,Classification automatique,VAL-014,2026-09-11 14:53:25.778673,2026-12-10 14:53:25.778673
CLS-000129,CRD-000129,CLI-002820,2025-05-08,Pré-douteuse,D,Stage 3,107,0.3131,0.4115,107236.18,13818.0,15460.99,15328.61,0.2,0,,0,,Retard de paiement,Classification automatique,VAL-013,2026-09-11 14:53:25.781695,2026-12-10 14:53:25.781695
CLS-000130,CRD-000130,CLI-003151,2024-05-27,Douteuse,D,Stage 3,315,0.4883,0.4338,15767.48,3339.77,3741.54,3698.63,0.5,1,,1,2024-06-17,Retard de paiement,Classification automatique,VAL-007,2026-09-11 14:53:25.784695,2026-12-10 14:53:25.784695
CLS-000131,CRD-000131,CLI-004257,2027-02-13,Saine,B,Stage 1,0,0.0172,0.381,157489.1,1031.77,1060.79,1058.19,0.0,0,,0,,Normal,Classification automatique,VAL-006,2026-09-11 14:53:25.786697,2026-12-10 14:53:25.786697
CLS-000132,CRD-000132,CLI-003108,2025-03-02,Saine,C,Stage 1,0,0.0165,0.4103,5048.01,34.11,40.05,39.75,0.0,0,,0,,Normal,Classification automatique,VAL-012,2026-09-11 14:53:25.789803,2026-12-10 14:53:25.789803
CLS-000133,CRD-000133,CLI-001974,2022-11-29,Saine,C,Stage 1,0,0.0174,0.6826,419160.71,4981.27,5707.86,5625.48,0.0,0,,0,,Normal,Classification automatique,VAL-003,2026-09-11 14:53:25.792804,2026-12-10 14:53:25.792804
CLS-000134,CRD-000134,CLI-001376,2026-04-27,Saine,B,Stage 1,0,0.0059,0.4153,1312.33,3.24,3.78,3.64,0.0,0,,0,,Normal,Classification automatique,VAL-018,2026-09-11 14:53:25.797804,2026-12-10 14:53:25.797804
CLS-000135,CRD-000135,CLI-003969,2022-08-06,Saine,B,Stage 1,0,0.0179,0.6061,14283.05,154.98,182.37,178.11,0.0,0,,0,,Normal,Classification automatique,VAL-016,2026-09-11 14:53:25.802804,2026-12-10 14:53:25.802804
CLS-000136,CRD-000136,CLI-004063,2026-07-02,Saine,C,Stage 1,0,0.0116,0.4553,21775.47,115.1,120.77,114.88,0.0,0,,0,,Normal,Classification automatique,VAL-014,2026-09-11 14:53:25.808195,2026-12-10 14:53:25.808195
CLS-000137,CRD-000137,CLI-004446,2025-05-23,Saine,B,Stage 1,0,0.0123,0.4419,931.78,5.06,5.47,5.46,0.0,0,,0,,Normal,Classification automatique,VAL-015,2026-09-11 14:53:25.813194,2026-12-10 14:53:25.813194
CLS-000138,CRD-000138,CLI-003558,2024-08-29,Saine,B,Stage 1,0,0.0073,0.5044,52571.08,192.78,229.03,219.52,0.0,0,,0,,Normal,Classification automatique,VAL-012,2026-09-11 14:53:25.818193,2026-12-10 14:53:25.818193
CLS-000139,CRD-000139,CLI-000965,2022-08-07,Saine,B,Stage 1,0,0.0174,0.7199,25763.86,322.97,370.96,359.65,0.0,0,,0,,Normal,Classification automatique,VAL-003,2026-09-11 14:53:25.822192,2026-12-10 14:53:25.822192
CLS-000140,CRD-000140,CLI-000180,2022-10-25,Saine,B,Stage 1,0,0.0117,0.2971,32372.45,112.05,133.21,130.65,0.0,0,,0,,Normal,Classification automatique,VAL-010,2026-09-11 14:53:25.827190,2026-12-10 14:53:25.827190
CLS-000141,CRD-000141,CLI-003699,2024-04-17,Saine,B,Stage 1,0,0.0166,0.693,871869.35,10008.68,11229.85,10871.2,0.0,0,,0,,Normal,Classification automatique,VAL-003,2026-09-11 14:53:25.831194,2026-12-10 14:53:25.831194
CLS-000142,CRD-000142,CLI-003822,2025-06-21,Saine,B,Stage 1,0,0.0128,0.5455,4592.2,32.01,32.87,32.29,0.0,0,,0,,Normal,Classification automatique,VAL-011,2026-09-11 14:53:25.836192,2026-12-10 14:53:25.836192
CLS-000143,CRD-000143,CLI-004879,2026-03-16,Saine,C,Stage 1,0,0.0125,0.3741,1941.2,9.1,9.38,9.03,0.0,0,,0,,Normal,Classification automatique,VAL-001,2026-09-11 14:53:25.842193,2026-12-10 14:53:25.842193
CLS-000144,CRD-000144,CLI-003900,2025-12-24,Saine,C,Stage 1,0,0.0059,0.2712,4398.33,7.08,7.73,7.62,0.0,0,,0,,Normal,Classification automatique,VAL-008,2026-09-11 14:53:25.848196,2026-12-10 14:53:25.848196
CLS-000145,CRD-000145,CLI-004488,2023-01-29,Saine,C,Stage 1,0,0.0124,0.5007,34038.25,211.79,237.64,237.43,0.0,0,,0,,Normal,Classification automatique,VAL-006,2026-09-11 14:53:25.854192,2026-12-10 14:53:25.854192
CLS-000146,CRD-000146,CLI-003239,2026-09-16,Saine,C,Stage 1,0,0.0102,0.5435,13067.94,72.26,75.9,74.79,0.0,0,,0,,Normal,Classification automatique,VAL-006,2026-09-11 14:53:25.859192,2026-12-10 14:53:25.859192
CLS-000147,CRD-000147,CLI-002975,2025-09-06,Saine,C,Stage 2,42,0.1448,0.4147,7721.97,463.57,502.16,491.7,0.0,0,,0,,Retard de paiement,Classification automatique,VAL-016,2026-09-11 14:53:25.865204,2026-12-10 14:53:25.865204
CLS-000148,CRD-000148,CLI-003581,2023-04-07,Saine,B,Stage 1,0,0.0186,0.5254,9478.19,92.86,97.48,94.76,0.0,0,,0,,Normal,Classification automatique,VAL-014,2026-09-11 14:53:25.871199,2026-12-10 14:53:25.871199
CLS-000149,CRD-000149,CLI-002888,2026-03-06,Saine,B,Stage 1,0,0.0106,0.4249,29973.32,135.11,147.42,140.08,0.0,0,,0,,Normal,Classification automatique,VAL-006,2026-09-11 14:53:25.874201,2026-12-10 14:53:25.874201
CLS-000150,CRD-000150,CLI-002576,2024-04-12,Saine,B,Stage 1,0,0.0082,0.3146,78993.12,203.13,216.72,208.69,0.0,0,,0,,Normal,Classification automatique,VAL-014,2026-09-11 14:53:25.878195,2026-12-10 14:53:25.878195
CLS-000151,CRD-000151,CLI-001420,2024-06-07,Saine,C,Stage 1,0,0.0056,0.4929,14521.93,39.82,43.97,42.54,0.0,0,,0,,Normal,Classification automatique,VAL-012,2026-09-11 14:53:25.881196,2026-12-10 14:53:25.881196
CLS-000152,CRD-000152,CLI-003908,2026-01-14,Saine,C,Stage 1,0,0.0185,0.3042,15200.59,85.65,90.47,90.09,0.0,1,,0,,Normal,Classification automatique,VAL-012,2026-09-11 14:53:25.884197,2026-12-10 14:53:25.884197
CLS-000153,CRD-000153,CLI-004674,2023-03-22,Saine,C,Stage 1,0,0.0054,0.6391,24299.14,83.76,99.57,98.67,0.0,0,,0,,Normal,Classification automatique,VAL-011,2026-09-11 14:53:25.888192,2026-12-10 14:53:25.888192
CLS-000154,CRD-000154,CLI-004903,2025-03-01,Saine,B,Stage 1,0,0.0112,0.4436,1047687.02,5189.11,5301.18,5093.11,0.0,0,,0,,Normal,Classification automatique,VAL-016,2026-09-11 14:53:25.891355,2026-12-10 14:53:25.891355
CLS-000155,CRD-000155,CLI-001861,2024-09-02,Saine,B,Stage 1,0,0.0189,0.7411,5189.91,72.64,81.78,81.29,0.0,0,,0,,Normal,Classification automatique,VAL-002,2026-09-11 14:53:25.894335,2026-12-10 14:53:25.894335
CLS-000156,CRD-000156,CLI-000009,2024-10-26,Saine,C,Stage 1,0,0.0068,0.64,18382.82,80.05,87.23,86.86,0.0,1,,0,,Normal,Classification automatique,VAL-018,2026-09-11 14:53:25.897337,2026-12-10 14:53:25.897337
CLS-000157,CRD-000157,CLI-002895,2022-12-14,Saine,C,Stage 1,0,0.014,0.68,99843.46,951.25,1124.95,1111.06,0.0,1,,0,,Normal,Classification automatique,VAL-015,2026-09-11 14:53:25.901537,2026-12-10 14:53:25.901537
CLS-000158,CRD-000158,CLI-002848,2024-12-23,Saine,C,Stage 2,80,0.0886,0.4342,4424.7,170.14,201.46,199.3,0.0,0,,0,,Retard de paiement,Classification automatique,VAL-011,2026-09-11 14:53:25.904537,2026-12-10 14:53:25.904537
CLS-000159,CRD-000159,CLI-003665,2022-08-10,Saine,B,Stage 1,0,0.0186,0.5842,3307.62,35.91,41.99,41.49,0.0,0,,0,,Normal,Classification automatique,VAL-014,2026-09-11 14:53:25.907537,2026-12-10 14:53:25.907537
CLS-000160,CRD-000160,CLI-000145,2023-08-28,Saine,C,Stage 1,0,0.0087,0.6766,29460.23,173.09,203.23,193.27,0.0,0,,0,,Normal,Classification automatique,VAL-009,2026-09-11 14:53:25.909538,2026-12-10 14:53:25.909538
CLS-000161,CRD-000161,CLI-002105,2023-11-04,Saine,B,Stage 1,0,0.0132,0.4837,2658.05,16.91,18.62,18.07,0.0,0,,0,,Normal,Classification automatique,VAL-009,2026-09-11 14:53:25.912538,2026-12-10 14:53:25.912538
CLS-000162,CRD-000162,CLI-003144,2024-04-05,Saine,B,Stage 1,0,0.0135,0.6162,17611.76,146.54,159.52,155.2,0.0,0,,0,,Normal,Classification automatique,VAL-003,2026-09-11 14:53:25.915681,2026-12-10 14:53:25.915681
CLS-000163,CRD-000163,CLI-000842,2023-08-09,Saine,C,Stage 1,0,0.0121,0.4481,9412.18,50.83,52.68,52.44,0.0,0,,0,,Normal,Classification automatique,VAL-020,2026-09-11 14:53:25.917683,2026-12-10 14:53:25.917683
CLS-000164,CRD-000164,CLI-001129,2023-07-08,Saine,C,Stage 1,0,0.0072,0.3693,4086.32,10.9,12.24,12.19,0.0,0,,0,,Normal,Classification automatique,VAL-015,2026-09-11 14:53:25.920680,2026-12-10 14:53:25.920680
CLS-000165,CRD-000165,CLI-000152,2022-03-22,Saine,C,Stage 2,89,0.0721,0.4111,126085.35,3739.68,3908.28,3814.8,0.0,0,,0,,Retard de paiement,Classification automatique,VAL-016,2026-09-11 14:53:25.923677,2026-12-10 14:53:25.923677
CLS-000166,CRD-000166,CLI-003592,2022-12-26,Saine,C,Stage 1,0,0.0185,0.5209,252371.66,2435.3,2576.37,2461.64,0.0,0,,0,,Normal,Classification automatique,VAL-017,2026-09-11 14:53:25.925809,2026-12-10 14:53:25.925809
CLS-000167,CRD-000167,CLI-001053,2023-08-30,Saine,C,Stage 1,0,0.0185,0.5407,15358.24,153.69,167.85,161.61,0.0,0,,0,,Normal,Classification automatique,VAL-013,2026-09-11 14:53:25.927816,2026-12-10 14:53:25.927816
CLS-000168,CRD-000168,CLI-001591,2024-12-13,Saine,C,Stage 1,0,0.0094,0.3798,4200.37,14.99,15.83,15.52,0.0,0,,0,,Normal,Classification automatique,VAL-019,2026-09-11 14:53:25.930814,2026-12-10 14:53:25.930814
CLS-000169,CRD-000169,CLI-003009,2022-11-18,Pré-douteuse,D,Stage 3,115,0.2224,0.255,10588.15,600.28,694.13,676.54,0.2,0,,0,,Retard de paiement,Classification automatique,VAL-007,2026-09-11 14:53:25.933813,2026-12-10 14:53:25.933813
CLS-000170,CRD-000170,CLI-002030,2025-08-20,Saine,C,Stage 1,0,0.0148,0.2451,12243.12,44.33,45.41,44.18,0.0,0,,0,,Normal,Classification automatique,VAL-007,2026-09-11 14:53:25.935814,2026-12-10 14:53:25.935814
CLS-000171,CRD-000171,CLI-003419,2026-10-05,Saine,B,Stage 1,0,0.0118,0.5022,39836.7,235.94,243.48,231.85,0.0,0,,0,,Normal,Classification automatique,VAL-012,2026-09-11 14:53:25.938812,2026-12-10 14:53:25.938812
CLS-000172,CRD-000172,CLI-001808,2024-04-13,Saine,C,Stage 1,0,0.0091,0.5591,8830.9,44.77,49.05,46.85,0.0,0,,0,,Normal,Classification automatique,VAL-008,2026-09-11 14:53:25.940950,2026-12-10 14:53:25.940950
CLS-000173,CRD-000173,CLI-002697,2026-01-15,Saine,C,Stage 1,0,0.0177,0.642,24542.14,279.58,287.54,275.77,0.0,0,,0,,Normal,Classification automatique,VAL-005,2026-09-11 14:53:25.943955,2026-12-10 14:53:25.943955
CLS-000174,CRD-000174,CLI-003040,2026-10-31,Saine,C,Stage 1,0,0.0138,0.3296,6926.06,31.44,35.13,34.34,0.0,0,,0,,Normal,Classification automatique,VAL-006,2026-09-11 14:53:25.946938,2026-12-10 14:53:25.946938
CLS-000175,CRD-000175,CLI-000473,2023-10-30,Saine,C,Stage 1,0,0.0093,0.2737,10661.88,27.0,28.85,28.01,0.0,0,,0,,Normal,Classification automatique,VAL-012,2026-09-11 14:53:25.950157,2026-12-10 14:53:25.950157
CLS-000176,CRD-000176,CLI-003290,2024-01-16,Saine,B,Stage 1,0,0.008,0.4396,11917.27,41.85,42.32,41.1,0.0,0,,0,,Normal,Classification automatique,VAL-009,2026-09-11 14:53:25.953157,2026-12-10 14:53:25.953157
CLS-000177,CRD-000177,CLI-004075,2025-02-28,Saine,C,Stage 1,0,0.0077,0.3836,7890.73,23.22,23.59,22.62,0.0,0,,0,,Normal,Classification automatique,VAL-015,2026-09-11 14:53:25.956156,2026-12-10 14:53:25.956156
CLS-000178,CRD-000178,CLI-003497,2024-11-09,Saine,C,Stage 1,0,0.0112,0.4333,244866.92,1191.65,1298.2,1277.1,0.0,0,,0,,Normal,Classification automatique,VAL-015,2026-09-11 14:53:25.959161,2026-12-10 14:53:25.959161
CLS-000179,CRD-000179,CLI-000280,2026-01-21,Saine,C,Stage 1,0,0.0192,0.5661,6777.27,73.59,84.69,84.6,0.0,0,,0,,Normal,Classification automatique,VAL-008,2026-09-11 14:53:25.962157,2026-12-10 14:53:25.962157
CLS-000180,CRD-000180,CLI-001742,2025-07-25,Pré-douteuse,D,Stage 3,136,0.1742,0.4463,2305.92,179.32,189.94,183.43,0.2,0,,0,,Retard de paiement,Classification automatique,VAL-009,2026-09-11 14:53:25.966938,2026-12-10 14:53:25.966938
CLS-000181,CRD-000181,CLI-004625,2023-06-14,Saine,A,Stage 1,0,0.012,0.4707,27688.42,155.74,168.1,160.87,0.0,0,,0,,Normal,Classification automatique,VAL-019,2026-09-11 14:53:25.970940,2026-12-10 14:53:25.970940
CLS-000182,CRD-000182,CLI-002887,2024-06-11,Saine,C,Stage 1,0,0.0173,0.3261,5658.68,31.92,33.1,32.2,0.0,0,,0,,Normal,Classification automatique,VAL-020,2026-09-11 14:53:25.973942,2026-12-10 14:53:25.973942
CLS-000183,CRD-000183,CLI-001942,2024-06-20,Saine,C,Stage 1,0,0.0109,0.5031,1470.98,8.06,8.33,8.28,0.0,1,,0,,Normal,Classification automatique,VAL-016,2026-09-11 14:53:25.976941,2026-12-10 14:53:25.976941
CLS-000184,CRD-000184,CLI-000101,2025-04-03,Saine,C,Stage 1,0,0.0144,0.5055,6490.35,47.17,53.6,51.45,0.0,0,,0,,Normal,Classification automatique,VAL-014,2026-09-11 14:53:25.979940,2026-12-10 14:53:25.979940
CLS-000185,CRD-000185,CLI-002805,2021-12-19,Saine,C,Stage 1,0,0.0065,0.4577,130186.45,388.02,389.18,384.96,0.0,0,,0,,Normal,Classification automatique,VAL-003,2026-09-11 14:53:25.983939,2026-12-10 14:53:25.983939
CLS-000186,CRD-000186,CLI-003571,2024-01-22,Saine,C,Stage 1,0,0.0075,0.3756,13756.52,38.88,41.85,41.69,0.0,0,,0,,Normal,Classification automatique,VAL-018,2026-09-11 14:53:25.986944,2026-12-10 14:53:25.986944
CLS-000187,CRD-000187,CLI-003685,2026-05-19,Saine,B,Stage 1,0,0.0052,0.5366,7178.56,20.07,22.4,22.3,0.0,0,,0,,Normal,Classification automatique,VAL-011,2026-09-11 14:53:25.989945,2026-12-10 14:53:25.989945
CLS-000188,CRD-000188,CLI-003662,2023-12-03,Saine,C,Stage 1,0,0.0054,0.4388,57511.25,135.57,143.72,141.66,0.0,0,,0,,Normal,Classification automatique,VAL-012,2026-09-11 14:53:25.992937,2026-12-10 14:53:25.992937
CLS-000189,CRD-000189,CLI-000531,2025-07-18,Saine,C,Stage 2,24,0.0237,0.5509,8395.48,109.61,110.36,109.97,0.0,0,,0,,Normal,Classification automatique,VAL-020,2026-09-11 14:53:25.996946,2026-12-10 14:53:25.996946
CLS-000190,CRD-000190,CLI-001887,2024-02-20,Saine,C,Stage 1,0,0.0138,0.4967,246881.09,1696.74,1938.03,1842.9,0.0,0,,0,,Normal,Classification automatique,VAL-007,2026-09-11 14:53:26.001101,2026-12-10 14:53:26.001101
CLS-000191,CRD-000191,CLI-000682,2024-06-27,Saine,C,Stage 1,0,0.0183,0.4879,24107.78,215.79,222.2,215.81,0.0,0,,0,,Normal,Classification automatique,VAL-009,2026-09-11 14:53:26.005100,2026-12-10 14:53:26.005100
CLS-000192,CRD-000192,CLI-003795,2025-01-31,Saine,C,Stage 1,0,0.009,0.5334,40655.63,195.05,198.5,190.67,0.0,0,,0,,Normal,Classification automatique,VAL-007,2026-09-11 14:53:26.009102,2026-12-10 14:53:26.009102
CLS-000193,CRD-000193,CLI-003945,2026-09-12,Saine,C,Stage 1,0,0.0052,0.2288,20351.09,24.34,28.24,27.48,0.0,0,,0,,Normal,Classification automatique,VAL-001,2026-09-11 14:53:26.013081,2026-12-10 14:53:26.013081
CLS-000194,CRD-000194,CLI-004667,2022-10-10,Saine,C,Stage 1,0,0.0091,0.4497,23937.64,98.38,114.99,110.06,0.0,0,,0,,Normal,Classification automatique,VAL-006,2026-09-11 14:53:26.017259,2026-12-10 14:53:26.017259
CLS-000195,CRD-000195,CLI-002019,2024-07-19,Saine,A,Stage 1,0,0.0162,0.485,279911.34,2197.43,2464.59,2398.4,0.0,0,,0,,Normal,Classification automatique,VAL-013,2026-09-11 14:53:26.021261,2026-12-10 14:53:26.021261
CLS-000196,CRD-000196,CLI-001097,2024-06-17,Saine,B,Stage 1,0,0.0057,0.5004,91201.8,258.25,282.18,273.6,0.0,0,,0,,Normal,Classification automatique,VAL-007,2026-09-11 14:53:26.025461,2026-12-10 14:53:26.025461
CLS-000197,CRD-000197,CLI-000830,2024-07-26,Saine,C,Stage 1,0,0.0069,0.3786,9315.49,24.22,27.43,26.66,0.0,0,,0,,Normal,Classification automatique,VAL-018,2026-09-11 14:53:26.029464,2026-12-10 14:53:26.029464
CLS-000198,CRD-000198,CLI-002806,2026-08-18,Saine,B,Stage 1,0,0.0152,0.7287,23016.57,254.66,297.07,288.91,0.0,0,,0,,Normal,Classification automatique,VAL-013,2026-09-11 14:53:26.033460,2026-12-10 14:53:26.033460
CLS-000199,CRD-000199,CLI-003830,2021-11-01,Saine,B,Stage 1,0,0.0194,0.4846,0.0,0.0,0.0,0.0,0.0,0,,0,,Normal,Classification automatique,VAL-012,2026-09-11 14:53:26.037462,2026-12-10 14:53:26.037462
CLS-000200,CRD-000200,CLI-004382,2027-02-26,Saine,B,Stage 1,0,0.0089,0.4919,10289.97,44.95,45.35,43.25,0.0,0,,0,,Normal,Classification automatique,VAL-020,2026-09-11 14:53:26.040462,2026-12-10 14:53:26.040462
CLS-000201,CRD-000201,CLI-003892,2026-02-26,Saine,C,Stage 2,33,0.074,0.3482,47414.55,1222.26,1306.74,1290.05,0.0,1,,0,,Retard de paiement,Classification automatique,VAL-014,2026-09-11 14:53:26.044464,2026-12-10 14:53:26.044464
CLS-000202,CRD-000202,CLI-000765,2024-03-05,Saine,C,Stage 1,0,0.0071,0.4785,42928.41,145.52,172.82,164.87,0.0,0,,0,,Normal,Classification automatique,VAL-006,2026-09-11 14:53:26.048463,2026-12-10 14:53:26.048463
CLS-000203,CRD-000203,CLI-002768,2024-02-13,Saine,A,Stage 1,0,0.0128,0.4507,3595.61,20.75,24.42,24.42,0.0,0,,0,,Normal,Classification automatique,VAL-006,2026-09-11 14:53:26.052466,2026-12-10 14:53:26.052466
CLS-000204,CRD-000204,CLI-004329,2025-12-19,Saine,C,Stage 2,48,0.0645,0.4546,42443.61,1244.51,1312.79,1276.44,0.0,0,,0,,Retard de paiement,Classification automatique,VAL-002,2026-09-11 14:53:26.056468,2026-12-10 14:53:26.056468
CLS-000205,CRD-000205,CLI-003296,2023-11-18,Saine,C,Stage 1,0,0.0154,0.7148,4130.92,45.59,46.65,45.37,0.0,0,,0,,Normal,Classification automatique,VAL-015,2026-09-11 14:53:26.060463,2026-12-10 14:53:26.060463
CLS-000206,CRD-000206,CLI-002195,2021-10-31,Saine,B,Stage 1,0,0.0073,0.4041,6603.79,19.46,22.91,22.22,0.0,0,,0,,Normal,Classification automatique,VAL-015,2026-09-11 14:53:26.065481,2026-12-10 14:53:26.065481
CLS-000207,CRD-000207,CLI-002358,2024-04-19,Saine,C,Stage 1,0,0.0181,0.3187,27731.85,159.84,165.89,160.84,0.0,0,,0,,Normal,Classification automatique,VAL-002,2026-09-11 14:53:26.069467,2026-12-10 14:53:26.069467
CLS-000208,CRD-000208,CLI-003426,2027-02-24,Saine,B,Stage 1,0,0.0107,0.404,5261.29,22.72,24.43,23.82,0.0,0,,0,,Normal,Classification automatique,VAL-020,2026-09-11 14:53:26.075468,2026-12-10 14:53:26.075468
CLS-000209,CRD-000209,CLI-003980,2024-01-19,Saine,C,Stage 1,0,0.0095,0.4742,186347.15,837.7,934.39,895.57,0.0,0,,0,,Normal,Classification automatique,VAL-003,2026-09-11 14:53:26.080468,2026-12-10 14:53:26.080468
CLS-000210,CRD-000210,CLI-000912,2023-04-21,Saine,C,Stage 1,0,0.0178,0.3525,288541.42,1810.1,1939.7,1897.08,0.0,0,,0,,Normal,Classification automatique,VAL-012,2026-09-11 14:53:26.083460,2026-12-10 14:53:26.083460
CLS-000211,CRD-000211,CLI-003146,2025-11-28,Saine,A,Stage 1,0,0.0191,0.2297,153796.12,674.24,801.08,771.29,0.0,0,,0,,Normal,Classification automatique,VAL-012,2026-09-11 14:53:26.087458,2026-12-10 14:53:26.087458
CLS-000212,CRD-000212,CLI-001000,2025-01-09,Saine,B,Stage 1,0,0.0198,0.5273,103189.46,1079.18,1263.41,1226.32,0.0,0,,0,,Normal,Classification automatique,VAL-009,2026-09-11 14:53:26.090459,2026-12-10 14:53:26.090459
CLS-000213,CRD-000213,CLI-003654,2024-11-07,Saine,C,Stage 1,0,0.015,0.5056,2641.42,20.03,23.84,23.68,0.0,0,,0,,Normal,Classification automatique,VAL-013,2026-09-11 14:53:26.094481,2026-12-10 14:53:26.094481
CLS-000214,CRD-000214,CLI-002484,2023-04-14,Saine,C,Stage 1,0,0.0133,0.418,248082.96,1381.27,1531.02,1494.64,0.0,0,,0,,Normal,Classification automatique,VAL-013,2026-09-11 14:53:26.099288,2026-12-10 14:53:26.099288
CLS-000215,CRD-000215,CLI-004077,2026-03-20,Douteuse,D,Stage 3,327,0.4486,0.536,284139.7,68319.23,70492.32,69264.67,0.5,0,,1,2026-03-10,Retard de paiement,Classification automatique,VAL-006,2026-09-11 14:53:26.103098,2026-12-10 14:53:26.103098
CLS-000216,CRD-000216,CLI-002371,2026-05-28,Saine,B,Stage 1,0,0.0188,0.3654,64016.31,439.2,450.65,435.78,0.0,0,,0,,Normal,Classification automatique,VAL-002,2026-09-11 14:53:26.106886,2026-12-10 14:53:26.106886
CLS-000217,CRD-000217,CLI-004839,2025-08-15,Saine,C,Stage 1,0,0.0185,0.3907,162391.01,1174.65,1394.74,1350.35,0.0,0,,0,,Normal,Classification automatique,VAL-003,2026-09-11 14:53:26.110710,2026-12-10 14:53:26.110710
CLS-000218,CRD-000218,CLI-000034,2027-02-04,Saine,A,Stage 1,0,0.0112,0.4466,12035.92,60.31,65.64,62.65,0.0,0,,0,,Normal,Classification automatique,VAL-009,2026-09-11 14:53:26.114463,2026-12-10 14:53:26.114463
CLS-000219,CRD-000219,CLI-003790,2025-01-10,Saine,C,Stage 1,0,0.0098,0.3742,5715.56,20.98,21.27,20.99,0.0,0,,0,,Normal,Classification automatique,VAL-006,2026-09-11 14:53:26.119839,2026-12-10 14:53:26.119839
CLS-000220,CRD-000220,CLI-001021,2026-03-12,Saine,C,Stage 1,0,0.0122,0.365,234435.38,1040.51,1108.9,1064.36,0.0,1,,0,,Normal,Classification automatique,VAL-007,2026-09-11 14:53:26.125646,2026-12-10 14:53:26.125646
CLS-000221,CRD-000221,CLI-001648,2024-06-08,Saine,C,Stage 1,0,0.0127,0.5272,468800.7,3133.15,3137.57,3028.55,0.0,0,,0,,Normal,Classification automatique,VAL-014,2026-09-11 14:53:26.129835,2026-12-10 14:53:26.129835
CLS-000222,CRD-000222,CLI-000734,2027-02-22,Saine,A,Stage 1,0,0.016,0.4385,304778.77,2142.39,2395.31,2326.66,0.0,0,,0,,Normal,Classification automatique,VAL-003,2026-09-11 14:53:26.133837,2026-12-10 14:53:26.133837
CLS-000223,CRD-000223,CLI-004583,2023-11-04,Saine,A,Stage 1,0,0.0066,0.2296,31388.37,47.32,52.12,50.22,0.0,0,,0,,Normal,Classification automatique,VAL-020,2026-09-11 14:53:26.136836,2026-12-10 14:53:26.136836
CLS-000224,CRD-000224,CLI-003275,2022-10-08,Saine,C,Stage 1,0,0.0173,0.3332,7770.91,44.69,47.83,46.04,0.0,0,,0,,Normal,Classification automatique,VAL-016,2026-09-11 14:53:26.141039,2026-12-10 14:53:26.141039
CLS-000225,CRD-000225,CLI-001621,2022-09-11,Saine,B,Stage 1,0,0.0052,0.4787,400287.2,992.12,1012.68,982.71,0.0,0,,0,,Normal,Classification automatique,VAL-010,2026-09-11 14:53:26.143696,2026-12-10 14:53:26.143696
CLS-000226,CRD-000226,CLI-003136,2023-08-17,Saine,C,Stage 1,0,0.0146,0.5065,1929.11,14.24,17.02,16.68,0.0,0,,0,,Normal,Classification automatique,VAL-014,2026-09-11 14:53:26.146696,2026-12-10 14:53:26.146696
CLS-000227,CRD-000227,CLI-002690,2024-04-24,Saine,C,Stage 1,0,0.0126,0.2749,7239.53,24.97,26.96,26.0,0.0,0,,0,,Normal,Classification automatique,VAL-014,2026-09-11 14:53:26.148697,2026-12-10 14:53:26.148697
CLS-000228,CRD-000228,CLI-002708,2023-01-11,Saine,C,Stage 1,0,0.006,0.4869,14670.95,43.06,44.8,43.85,0.0,0,,0,,Normal,Classification automatique,VAL-006,2026-09-11 14:53:26.151882,2026-12-10 14:53:26.151882
CLS-000229,CRD-000229,CLI-000298,2024-04-10,Saine,B,Stage 1,0,0.0091,0.4461,6457.27,26.12,26.47,25.61,0.0,0,,0,,Normal,Classification automatique,VAL-006,2026-09-11 14:53:26.154869,2026-12-10 14:53:26.154869
CLS-000230,CRD-000230,CLI-002340,2024-09-11,Pré-douteuse,D,Stage 3,101,0.346,0.4305,44335.39,6603.89,7811.42,7451.71,0.2,0,,0,,Retard de paiement,Classification automatique,VAL-019,2026-09-11 14:53:26.156868,2026-12-10 14:53:26.156868
CLS-000231,CRD-000231,CLI-000654,2025-03-29,Saine,B,Stage 1,0,0.0111,0.2648,7117.38,20.85,21.78,21.07,0.0,0,,0,,Normal,Classification automatique,VAL-020,2026-09-11 14:53:26.159868,2026-12-10 14:53:26.159868
CLS-000232,CRD-000232,CLI-003775,2024-05-26,Saine,C,Stage 1,0,0.0113,0.41,13618.67,62.91,74.58,73.86,0.0,0,,0,,Normal,Classification automatique,VAL-011,2026-09-11 14:53:26.161869,2026-12-10 14:53:26.161869
CLS-000233,CRD-000233,CLI-001256,2024-03-05,Saine,C,Stage 1,0,0.0146,0.3961,19383.58,112.04,128.09,127.51,0.0,0,,0,,Normal,Classification automatique,VAL-002,2026-09-11 14:53:26.165028,2026-12-10 14:53:26.165028
CLS-000234,CRD-000234,CLI-004521,2025-05-04,Saine,C,Stage 1,0,0.0071,0.3098,1382.77,3.03,3.48,3.46,0.0,0,,0,,Normal,Classification automatique,VAL-013,2026-09-11 14:53:26.167028,2026-12-10 14:53:26.167028
CLS-000235,CRD-000235,CLI-000231,2022-07-31,Pré-douteuse,D,Stage 3,156,0.326,0.4176,431.26,58.7,64.72,63.65,0.2,0,,0,,Retard de paiement,Classification automatique,VAL-014,2026-09-11 14:53:26.170030,2026-12-10 14:53:26.170030
CLS-000236,CRD-000236,CLI-003277,2023-09-22,Saine,C,Stage 1,0,0.0068,0.4628,95225.19,301.46,331.26,329.3,0.0,0,,0,,Normal,Classification automatique,VAL-020,2026-09-11 14:53:26.173028,2026-12-10 14:53:26.173028
CLS-000237,CRD-000237,CLI-003231,2022-02-19,Saine,C,Stage 1,0,0.0165,0.5427,4135.15,36.98,43.82,42.68,0.0,0,2024-11-28,0,,Normal,Classification automatique,VAL-007,2026-09-11 14:53:26.175222,2026-12-10 14:53:26.175222
CLS-000238,CRD-000238,CLI-000692,2024-11-02,Saine,C,Stage 1,0,0.0168,0.3955,9648.75,64.22,74.96,73.6,0.0,0,,0,,Normal,Classification automatique,VAL-020,2026-09-11 14:53:26.178224,2026-12-10 14:53:26.178224
CLS-000239,CRD-000239,CLI-002755,2024-04-07,Saine,C,Stage 1,0,0.017,0.4807,0.0,0.0,0.0,0.0,0.0,0,,0,,Normal,Classification automatique,VAL-009,2026-09-11 14:53:26.181224,2026-12-10 14:53:26.181224
CLS-000240,CRD-000240,CLI-004864,2024-07-28,Saine,B,Stage 1,0,0.0138,0.4853,18311.78,122.82,126.17,123.17,0.0,0,,0,,Normal,Classification automatique,VAL-015,2026-09-11 14:53:26.183227,2026-12-10 14:53:26.183227
CLS-000241,CRD-000241,CLI-000970,2024-01-09,Saine,B,Stage 1,0,0.0094,0.5032,3239.31,15.29,17.88,17.01,0.0,0,,0,,Normal,Classification automatique,VAL-020,2026-09-11 14:53:26.186225,2026-12-10 14:53:26.186225
CLS-000242,CRD-000242,CLI-000634,2021-09-27,Saine,C,Stage 1,0,0.0195,0.3838,338681.91,2529.94,3006.76,2995.76,0.0,0,,0,,Normal,Classification automatique,VAL-009,2026-09-11 14:53:26.189224,2026-12-10 14:53:26.189224
CLS-000243,CRD-000243,CLI-004093,2025-08-13,Saine,B,Stage 1,0,0.0162,0.5155,7167.11,59.83,65.94,63.88,0.0,0,,0,,Normal,Classification automatique,VAL-001,2026-09-11 14:53:26.193208,2026-12-10 14:53:26.193208
CLS-000244,CRD-000244,CLI-004078,2025-12-19,Saine,B,Stage 1,0,0.0054,0.5421,9703.31,28.54,30.01,29.34,0.0,0,,0,,Normal,Classification automatique,VAL-015,2026-09-11 14:53:26.196208,2026-12-10 14:53:26.196208
CLS-000245,CRD-000245,CLI-001322,2026-03-30,Saine,C,Stage 1,0,0.0196,0.5295,48506.64,502.23,595.58,571.61,0.0,0,,0,,Normal,Classification automatique,VAL-010,2026-09-11 14:53:26.199208,2026-12-10 14:53:26.199208
CLS-000246,CRD-000246,CLI-001832,2023-02-18,Douteuse,D,Stage 3,229,0.3854,0.4642,105465.19,18869.82,21874.71,21033.93,0.5,0,2026-04-30,1,2022-10-18,Retard de paiement,Classification automatique,VAL-011,2026-09-11 14:53:26.203868,2026-12-10 14:53:26.203868
CLS-000247,CRD-000247,CLI-002179,2024-08-24,Saine,C,Stage 1,0,0.0185,0.4936,2774.32,25.36,28.07,27.04,0.0,0,,0,,Normal,Classification automatique,VAL-011,2026-09-11 14:53:26.206868,2026-12-10 14:53:26.206868
CLS-000248,CRD-000248,CLI-001418,2022-12-05,Saine,C,Stage 1,0,0.017,0.4299,134365.71,980.03,1060.13,1040.16,0.0,0,,0,,Normal,Classification automatique,VAL-016,2026-09-11 14:53:26.208870,2026-12-10 14:53:26.208870
CLS-000249,CRD-000249,CLI-001783,2026-04-06,Saine,B,Stage 1,0,0.0156,0.4848,3130854.13,23606.07,25166.19,24183.22,0.0,0,,0,,Normal,Classification automatique,VAL-002,2026-09-11 14:53:26.211868,2026-12-10 14:53:26.211868
CLS-000250,CRD-000250,CLI-004716,2022-05-18,Saine,C,Stage 1,0,0.0106,0.3867,424076.67,1741.15,1998.77,1939.58,0.0,0,,0,,Normal,Classification automatique,VAL-014,2026-09-11 14:53:26.214869,2026-12-10 14:53:26.214869
CLS-000251,CRD-000251,CLI-004702,2023-02-01,Saine,B,Stage 1,0,0.015,0.5054,20203.39,153.61,176.59,171.83,0.0,0,,0,,Normal,Classification automatique,VAL-011,2026-09-11 14:53:26.217886,2026-12-10 14:53:26.217886
CLS-000252,CRD-000252,CLI-004119,2026-10-27,Saine,C,Stage 1,0,0.0106,0.4495,0.0,0.0,0.0,0.0,0.0,0,,0,,Normal,Classification automatique,VAL-003,2026-09-11 14:53:26.220891,2026-12-10 14:53:26.220891
CLS-000253,CRD-000253,CLI-001653,2025-06-05,Saine,C,Stage 2,87,0.0759,0.4281,306672.08,9966.56,11891.65,11354.78,0.0,0,,0,,Retard de paiement,Classification automatique,VAL-010,2026-09-11 14:53:26.223890,2026-12-10 14:53:26.223890
CLS-000254,CRD-000254,CLI-001484,2026-02-20,Saine,B,Stage 1,0,0.0194,0.4656,13296.07,120.31,131.34,129.77,0.0,0,,0,,Normal,Classification automatique,VAL-010,2026-09-11 14:53:26.225890,2026-12-10 14:53:26.225890
CLS-000255,CRD-000255,CLI-002276,2024-05-09,Saine,C,Stage 1,0,0.0117,0.4309,7239.29,36.55,38.94,38.24,0.0,0,,0,,Normal,Classification automatique,VAL-020,2026-09-11 14:53:26.229886,2026-12-10 14:53:26.229886
CLS-000256,CRD-000256,CLI-000878,2024-12-24,Douteuse,D,Stage 3,299,0.4077,0.5731,32387.07,7566.39,8960.04,8945.18,0.5,1,,1,2024-11-28,Retard de paiement,Classification automatique,VAL-014,2026-09-11 14:53:26.232890,2026-12-10 14:53:26.232890
CLS-000257,CRD-000257,CLI-003526,2026-01-15,Douteuse,D,Stage 3,192,0.5519,0.4233,17037.54,3980.03,4612.47,4492.35,0.5,0,,1,2026-01-28,Retard de paiement,Classification automatique,VAL-007,2026-09-11 14:53:26.235891,2026-12-10 14:53:26.235891
CLS-000258,CRD-000258,CLI-002017,2024-10-26,Saine,B,Stage 1,0,0.0114,0.4451,75051.87,382.09,454.21,445.53,0.0,0,,0,,Normal,Classification automatique,VAL-020,2026-09-11 14:53:26.237893,2026-12-10 14:53:26.237893
CLS-000259,CRD-000259,CLI-000427,2024-04-18,Saine,B,Stage 1,0,0.0191,0.3063,4104.0,24.06,27.52,27.36,0.0,0,,0,,Normal,Classification automatique,VAL-008,2026-09-11 14:53:26.242874,2026-12-10 14:53:26.242874
CLS-000260,CRD-000260,CLI-000627,2023-04-12,Saine,C,Stage 2,9,0.0373,0.2888,315769.45,3400.34,3807.94,3764.23,0.0,0,,0,,Normal,Classification automatique,VAL-016,2026-09-11 14:53:26.249869,2026-12-10 14:53:26.249869
CLS-000261,CRD-000261,CLI-001590,2027-05-10,Saine,B,Stage 1,0,0.0054,0.3893,1603.12,3.35,3.93,3.87,0.0,0,,0,,Normal,Classification automatique,VAL-016,2026-09-11 14:53:26.252890,2026-12-10 14:53:26.252890
CLS-000262,CRD-000262,CLI-002224,2023-03-12,Saine,C,Stage 1,0,0.0185,0.5288,3628.3,35.47,41.49,39.68,0.0,0,,0,,Normal,Classification automatique,VAL-003,2026-09-11 14:53:26.254885,2026-12-10 14:53:26.254885
CLS-000263,CRD-000263,CLI-002218,2027-04-17,Saine,C,Stage 1,0,0.0139,0.4408,21703.0,132.88,133.69,132.55,0.0,0,,0,,Normal,Classification automatique,VAL-009,2026-09-11 14:53:26.257891,2026-12-10 14:53:26.257891
CLS-000264,CRD-000264,CLI-004484,2026-06-01,Saine,C,Stage 1,0,0.0115,0.5706,274.59,1.81,2.12,2.05,0.0,0,,0,,Normal,Classification automatique,VAL-007,2026-09-11 14:53:26.259892,2026-12-10 14:53:26.259892
CLS-000265,CRD-000265,CLI-001486,2027-04-26,Saine,C,Stage 1,0,0.0167,0.5018,5294.74,44.41,50.73,48.34,0.0,1,,0,,Normal,Classification automatique,VAL-011,2026-09-11 14:53:26.262871,2026-12-10 14:53:26.262871
CLS-000266,CRD-000266,CLI-001740,2022-07-14,Saine,C,Stage 1,0,0.0106,0.4197,21810.19,96.64,96.89,96.45,0.0,0,,0,,Normal,Classification automatique,VAL-006,2026-09-11 14:53:26.266021,2026-12-10 14:53:26.266021
CLS-000267,CRD-000267,CLI-002481,2023-08-30,Saine,A,Stage 1,0,0.0117,0.2012,11364.78,26.68,27.3,26.09,0.0,0,,0,,Normal,Classification automatique,VAL-004,2026-09-11 14:53:26.269025,2026-12-10 14:53:26.269025
CLS-000268,CRD-000268,CLI-002585,2026-05-11,Saine,C,Stage 1,0,0.0119,0.6864,99188.23,807.04,903.7,895.79,0.0,0,,0,,Normal,Classification automatique,VAL-009,2026-09-11 14:53:26.271026,2026-12-10 14:53:26.271026
CLS-000269,CRD-000269,CLI-002894,2023-05-20,Saine,A,Stage 1,0,0.0137,0.4369,7991.63,47.8,51.29,49.01,0.0,0,,0,,Normal,Classification automatique,VAL-017,2026-09-11 14:53:26.274058,2026-12-10 14:53:26.274058
CLS-000270,CRD-000270,CLI-000150,2026-08-17,Saine,C,Stage 1,0,0.0064,0.2337,662784.21,988.94,1179.02,1124.3,0.0,0,,0,,Normal,Classification automatique,VAL-020,2026-09-11 14:53:26.276184,2026-12-10 14:53:26.276184
CLS-000271,CRD-000271,CLI-000677,2024-03-11,Saine,C,Stage 1,0,0.0196,0.588,6852.34,78.93,92.16,87.79,0.0,0,,0,,Normal,Classification automatique,VAL-002,2026-09-11 14:53:26.279183,2026-12-10 14:53:26.279183
CLS-000272,CRD-000272,CLI-001262,2026-09-26,Saine,A,Stage 1,0,0.015,0.4687,548365.4,3843.47,3925.42,3918.35,0.0,0,,0,,Normal,Classification automatique,VAL-007,2026-09-11 14:53:26.281184,2026-12-10 14:53:26.281184
CLS-000273,CRD-000273,CLI-004918,2025-07-24,Pré-douteuse,D,Stage 3,96,0.1691,0.4272,559951.52,40457.32,47299.29,46435.82,0.2,0,,0,,Retard de paiement,Classification automatique,VAL-016,2026-09-11 14:53:26.284184,2026-12-10 14:53:26.284184
CLS-000274,CRD-000274,CLI-000013,2026-04-27,Saine,A,Stage 1,0,0.0061,0.3794,7129.69,16.38,17.03,16.64,0.0,0,,0,,Normal,Classification automatique,VAL-007,2026-09-11 14:53:26.287183,2026-12-10 14:53:26.287183
CLS-000275,CRD-000275,CLI-001834,2026-06-03,Saine,B,Stage 1,0,0.0155,0.518,0.0,0.0,0.0,0.0,0.0,0,,0,,Normal,Classification automatique,VAL-012,2026-09-11 14:53:26.289184,2026-12-10 14:53:26.289184
CLS-000276,CRD-000276,CLI-003249,2025-02-26,Saine,C,Stage 1,0,0.0194,0.4617,2754.37,24.61,27.4,26.84,0.0,0,,0,,Normal,Classification automatique,VAL-004,2026-09-11 14:53:26.292183,2026-12-10 14:53:26.292183
CLS-000277,CRD-000277,CLI-001492,2025-07-06,Saine,A,Stage 1,0,0.0178,0.399,134612.26,956.83,970.43,962.48,0.0,0,,0,,Normal,Classification automatique,VAL-004,2026-09-11 14:53:26.294185,2026-12-10 14:53:26.294185
CLS-000278,CRD-000278,CLI-002728,2026-06-18,Saine,C,Stage 1,0,0.0055,0.5256,20233.32,58.7,66.61,66.53,0.0,0,,0,,Normal,Classification automatique,VAL-008,2026-09-11 14:53:26.297184,2026-12-10 14:53:26.297184
CLS-000279,CRD-000279,CLI-003687,2024-06-28,Saine,B,Stage 1,0,0.0053,0.4981,68384.36,180.19,187.61,183.84,0.0,0,,0,,Normal,Classification automatique,VAL-012,2026-09-11 14:53:26.300164,2026-12-10 14:53:26.300164
CLS-000280,CRD-000280,CLI-001425,2022-09-16,Saine,C,Stage 1,0,0.0099,0.4831,24093.67,115.04,118.31,115.34,0.0,0,2021-11-21,0,,Normal,Classification automatique,VAL-015,2026-09-11 14:53:26.303183,2026-12-10 14:53:26.303183
CLS-000281,CRD-000281,CLI-004606,2024-12-16,Saine,B,Stage 1,0,0.0113,0.5487,115701.05,719.62,766.06,733.69,0.0,0,,0,,Normal,Classification automatique,VAL-015,2026-09-11 14:53:26.306184,2026-12-10 14:53:26.306184
CLS-000282,CRD-000282,CLI-004596,2024-08-12,Saine,C,Stage 1,0,0.0185,0.3731,18002.51,124.19,134.96,128.81,0.0,0,,0,,Normal,Classification automatique,VAL-001,2026-09-11 14:53:26.308186,2026-12-10 14:53:26.308186
CLS-000283,CRD-000283,CLI-000732,2024-05-02,Saine,A,Stage 1,0,0.0071,0.6097,5357.72,23.21,25.28,24.42,0.0,0,,0,,Normal,Classification automatique,VAL-002,2026-09-11 14:53:26.311184,2026-12-10 14:53:26.311184
CLS-000284,CRD-000284,CLI-001232,2026-06-09,Saine,C,Stage 1,0,0.0083,0.5461,17315.62,78.68,84.41,81.67,0.0,0,,0,,Normal,Classification automatique,VAL-015,2026-09-11 14:53:26.315162,2026-12-10 14:53:26.315162
CLS-000285,CRD-000285,CLI-001635,2026-02-15,Douteuse,D,Stage 3,245,0.6371,0.5022,2735.73,875.3,965.08,964.3,0.5,0,,1,2026-05-21,Retard de paiement,Classification automatique,VAL-003,2026-09-11 14:53:26.318162,2026-12-10 14:53:26.318162
CLS-000286,CRD-000286,CLI-003937,2023-08-10,Saine,C,Stage 1,0,0.0092,0.4121,56519.67,213.6,239.88,234.98,0.0,0,,0,,Normal,Classification automatique,VAL-016,2026-09-11 14:53:26.320164,2026-12-10 14:53:26.320164
CLS-000287,CRD-000287,CLI-001211,2023-06-17,Saine,C,Stage 1,0,0.0072,0.3522,9430.4,24.03,25.11,23.93,0.0,0,,0,,Normal,Classification automatique,VAL-012,2026-09-11 14:53:26.323162,2026-12-10 14:53:26.323162
CLS-000288,CRD-000288,CLI-003269,2026-08-03,Pré-douteuse,D,Stage 3,123,0.2835,0.5474,13684.59,2124.06,2223.24,2126.18,0.2,0,,0,,Retard de paiement,Classification automatique,VAL-005,2026-09-11 14:53:26.326162,2026-12-10 14:53:26.326162
CLS-000289,CRD-000289,CLI-001935,2022-04-23,Saine,C,Stage 1,0,0.01,0.4926,488118.33,2397.96,2407.75,2298.51,0.0,0,,0,,Normal,Classification automatique,VAL-017,2026-09-11 14:53:26.329184,2026-12-10 14:53:26.329184
CLS-000290,CRD-000290,CLI-000554,2025-04-04,Saine,A,Stage 1,0,0.0118,0.4997,237.92,1.41,1.58,1.51,0.0,0,,0,,Normal,Classification automatique,VAL-001,2026-09-11 14:53:26.332184,2026-12-10 14:53:26.332184
CLS-000291,CRD-000291,CLI-000492,2026-02-06,Saine,A,Stage 1,0,0.0156,0.4926,7554.32,58.14,58.81,58.14,0.0,0,,0,,Normal,Classification automatique,VAL-007,2026-09-11 14:53:26.335185,2026-12-10 14:53:26.335185
CLS-000292,CRD-000292,CLI-002963,2025-07-23,Saine,C,Stage 2,46,0.0663,0.4294,44339.78,1262.93,1341.4,1278.42,0.0,0,,0,,Retard de paiement,Classification automatique,VAL-008,2026-09-11 14:53:26.338183,2026-12-10 14:53:26.338183
CLS-000293,CRD-000293,CLI-002330,2026-07-15,Saine,B,Stage 1,0,0.0077,0.3855,174964.35,519.04,618.84,592.32,0.0,0,,0,,Normal,Classification automatique,VAL-015,2026-09-11 14:53:26.340300,2026-12-10 14:53:26.340300
CLS-000294,CRD-000294,CLI-002196,2027-02-27,Saine,B,Stage 1,0,0.016,0.4784,52229.89,400.97,480.2,464.75,0.0,0,,0,,Normal,Classification automatique,VAL-005,2026-09-11 14:53:26.343324,2026-12-10 14:53:26.343324
CLS-000295,CRD-000295,CLI-003065,2022-07-03,Saine,C,Stage 1,0,0.0072,0.7238,74844.7,387.97,454.28,432.46,0.0,0,,0,,Normal,Classification automatique,VAL-018,2026-09-11 14:53:26.346304,2026-12-10 14:53:26.346304
CLS-000296,CRD-000296,CLI-000658,2022-05-18,Saine,A,Stage 1,0,0.0185,0.4223,73519.32,573.2,607.2,602.52,0.0,0,,0,,Normal,Classification automatique,VAL-019,2026-09-11 14:53:26.349305,2026-12-10 14:53:26.349305
CLS-000297,CRD-000297,CLI-002375,2023-09-03,Saine,C,Stage 1,0,0.0085,0.7223,1091644.78,6689.13,7464.73,7151.51,0.0,0,,0,,Normal,Classification automatique,VAL-014,2026-09-11 14:53:26.353303,2026-12-10 14:53:26.353303
CLS-000298,CRD-000298,CLI-002226,2025-07-30,Saine,A,Stage 1,0,0.0151,0.5082,308593.52,2373.02,2735.0,2664.95,0.0,0,,0,,Normal,Classification automatique,VAL-004,2026-09-11 14:53:26.355303,2026-12-10 14:53:26.355303
CLS-000299,CRD-000299,CLI-004265,2024-04-19,Saine,B,Stage 1,0,0.008,0.2846,44235.55,101.23,119.23,114.58,0.0,0,,0,,Normal,Classification automatique,VAL-011,2026-09-11 14:53:26.358303,2026-12-10 14:53:26.358303
CLS-000300,CRD-000300,CLI-001171,2023-07-24,Saine,C,Stage 1,0,0.0159,0.6497,4191.17,43.4,48.2,47.06,0.0,0,2024-04-16,0,,Normal,Classification automatique,VAL-012,2026-09-11 14:53:26.360305,2026-12-10 14:53:26.360305
CLS-000301,CRD-000301,CLI-000133,2025-10-28,Saine,C,Stage 1,0,0.0132,0.4873,60537.81,390.25,405.81,390.05,0.0,0,,0,,Normal,Classification automatique,VAL-003,2026-09-11 14:53:26.364324,2026-12-10 14:53:26.364324
CLS-000302,CRD-000302,CLI-000472,2023-05-16,Saine,C,Stage 1,0,0.0086,0.2767,94369.29,224.33,265.86,255.57,0.0,0,2025-11-21,0,,Normal,Classification automatique,VAL-002,2026-09-11 14:53:26.367324,2026-12-10 14:53:26.367324
CLS-000303,CRD-000303,CLI-003226,2024-12-30,Saine,C,Stage 1,0,0.0164,0.4435,32451.68,236.36,239.03,229.67,0.0,0,,0,,Normal,Classification automatique,VAL-006,2026-09-11 14:53:26.370325,2026-12-10 14:53:26.370325
CLS-000304,CRD-000304,CLI-001406,2022-06-19,Saine,C,Stage 1,0,0.0093,0.4114,7857.21,30.05,31.21,30.77,0.0,0,,0,,Normal,Classification automatique,VAL-008,2026-09-11 14:53:26.372324,2026-12-10 14:53:26.372324
CLS-000305,CRD-000305,CLI-002877,2024-09-12,Pré-douteuse,D,Stage 3,128,0.208,0.3513,14091.93,1029.59,1093.44,1042.92,0.2,0,,0,,Retard de paiement,Classification automatique,VAL-002,2026-09-11 14:53:26.376324,2026-12-10 14:53:26.376324
CLS-000306,CRD-000306,CLI-004505,2026-12-19,Saine,B,Stage 1,0,0.0064,0.5141,24579.35,81.0,92.18,90.84,0.0,0,,0,,Normal,Classification automatique,VAL-004,2026-09-11 14:53:26.379302,2026-12-10 14:53:26.379302
CLS-000307,CRD-000307,CLI-004693,2025-09-17,Pré-douteuse,D,Stage 3,135,0.1602,0.7408,48575.29,5765.98,6365.46,6108.03,0.2,0,,0,,Retard de paiement,Classification automatique,VAL-002,2026-09-11 14:53:26.381304,2026-12-10 14:53:26.381304
CLS-000308,CRD-000308,CLI-002827,2025-01-18,Saine,B,Stage 1,0,0.0198,0.4114,3695.05,30.06,30.87,29.69,0.0,0,,0,,Normal,Classification automatique,VAL-014,2026-09-11 14:53:26.384303,2026-12-10 14:53:26.384303
CLS-000309,CRD-000309,CLI-000288,2023-03-30,Saine,C,Stage 2,38,0.1471,0.6348,1188.76,111.02,119.44,114.97,0.0,0,,0,,Retard de paiement,Classification automatique,VAL-012,2026-09-11 14:53:26.386305,2026-12-10 14:53:26.386305
CLS-000310,CRD-000310,CLI-001870,2026-07-15,Saine,C,Stage 1,0,0.0142,0.2511,16531.22,58.82,62.13,61.82,0.0,0,,0,,Normal,Classification automatique,VAL-020,2026-09-11 14:53:26.389304,2026-12-10 14:53:26.389304
CLS-000311,CRD-000311,CLI-003115,2022-08-17,Saine,C,Stage 1,0,0.0055,0.5266,3915.99,11.25,13.36,13.09,0.0,0,,0,,Normal,Classification automatique,VAL-010,2026-09-11 14:53:26.392485,2026-12-10 14:53:26.392485
CLS-000312,CRD-000312,CLI-003626,2022-11-22,Saine,A,Stage 1,0,0.0112,0.48,40517.55,218.34,242.19,240.8,0.0,0,,0,,Normal,Classification automatique,VAL-013,2026-09-11 14:53:26.395460,2026-12-10 14:53:26.395460
CLS-000313,CRD-000313,CLI-002313,2026-02-20,Saine,C,Stage 1,0,0.0085,0.51,142.94,0.62,0.74,0.71,0.0,0,,0,,Normal,Classification automatique,VAL-005,2026-09-11 14:53:26.397487,2026-12-10 14:53:26.397487
CLS-000314,CRD-000314,CLI-004924,2024-02-13,Saine,C,Stage 1,0,0.006,0.5264,46843.17,147.76,157.04,153.42,0.0,0,,0,,Normal,Classification automatique,VAL-016,2026-09-11 14:53:26.398519,2026-12-10 14:53:26.398519
CLS-000315,CRD-000315,CLI-001619,2023-10-21,Saine,A,Stage 1,0,0.0163,0.7019,22937.17,261.91,306.08,299.15,0.0,0,,0,,Normal,Classification automatique,VAL-004,2026-09-11 14:53:26.436895,2026-12-10 14:53:26.436895
CLS-000316,CRD-000316,CLI-000995,2023-04-04,Saine,A,Stage 1,0,0.0172,0.4905,124606.39,1053.28,1096.54,1060.62,0.0,0,,0,,Normal,Classification automatique,VAL-001,2026-09-11 14:53:26.441903,2026-12-10 14:53:26.441903
CLS-000317,CRD-000317,CLI-001804,2025-09-06,Saine,B,Stage 1,0,0.0193,0.4864,48062.44,451.57,516.94,493.4,0.0,0,,0,,Normal,Classification automatique,VAL-018,2026-09-11 14:53:26.448130,2026-12-10 14:53:26.448130
CLS-000318,CRD-000318,CLI-002643,2026-10-14,Saine,C,Stage 1,0,0.0092,0.4126,347.82,1.32,1.39,1.38,0.0,0,,0,,Normal,Classification automatique,VAL-016,2026-09-11 14:53:26.480634,2026-12-10 14:53:26.480634
CLS-000319,CRD-000319,CLI-004803,2025-04-02,Saine,C,Stage 1,0,0.0075,0.247,7822.92,14.53,16.86,16.74,0.0,0,,0,,Normal,Classification automatique,VAL-008,2026-09-11 14:53:26.485631,2026-12-10 14:53:26.485631
CLS-000320,CRD-000320,CLI-003536,2022-10-10,Saine,B,Stage 1,0,0.0096,0.3876,3237.32,12.03,13.74,13.19,0.0,0,,0,,Normal,Classification automatique,VAL-008,2026-09-11 14:53:26.489630,2026-12-10 14:53:26.489630
CLS-000321,CRD-000321,CLI-004832,2022-12-09,Saine,C,Stage 2,66,0.0753,0.3181,47818.36,1144.74,1363.92,1316.12,0.0,0,,0,,Retard de paiement,Classification automatique,VAL-004,2026-09-11 14:53:26.494629,2026-12-10 14:53:26.494629
CLS-000322,CRD-000322,CLI-003912,2025-01-06,Saine,A,Stage 1,0,0.0094,0.3091,2862.34,8.31,9.89,9.52,0.0,0,,0,,Normal,Classification automatique,VAL-018,2026-09-11 14:53:26.499594,2026-12-10 14:53:26.499594
CLS-000323,CRD-000323,CLI-002108,2025-12-23,Saine,B,Stage 1,0,0.0197,0.3864,1446.61,11.0,12.48,12.22,0.0,0,,0,,Normal,Classification automatique,VAL-013,2026-09-11 14:53:26.504592,2026-12-10 14:53:26.504592
CLS-000324,CRD-000324,CLI-003045,2023-12-27,Saine,B,Stage 1,0,0.0097,0.3094,22574.15,67.74,78.39,74.65,0.0,1,,0,,Normal,Classification automatique,VAL-004,2026-09-11 14:53:26.509591,2026-12-10 14:53:26.509591
CLS-000325,CRD-000325,CLI-000417,2026-11-28,Saine,B,Stage 1,0,0.0107,0.5386,1406.09,8.11,9.46,9.35,0.0,0,,0,,Normal,Classification automatique,VAL-018,2026-09-11 14:53:26.512191,2026-12-10 14:53:26.512191
CLS-000326,CRD-000326,CLI-000978,2023-06-01,Saine,C,Stage 1,0,0.0078,0.3785,50606.88,150.1,151.62,149.19,0.0,0,,0,,Normal,Classification automatique,VAL-008,2026-09-11 14:53:26.512191,2026-12-10 14:53:26.512191
CLS-000327,CRD-000327,CLI-002418,2022-06-20,Saine,B,Stage 1,0,0.0153,0.3235,19535.09,96.57,103.77,100.48,0.0,0,,0,,Normal,Classification automatique,VAL-009,2026-09-11 14:53:26.526127,2026-12-10 14:53:26.526127
CLS-000328,CRD-000328,CLI-000506,2021-12-09,Saine,B,Stage 1,0,0.0174,0.7438,176618.73,2286.45,2441.47,2439.91,0.0,0,,0,,Normal,Classification automatique,VAL-001,2026-09-11 14:53:26.530928,2026-12-10 14:53:26.530928
CLS-000329,CRD-000329,CLI-004153,2022-03-22,Saine,C,Stage 1,0,0.0135,0.4873,20205.91,132.92,142.84,139.95,0.0,0,,0,,Normal,Classification automatique,VAL-017,2026-09-11 14:53:26.535930,2026-12-10 14:53:26.535930
CLS-000330,CRD-000330,CLI-004256,2026-06-05,Saine,C,Stage 2,34,0.1335,0.5468,4195.9,306.38,308.14,297.23,0.0,0,,0,,Retard de paiement,Classification automatique,VAL-001,2026-09-11 14:53:26.540930,2026-12-10 14:53:26.540930
CLS-000331,CRD-000331,CLI-003942,2025-06-15,Saine,B,Stage 1,0,0.017,0.4301,1141.07,8.35,9.5,9.49,0.0,0,,0,,Normal,Classification automatique,VAL-014,2026-09-11 14:53:26.545504,2026-12-10 14:53:26.545504
CLS-000332,CRD-000332,CLI-000415,2025-06-16,Saine,B,Stage 1,0,0.0157,0.4935,10390.88,80.76,82.97,80.31,0.0,0,,0,,Normal,Classification automatique,VAL-014,2026-09-11 14:53:26.545504,2026-12-10 14:53:26.545504
CLS-000333,CRD-000333,CLI-004149,2025-07-16,Saine,C,Stage 1,0,0.0064,0.6217,11421.52,45.77,49.3,47.49,0.0,0,,0,,Normal,Classification automatique,VAL-006,2026-09-11 14:53:26.555115,2026-12-10 14:53:26.555115
CLS-000334,CRD-000334,CLI-001184,2024-08-16,Saine,C,Stage 2,62,0.1284,0.4855,321051.36,20006.91,20892.09,19941.33,0.0,0,,0,,Retard de paiement,Classification automatique,VAL-016,2026-09-11 14:53:26.555115,2026-12-10 14:53:26.555115
CLS-000335,CRD-000335,CLI-000486,2022-05-07,Saine,A,Stage 1,0,0.0089,0.3282,22767.14,66.56,71.25,68.58,0.0,0,,0,,Normal,Classification automatique,VAL-005,2026-09-11 14:53:26.565261,2026-12-10 14:53:26.565261
CLS-000336,CRD-000336,CLI-000894,2023-12-21,Saine,C,Stage 1,0,0.0074,0.6951,48645.43,249.75,288.19,278.34,0.0,0,,0,,Normal,Classification automatique,VAL-009,2026-09-11 14:53:26.565261,2026-12-10 14:53:26.565261
CLS-000337,CRD-000337,CLI-000806,2023-12-20,Saine,B,Stage 1,0,0.0059,0.5375,3049.39,9.7,9.88,9.77,0.0,0,,0,,Normal,Classification automatique,VAL-020,2026-09-11 14:53:26.575375,2026-12-10 14:53:26.575375
CLS-000338,CRD-000338,CLI-000556,2023-09-12,Saine,A,Stage 1,0,0.0174,0.472,176281.49,1447.08,1573.99,1527.11,0.0,0,,0,,Normal,Classification automatique,VAL-016,2026-09-11 14:53:26.575375,2026-12-10 14:53:26.575375
CLS-000339,CRD-000339,CLI-003826,2024-06-09,Saine,C,Stage 1,0,0.0056,0.4518,35816.34,90.18,100.62,100.27,0.0,0,,0,,Normal,Classification automatique,VAL-016,2026-09-11 14:53:26.585627,2026-12-10 14:53:26.585627
CLS-000340,CRD-000340,CLI-001198,2023-02-14,Saine,B,Stage 1,0,0.0153,0.3741,16539.94,94.72,99.2,97.49,0.0,1,,0,,Normal,Classification automatique,VAL-002,2026-09-11 14:53:26.593688,2026-12-10 14:53:26.593688
CLS-000341,CRD-000341,CLI-004254,2026-08-07,Saine,C,Stage 1,0,0.0065,0.3375,16763.79,36.52,37.84,35.95,0.0,0,,0,,Normal,Classification automatique,VAL-009,2026-09-11 14:53:26.595743,2026-12-10 14:53:26.595743
CLS-000342,CRD-000342,CLI-004059,2022-04-01,Saine,B,Stage 1,0,0.0161,0.4617,27057.58,201.58,236.04,233.91,0.0,0,,0,,Normal,Classification automatique,VAL-016,2026-09-11 14:53:26.603831,2026-12-10 14:53:26.603831
CLS-000343,CRD-000343,CLI-001294,2026-12-19,Saine,C,Stage 1,0,0.0111,0.4808,42856.57,227.71,268.91,260.28,0.0,0,,0,,Normal,Classification automatique,VAL-014,2026-09-11 14:53:26.605884,2026-12-10 14:53:26.605884
CLS-000344,CRD-000344,CLI-002222,2026-01-27,Saine,C,Stage 1,0,0.0094,0.4053,4003.17,15.27,17.77,17.19,0.0,0,,0,,Normal,Classification automatique,VAL-012,2026-09-11 14:53:26.605884,2026-12-10 14:53:26.605884
CLS-000345,CRD-000345,CLI-003505,2024-01-28,Saine,C,Stage 1,0,0.007,0.6961,5719.1,28.04,31.9,31.49,0.0,0,,0,,Normal,Classification automatique,VAL-017,2026-09-11 14:53:26.616013,2026-12-10 14:53:26.616013
CLS-000346,CRD-000346,CLI-003655,2026-01-15,Saine,B,Stage 1,0,0.0156,0.5099,66049.64,526.99,543.3,538.81,0.0,0,2025-10-10,0,,Normal,Classification automatique,VAL-010,2026-09-11 14:53:26.616013,2026-12-10 14:53:26.616013
CLS-000347,CRD-000347,CLI-004759,2026-07-29,Saine,C,Stage 1,0,0.0106,0.5271,9857.5,55.05,61.1,60.31,0.0,0,,0,,Normal,Classification automatique,VAL-001,2026-09-11 14:53:26.641228,2026-12-10 14:53:26.641228
CLS-000348,CRD-000348,CLI-003007,2022-10-07,Saine,B,Stage 1,0,0.0086,0.524,17838.87,80.81,85.9,84.39,0.0,1,,0,,Normal,Classification automatique,VAL-007,2026-09-11 14:53:26.647262,2026-12-10 14:53:26.647262
CLS-000349,CRD-000349,CLI-002094,2026-10-05,Saine,B,Stage 1,0,0.0142,0.3906,7713.77,42.78,47.31,47.08,0.0,1,,0,,Normal,Classification automatique,VAL-002,2026-09-11 14:53:26.653261,2026-12-10 14:53:26.653261
CLS-000350,CRD-000350,CLI-002188,2022-11-22,Saine,C,Stage 2,41,0.1258,0.5249,6153.61,406.37,442.88,433.92,0.0,0,,0,,Retard de paiement,Classification automatique,VAL-003,2026-09-11 14:53:26.658264,2026-12-10 14:53:26.658264
CLS-000351,CRD-000351,CLI-003037,2027-07-05,Saine,C,Stage 1,0,0.0166,0.3728,77403.84,478.96,509.43,490.26,0.0,0,,0,,Normal,Classification automatique,VAL-015,2026-09-11 14:53:26.664296,2026-12-10 14:53:26.664296
CLS-000352,CRD-000352,CLI-003919,2023-01-14,Saine,B,Stage 1,0,0.0085,0.2667,9669.07,22.05,22.85,22.04,0.0,0,,0,,Normal,Classification automatique,VAL-018,2026-09-11 14:53:26.668297,2026-12-10 14:53:26.668297
CLS-000353,CRD-000353,CLI-001273,2022-05-23,Saine,B,Stage 1,0,0.0185,0.5441,19733.11,198.55,203.35,200.09,0.0,0,,0,,Normal,Classification automatique,VAL-006,2026-09-11 14:53:26.686389,2026-12-10 14:53:26.686389
CLS-000354,CRD-000354,CLI-000291,2026-10-29,Saine,B,Stage 1,0,0.0168,0.4903,16896.57,139.24,145.91,143.39,0.0,0,2026-04-04,0,,Normal,Classification automatique,VAL-020,2026-09-11 14:53:26.686389,2026-12-10 14:53:26.686389
CLS-000355,CRD-000355,CLI-004828,2026-01-28,Saine,B,Stage 1,0,0.0193,0.713,7861.46,108.28,115.78,113.78,0.0,0,,0,,Normal,Classification automatique,VAL-010,2026-09-11 14:53:26.697158,2026-12-10 14:53:26.697158
CLS-000356,CRD-000356,CLI-000253,2024-08-17,Saine,C,Stage 1,0,0.0071,0.4369,4705.75,14.55,16.95,16.37,0.0,0,,0,,Normal,Classification automatique,VAL-020,2026-09-11 14:53:26.704717,2026-12-10 14:53:26.704717
CLS-000357,CRD-000357,CLI-003246,2025-09-19,Saine,A,Stage 1,0,0.0109,0.2446,78400.48,208.77,218.83,215.13,0.0,0,,0,,Normal,Classification automatique,VAL-010,2026-09-11 14:53:26.706773,2026-12-10 14:53:26.706773
CLS-000358,CRD-000358,CLI-000351,2023-10-16,Saine,C,Stage 1,0,0.0059,0.5303,150027.44,471.77,472.37,462.02,0.0,0,,0,,Normal,Classification automatique,VAL-016,2026-09-11 14:53:26.714202,2026-12-10 14:53:26.714202
CLS-000359,CRD-000359,CLI-001188,2024-12-08,Saine,B,Stage 1,0,0.009,0.392,221482.71,782.04,783.05,748.58,0.0,0,,0,,Normal,Classification automatique,VAL-018,2026-09-11 14:53:26.734954,2026-12-10 14:53:26.734954
CLS-000360,CRD-000360,CLI-001962,2023-05-16,Saine,C,Stage 1,0,0.0167,0.2223,2923.35,10.87,11.46,11.15,0.0,0,,0,,Normal,Classification automatique,VAL-013,2026-09-11 14:53:26.739957,2026-12-10 14:53:26.739957
CLS-000361,CRD-000361,CLI-000423,2024-01-30,Saine,B,Stage 1,0,0.0177,0.4082,262976.22,1900.97,2099.2,2035.78,0.0,0,,0,,Normal,Classification automatique,VAL-016,2026-09-11 14:53:26.746003,2026-12-10 14:53:26.746003
CLS-000362,CRD-000362,CLI-000091,2024-12-14,Saine,A,Stage 1,0,0.0134,0.6295,14575.82,123.17,138.58,133.55,0.0,0,,0,,Normal,Classification automatique,VAL-003,2026-09-11 14:53:26.751789,2026-12-10 14:53:26.751789
CLS-000363,CRD-000363,CLI-003730,2024-11-12,Saine,B,Stage 1,0,0.011,0.5915,31017.9,201.72,208.23,202.37,0.0,0,,0,,Normal,Classification automatique,VAL-003,2026-09-11 14:53:26.756787,2026-12-10 14:53:26.756787
CLS-000364,CRD-000364,CLI-002237,2026-02-07,Saine,A,Stage 1,0,0.0199,0.4957,27659.62,272.23,282.42,268.47,0.0,0,,0,,Normal,Classification automatique,VAL-015,2026-09-11 14:53:26.762002,2026-12-10 14:53:26.762002
CLS-000365,CRD-000365,CLI-000671,2025-06-02,Saine,A,Stage 1,0,0.012,0.7188,1404.34,12.12,14.12,13.42,0.0,0,,0,,Normal,Classification automatique,VAL-007,2026-09-11 14:53:26.774260,2026-12-10 14:53:26.774260
CLS-000366,CRD-000366,CLI-003041,2024-11-21,Saine,C,Stage 2,88,0.1339,0.6767,8403.87,761.65,819.77,812.28,0.0,0,,0,,Retard de paiement,Classification automatique,VAL-013,2026-09-11 14:53:26.779223,2026-12-10 14:53:26.779223
CLS-000367,CRD-000367,CLI-000027,2023-08-19,Saine,A,Stage 1,0,0.0138,0.4645,2627.01,16.9,17.19,16.69,0.0,0,,0,,Normal,Classification automatique,VAL-001,2026-09-11 14:53:26.779223,2026-12-10 14:53:26.779223
CLS-000368,CRD-000368,CLI-000430,2023-07-31,Saine,B,Stage 1,0,0.0135,0.4389,1018723.26,6041.67,6717.75,6666.9,0.0,1,,0,,Normal,Classification automatique,VAL-020,2026-09-11 14:53:26.789333,2026-12-10 14:53:26.789333
CLS-000369,CRD-000369,CLI-000684,2024-04-02,Saine,C,Stage 1,0,0.0165,0.4332,171982.67,1228.04,1439.58,1415.77,0.0,0,,0,,Normal,Classification automatique,VAL-004,2026-09-11 14:53:26.789333,2026-12-10 14:53:26.789333
CLS-000370,CRD-000370,CLI-004464,2023-04-22,Saine,A,Stage 1,0,0.0138,0.5146,308142.2,2190.72,2530.04,2485.18,0.0,0,,0,,Normal,Classification automatique,VAL-002,2026-09-11 14:53:26.797415,2026-12-10 14:53:26.797415
CLS-000371,CRD-000371,CLI-003946,2026-10-16,Saine,B,Stage 1,0,0.0158,0.2741,11169.2,48.46,51.21,51.08,0.0,0,,0,,Normal,Classification automatique,VAL-011,2026-09-11 14:53:26.799462,2026-12-10 14:53:26.799462
CLS-000372,CRD-000372,CLI-003524,2022-07-03,Saine,B,Stage 1,0,0.0113,0.5274,52226.03,311.01,333.44,318.17,0.0,0,,0,,Normal,Classification automatique,VAL-008,2026-09-11 14:53:26.820238,2026-12-10 14:53:26.820238
CLS-000373,CRD-000373,CLI-001542,2024-01-10,Saine,C,Stage 1,0,0.0159,0.2958,889009.5,4177.6,4906.2,4670.59,0.0,0,,0,,Normal,Classification automatique,VAL-009,2026-09-11 14:53:26.833187,2026-12-10 14:53:26.833187
CLS-000374,CRD-000374,CLI-002032,2024-08-01,Saine,A,Stage 1,0,0.0093,0.4222,7167.48,28.25,30.67,29.81,0.0,0,,0,,Normal,Classification automatique,VAL-002,2026-09-11 14:53:26.839190,2026-12-10 14:53:26.839190
CLS-000375,CRD-000375,CLI-002233,2022-06-24,Saine,B,Stage 1,0,0.0083,0.2894,5079.38,12.18,13.37,13.11,0.0,0,,0,,Normal,Classification automatique,VAL-018,2026-09-11 14:53:26.844187,2026-12-10 14:53:26.844187
CLS-000376,CRD-000376,CLI-004121,2026-03-04,Saine,B,Stage 1,0,0.0064,0.3726,12484.71,29.59,31.5,30.95,0.0,0,,0,,Normal,Classification automatique,VAL-015,2026-09-11 14:53:26.848481,2026-12-10 14:53:26.848481
CLS-000377,CRD-000377,CLI-003236,2026-07-14,Saine,B,Stage 1,0,0.0063,0.5853,277482.13,1028.18,1052.13,1033.87,0.0,0,,0,,Normal,Classification automatique,VAL-007,2026-09-11 14:53:26.853481,2026-12-10 14:53:26.853481
CLS-000378,CRD-000378,CLI-000255,2026-09-22,Saine,A,Stage 1,0,0.0078,0.3946,48026.91,147.25,169.53,163.08,0.0,0,,0,,Normal,Classification automatique,VAL-020,2026-09-11 14:53:26.872827,2026-12-10 14:53:26.872827
CLS-000379,CRD-000379,CLI-001030,2025-06-12,Douteuse,D,Stage 3,185,0.4653,0.4476,25738.62,5359.45,5911.02,5861.01,0.5,0,,1,2025-04-19,Retard de paiement,Classification automatique,VAL-016,2026-09-11 14:53:26.876824,2026-12-10 14:53:26.876824
CLS-000380,CRD-000380,CLI-004393,2025-06-29,Saine,C,Stage 1,0,0.0063,0.7339,2289.35,10.64,11.03,10.85,0.0,0,,0,,Normal,Classification automatique,VAL-004,2026-09-11 14:53:26.882728,2026-12-10 14:53:26.882728
CLS-000381,CRD-000381,CLI-003801,2023-04-05,Saine,C,Stage 1,0,0.0053,0.4197,297366.93,665.49,673.56,645.97,0.0,0,,0,,Normal,Classification automatique,VAL-006,2026-09-11 14:53:26.887725,2026-12-10 14:53:26.887725
CLS-000382,CRD-000382,CLI-004311,2027-01-20,Saine,B,Stage 1,0,0.0112,0.3633,177421.27,721.82,734.78,706.99,0.0,0,,0,,Normal,Classification automatique,VAL-013,2026-09-11 14:53:26.893724,2026-12-10 14:53:26.893724
CLS-000383,CRD-000383,CLI-002510,2023-07-07,Pré-douteuse,D,Stage 3,164,0.1779,0.2654,32023.01,1511.57,1539.92,1530.4,0.2,0,,0,,Retard de paiement,Classification automatique,VAL-012,2026-09-11 14:53:26.898828,2026-12-10 14:53:26.898828
CLS-000384,CRD-000384,CLI-002293,2026-04-25,Saine,C,Stage 1,0,0.01,0.2742,32982.9,90.85,105.83,104.58,0.0,1,,0,,Normal,Classification automatique,VAL-006,2026-09-11 14:53:26.900885,2026-12-10 14:53:26.900885
CLS-000385,CRD-000385,CLI-001324,2022-11-14,Saine,A,Stage 1,0,0.0124,0.247,53534.1,163.5,172.78,167.66,0.0,0,,0,,Normal,Classification automatique,VAL-020,2026-09-11 14:53:26.919101,2026-12-10 14:53:26.919101
CLS-000386,CRD-000386,CLI-001551,2022-12-05,Saine,A,Stage 1,0,0.0081,0.5747,87013.62,406.96,460.38,453.26,0.0,0,,0,,Normal,Classification automatique,VAL-004,2026-09-11 14:53:26.921156,2026-12-10 14:53:26.921156
CLS-000387,CRD-000387,CLI-004648,2025-03-21,Saine,C,Stage 1,0,0.0189,0.5916,2915.32,32.64,38.12,36.88,0.0,0,,0,,Normal,Classification automatique,VAL-010,2026-09-11 14:53:26.931279,2026-12-10 14:53:26.931279
CLS-000388,CRD-000388,CLI-000316,2024-09-01,Saine,C,Stage 1,0,0.0057,0.3414,15031.95,29.26,30.44,30.12,0.0,0,,0,,Normal,Classification automatique,VAL-009,2026-09-11 14:53:26.943238,2026-12-10 14:53:26.943238
CLS-000389,CRD-000389,CLI-001243,2023-06-06,Saine,C,Stage 1,0,0.0187,0.4891,41856.06,383.31,405.17,401.34,0.0,0,,0,,Normal,Classification automatique,VAL-017,2026-09-11 14:53:26.948350,2026-12-10 14:53:26.948350
CLS-000390,CRD-000390,CLI-002451,2026-08-22,Saine,B,Stage 1,0,0.0146,0.5133,61771.0,463.49,491.66,473.8,0.0,0,,0,,Normal,Classification automatique,VAL-008,2026-09-11 14:53:26.953349,2026-12-10 14:53:26.953349
CLS-000391,CRD-000391,CLI-001579,2026-07-22,Saine,B,Stage 1,0,0.0151,0.3042,5244.74,24.05,24.29,23.53,0.0,0,,0,,Normal,Classification automatique,VAL-020,2026-09-11 14:53:26.958342,2026-12-10 14:53:26.958342
CLS-000392,CRD-000392,CLI-004626,2026-05-18,Saine,C,Stage 1,0,0.0135,0.6595,40154.92,356.96,401.56,381.59,0.0,0,,0,,Normal,Classification automatique,VAL-006,2026-09-11 14:53:26.964351,2026-12-10 14:53:26.964351
CLS-000393,CRD-000393,CLI-003117,2026-01-24,Douteuse,D,Stage 3,203,0.4515,0.5734,1652.17,427.76,458.33,437.69,0.5,0,,1,2026-08-04,Retard de paiement,Classification automatique,VAL-003,2026-09-11 14:53:26.985346,2026-12-10 14:53:26.985346
CLS-000394,CRD-000394,CLI-000070,2024-10-25,Saine,C,Stage 1,0,0.0182,0.2546,5446.4,25.23,28.75,28.38,0.0,0,,0,,Normal,Classification automatique,VAL-008,2026-09-11 14:53:26.995342,2026-12-10 14:53:26.995342
CLS-000395,CRD-000395,CLI-000860,2023-11-06,Saine,B,Stage 1,0,0.0093,0.718,10853.88,72.76,85.82,82.82,0.0,0,,0,,Normal,Classification automatique,VAL-011,2026-09-11 14:53:27.000349,2026-12-10 14:53:27.000349
CLS-000396,CRD-000396,CLI-002754,2024-07-01,Saine,B,Stage 1,0,0.0164,0.383,907625.46,5696.89,6696.45,6430.39,0.0,0,,0,,Normal,Classification automatique,VAL-002,2026-09-11 14:53:27.004348,2026-12-10 14:53:27.004348
CLS-000397,CRD-000397,CLI-001633,2027-04-21,Saine,C,Stage 2,76,0.0775,0.4457,32333.8,1117.41,1328.94,1298.69,0.0,0,,0,,Retard de paiement,Classification automatique,VAL-008,2026-09-11 14:53:27.024348,2026-12-10 14:53:27.024348
CLS-000398,CRD-000398,CLI-001651,2025-05-10,Saine,B,Stage 2,17,0.0413,0.4511,76725.36,1428.39,1526.6,1460.14,0.0,0,,0,,Normal,Classification automatique,VAL-012,2026-09-11 14:53:27.029344,2026-12-10 14:53:27.029344
CLS-000399,CRD-000399,CLI-003861,2023-11-28,Saine,C,Stage 1,0,0.007,0.308,16541.4,35.65,38.05,37.48,0.0,0,,0,,Normal,Classification automatique,VAL-008,2026-09-11 14:53:27.034342,2026-12-10 14:53:27.034342
CLS-000400,CRD-000400,CLI-003107,2026-08-18,Saine,B,Stage 1,0,0.0186,0.4007,64497.14,481.89,498.67,475.15,0.0,0,2026-08-09,0,,Normal,Classification automatique,VAL-004,2026-09-11 14:53:27.039344,2026-12-10 14:53:27.039344
CLS-000401,CRD-000401,CLI-001075,2026-10-14,Saine,C,Stage 1,0,0.0068,0.3411,23791.94,55.43,58.62,56.89,0.0,0,,0,,Normal,Classification automatique,VAL-007,2026-09-11 14:53:27.044346,2026-12-10 14:53:27.044346
CLS-000402,CRD-000402,CLI-004002,2023-10-19,Saine,B,Stage 1,0,0.0166,0.2874,1842.91,8.79,10.02,9.99,0.0,0,,0,,Normal,Classification automatique,VAL-002,2026-09-11 14:53:27.059349,2026-12-10 14:53:27.059349
CLS-000403,CRD-000403,CLI-000788,2024-07-27,Saine,C,Stage 1,0,0.0078,0.5629,26388.84,116.04,138.94,136.12,0.0,0,,0,,Normal,Classification automatique,VAL-010,2026-09-11 14:53:27.080343,2026-12-10 14:53:27.080343
CLS-000404,CRD-000404,CLI-002606,2023-10-17,Saine,B,Stage 1,0,0.0114,0.3214,0.0,0.0,0.0,0.0,0.0,0,,0,,Normal,Classification automatique,VAL-011,2026-09-11 14:53:27.087344,2026-12-10 14:53:27.087344
CLS-000405,CRD-000405,CLI-003631,2026-02-24,Saine,A,Stage 1,0,0.0179,0.5168,9087.87,83.94,95.89,94.72,0.0,0,,0,,Normal,Classification automatique,VAL-015,2026-09-11 14:53:27.093346,2026-12-10 14:53:27.093346
CLS-000406,CRD-000406,CLI-002122,2025-03-29,Saine,C,Stage 1,0,0.0059,0.3849,121035.07,276.86,316.04,311.1,0.0,0,,0,,Normal,Classification automatique,VAL-018,2026-09-11 14:53:27.099344,2026-12-10 14:53:27.099344
CLS-000407,CRD-000407,CLI-001875,2024-09-15,Saine,B,Stage 1,0,0.0189,0.6659,3286.04,41.4,42.85,40.83,0.0,0,,0,,Normal,Classification automatique,VAL-006,2026-09-11 14:53:27.104340,2026-12-10 14:53:27.104340
CLS-000408,CRD-000408,CLI-000812,2022-09-23,Saine,C,Stage 1,0,0.0116,0.4989,158230.3,919.17,944.89,925.25,0.0,0,,0,,Normal,Classification automatique,VAL-005,2026-09-11 14:53:27.107343,2026-12-10 14:53:27.107343
CLS-000409,CRD-000409,CLI-000388,2024-12-20,Saine,B,Stage 1,0,0.016,0.4224,22696.67,153.0,153.97,147.89,0.0,0,,0,,Normal,Classification automatique,VAL-003,2026-09-11 14:53:27.111342,2026-12-10 14:53:27.111342
CLS-000410,CRD-000410,CLI-002883,2024-03-13,Saine,A,Stage 1,0,0.0172,0.4369,2489.0,18.73,20.61,20.5,0.0,0,,0,,Normal,Classification automatique,VAL-010,2026-09-11 14:53:27.114339,2026-12-10 14:53:27.114339
CLS-000411,CRD-000411,CLI-001176,2026-07-29,Saine,A,Stage 1,0,0.0109,0.541,21547.24,127.5,151.76,151.13,0.0,0,,0,,Normal,Classification automatique,VAL-016,2026-09-11 14:53:27.117341,2026-12-10 14:53:27.117341
CLS-000412,CRD-000412,CLI-003198,2024-07-23,Saine,B,Stage 1,0,0.0119,0.3814,1937.99,8.82,10.36,9.9,0.0,0,,0,,Normal,Classification automatique,VAL-016,2026-09-11 14:53:27.120340,2026-12-10 14:53:27.120340
CLS-000413,CRD-000413,CLI-002624,2025-01-09,Saine,C,Stage 1,0,0.0107,0.5312,30100.32,170.37,174.29,173.33,0.0,0,,0,,Normal,Classification automatique,VAL-018,2026-09-11 14:53:27.122339,2026-12-10 14:53:27.122339
CLS-000414,CRD-000414,CLI-001352,2023-06-13,Saine,C,Stage 1,0,0.015,0.2456,27990.03,103.3,111.78,111.28,0.0,0,,0,,Normal,Classification automatique,VAL-002,2026-09-11 14:53:27.125341,2026-12-10 14:53:27.125341
CLS-000415,CRD-000415,CLI-000411,2024-06-30,Saine,C,Stage 1,0,0.0074,0.5164,21009.94,80.43,93.51,93.01,0.0,0,,0,,Normal,Classification automatique,VAL-019,2026-09-11 14:53:27.127340,2026-12-10 14:53:27.127340
CLS-000416,CRD-000416,CLI-004213,2026-05-31,Saine,C,Stage 1,0,0.0105,0.26,25451.76,69.49,71.19,68.61,0.0,0,,0,,Normal,Classification automatique,VAL-019,2026-09-11 14:53:27.130339,2026-12-10 14:53:27.130339
CLS-000417,CRD-000417,CLI-000110,2026-05-27,Saine,C,Stage 1,0,0.0169,0.5389,112547.07,1027.8,1203.16,1203.13,0.0,0,,0,,Normal,Classification automatique,VAL-020,2026-09-11 14:53:27.132338,2026-12-10 14:53:27.132338
CLS-000418,CRD-000418,CLI-004996,2025-05-09,Saine,B,Stage 1,0,0.0062,0.7023,23064.1,100.84,104.39,102.64,0.0,0,,0,,Normal,Classification automatique,VAL-006,2026-09-11 14:53:27.135341,2026-12-10 14:53:27.135341
CLS-000419,CRD-000419,CLI-003430,2021-12-22,Saine,B,Stage 1,0,0.0051,0.4854,2726.25,6.79,8.09,7.73,0.0,0,,0,,Normal,Classification automatique,VAL-016,2026-09-11 14:53:27.138338,2026-12-10 14:53:27.138338
CLS-000420,CRD-000420,CLI-002810,2026-07-24,Saine,C,Stage 1,0,0.0082,0.6428,79177.13,417.7,482.29,463.47,0.0,0,,0,,Normal,Classification automatique,VAL-015,2026-09-11 14:53:27.141338,2026-12-10 14:53:27.141338
CLS-000421,CRD-000421,CLI-002595,2026-09-25,Saine,A,Stage 1,0,0.0131,0.4709,28918.29,177.88,203.01,195.81,0.0,0,,0,,Normal,Classification automatique,VAL-008,2026-09-11 14:53:27.143338,2026-12-10 14:53:27.143338
CLS-000422,CRD-000422,CLI-002837,2023-02-11,Douteuse,D,Stage 3,232,0.3543,0.3587,272577.06,34633.64,38620.41,38239.98,0.5,0,,1,2023-08-17,Retard de paiement,Classification automatique,VAL-019,2026-09-11 14:53:27.146338,2026-12-10 14:53:27.146338
CLS-000423,CRD-000423,CLI-002373,2023-08-11,Saine,A,Stage 1,0,0.0149,0.3687,295585.34,1620.12,1716.37,1698.04,0.0,0,,0,,Normal,Classification automatique,VAL-020,2026-09-11 14:53:27.149341,2026-12-10 14:53:27.149341
CLS-000424,CRD-000424,CLI-001236,2024-09-03,Saine,B,Stage 1,0,0.02,0.251,4411.62,22.1,23.88,23.49,0.0,0,,0,,Normal,Classification automatique,VAL-004,2026-09-11 14:53:27.152357,2026-12-10 14:53:27.152357
CLS-000425,CRD-000425,CLI-002147,2026-04-11,Saine,B,Stage 1,0,0.0152,0.533,34286.31,278.27,288.23,276.83,0.0,0,,0,,Normal,Classification automatique,VAL-017,2026-09-11 14:53:27.155363,2026-12-10 14:53:27.155363
CLS-000426,CRD-000426,CLI-004976,2024-11-18,Saine,C,Stage 1,0,0.0108,0.6826,306202.17,2266.67,2281.89,2242.08,0.0,0,,0,,Normal,Classification automatique,VAL-008,2026-09-11 14:53:27.157363,2026-12-10 14:53:27.157363
CLS-000427,CRD-000427,CLI-000600,2026-01-08,Saine,B,Stage 1,0,0.0094,0.4477,32389.2,136.3,145.32,139.03,0.0,0,,0,,Normal,Classification automatique,VAL-006,2026-09-11 14:53:27.160363,2026-12-10 14:53:27.160363
CLS-000428,CRD-000428,CLI-001435,2025-07-13,Saine,C,Stage 1,0,0.0141,0.3608,975.73,4.95,5.8,5.51,0.0,0,,0,,Normal,Classification automatique,VAL-018,2026-09-11 14:53:27.162364,2026-12-10 14:53:27.162364
CLS-000429,CRD-000429,CLI-004997,2025-05-22,Saine,B,Stage 1,0,0.0118,0.577,120149.56,820.27,936.54,931.36,0.0,0,,0,,Normal,Classification automatique,VAL-007,2026-09-11 14:53:27.165362,2026-12-10 14:53:27.165362
CLS-000430,CRD-000430,CLI-000539,2022-09-16,Saine,B,Stage 1,0,0.0183,0.3049,25586.45,142.91,143.27,140.76,0.0,0,,0,,Normal,Classification automatique,VAL-001,2026-09-11 14:53:27.168359,2026-12-10 14:53:27.168359
CLS-000431,CRD-000431,CLI-000722,2022-09-27,Saine,B,Stage 1,0,0.0148,0.4452,15766.19,103.61,104.06,102.97,0.0,0,,0,,Normal,Classification automatique,VAL-008,2026-09-11 14:53:27.170366,2026-12-10 14:53:27.170366
CLS-000432,CRD-000432,CLI-004411,2025-11-18,Saine,C,Stage 1,0,0.019,0.6293,2370.35,28.27,33.17,32.14,0.0,0,,0,,Normal,Classification automatique,VAL-014,2026-09-11 14:53:27.173364,2026-12-10 14:53:27.173364
CLS-000433,CRD-000433,CLI-001873,2022-07-12,Saine,B,Stage 1,0,0.0128,0.2575,25304.87,83.12,85.04,81.37,0.0,0,,0,,Normal,Classification automatique,VAL-009,2026-09-11 14:53:27.176364,2026-12-10 14:53:27.176364
CLS-000434,CRD-000434,CLI-002846,2027-01-27,Saine,C,Stage 1,0,0.0191,0.4807,5065.34,46.51,53.65,53.62,0.0,0,,0,,Normal,Classification automatique,VAL-012,2026-09-11 14:53:27.178366,2026-12-10 14:53:27.178366
CLS-000435,CRD-000435,CLI-002054,2022-10-27,Saine,C,Stage 1,0,0.0174,0.7408,361185.1,4651.33,5493.69,5415.46,0.0,0,,0,,Normal,Classification automatique,VAL-001,2026-09-11 14:53:27.181364,2026-12-10 14:53:27.181364
CLS-000436,CRD-000436,CLI-002908,2024-09-18,Saine,B,Stage 2,10,0.0324,0.273,4492.64,39.78,41.0,39.18,0.0,0,,0,,Normal,Classification automatique,VAL-005,2026-09-11 14:53:27.183364,2026-12-10 14:53:27.183364
CLS-000437,CRD-000437,CLI-002255,2024-02-19,Saine,B,Stage 1,0,0.0158,0.4167,58500.75,384.71,400.49,392.65,0.0,0,,0,,Normal,Classification automatique,VAL-014,2026-09-11 14:53:27.186365,2026-12-10 14:53:27.186365
CLS-000438,CRD-000438,CLI-003913,2022-12-10,Saine,C,Stage 1,0,0.0106,0.6523,4587.54,31.79,33.76,33.23,0.0,0,,0,,Normal,Classification automatique,VAL-002,2026-09-11 14:53:27.188363,2026-12-10 14:53:27.188363
CLS-000439,CRD-000439,CLI-000178,2024-04-13,Saine,A,Stage 1,0,0.0114,0.4179,6928.61,33.05,39.62,38.33,0.0,0,,0,,Normal,Classification automatique,VAL-017,2026-09-11 14:53:27.191345,2026-12-10 14:53:27.191345
CLS-000440,CRD-000440,CLI-002891,2022-04-29,Saine,C,Stage 1,0,0.0088,0.5007,6779.42,30.04,30.94,29.78,0.0,0,,0,,Normal,Classification automatique,VAL-008,2026-09-11 14:53:27.194365,2026-12-10 14:53:27.194365
CLS-000441,CRD-000441,CLI-003674,2022-12-22,Saine,C,Stage 1,0,0.0135,0.5786,6405.98,50.18,59.81,57.48,0.0,0,2024-08-24,0,,Normal,Classification automatique,VAL-004,2026-09-11 14:53:27.197364,2026-12-10 14:53:27.197364
CLS-000442,CRD-000442,CLI-000081,2023-01-08,Saine,B,Stage 1,0,0.0148,0.5363,1432.22,11.36,12.51,12.29,0.0,0,,0,,Normal,Classification automatique,VAL-020,2026-09-11 14:53:27.202342,2026-12-10 14:53:27.202342
CLS-000443,CRD-000443,CLI-002562,2023-04-14,Saine,C,Stage 1,0,0.0163,0.204,19291.44,64.22,65.39,64.34,0.0,0,,0,,Normal,Classification automatique,VAL-015,2026-09-11 14:53:27.205363,2026-12-10 14:53:27.205363
CLS-000444,CRD-000444,CLI-001724,2024-01-11,Saine,C,Stage 1,0,0.0174,0.4858,627538.71,5301.68,6301.03,6239.32,0.0,0,,0,,Normal,Classification automatique,VAL-011,2026-09-11 14:53:27.208359,2026-12-10 14:53:27.208359
CLS-000445,CRD-000445,CLI-001618,2025-03-01,Saine,C,Stage 2,40,0.1255,0.3662,64054.69,2943.5,3013.83,2882.24,0.0,0,,0,,Retard de paiement,Classification automatique,VAL-019,2026-09-11 14:53:27.210366,2026-12-10 14:53:27.210366
CLS-000446,CRD-000446,CLI-001655,2025-03-27,Saine,B,Stage 1,0,0.0097,0.5214,304471.4,1546.92,1673.76,1606.82,0.0,0,,0,,Normal,Classification automatique,VAL-004,2026-09-11 14:53:27.214360,2026-12-10 14:53:27.214360
CLS-000447,CRD-000447,CLI-002329,2023-01-25,Saine,C,Stage 1,0,0.0078,0.3667,5950.36,17.09,19.03,18.22,0.0,0,,0,,Normal,Classification automatique,VAL-002,2026-09-11 14:53:27.217360,2026-12-10 14:53:27.217360
CLS-000448,CRD-000448,CLI-004614,2026-12-22,Saine,B,Stage 1,0,0.0112,0.4311,2003.74,9.71,11.06,10.72,0.0,0,,0,,Normal,Classification automatique,VAL-013,2026-09-11 14:53:27.219366,2026-12-10 14:53:27.219366
CLS-000449,CRD-000449,CLI-000222,2025-11-16,Saine,C,Stage 1,0,0.0133,0.4486,15870.65,94.65,97.88,95.04,0.0,0,,0,,Normal,Classification automatique,VAL-002,2026-09-11 14:53:27.222359,2026-12-10 14:53:27.222359
CLS-000450,CRD-000450,CLI-000094,2023-09-18,Saine,A,Stage 1,0,0.0105,0.7277,13754.11,105.57,118.8,114.16,0.0,0,,0,,Normal,Classification automatique,VAL-007,2026-09-11 14:53:27.224362,2026-12-10 14:53:27.224362
CLS-000451,CRD-000451,CLI-002610,2025-07-24,Saine,C,Stage 2,66,0.1428,0.4049,4723.1,273.06,307.46,304.59,0.0,0,,0,,Retard de paiement,Classification automatique,VAL-014,2026-09-11 14:53:27.227365,2026-12-10 14:53:27.227365
CLS-000452,CRD-000452,CLI-003383,2026-04-21,Saine,B,Stage 1,0,0.0065,0.4855,3837.17,12.09,13.12,12.75,0.0,0,,0,,Normal,Classification automatique,VAL-013,2026-09-11 14:53:27.231362,2026-12-10 14:53:27.231362
CLS-000453,CRD-000453,CLI-004416,2024-09-03,Pré-douteuse,D,Stage 3,127,0.2202,0.3939,2714.26,235.44,269.68,268.25,0.2,0,,0,,Retard de paiement,Classification automatique,VAL-014,2026-09-11 14:53:27.234364,2026-12-10 14:53:27.234364
CLS-000454,CRD-000454,CLI-001398,2024-03-27,Saine,A,Stage 1,0,0.0185,0.2035,237821.73,893.22,1071.18,1027.72,0.0,0,,0,,Normal,Classification automatique,VAL-010,2026-09-11 14:53:27.236367,2026-12-10 14:53:27.236367
CLS-000455,CRD-000455,CLI-004687,2026-02-13,Saine,C,Stage 1,0,0.0197,0.5417,835372.38,8922.3,10477.56,10373.38,0.0,0,,0,,Normal,Classification automatique,VAL-013,2026-09-11 14:53:27.239364,2026-12-10 14:53:27.239364
CLS-000456,CRD-000456,CLI-001293,2024-03-04,Saine,C,Stage 1,0,0.0123,0.6152,29213.19,221.17,261.45,248.8,0.0,0,,0,,Normal,Classification automatique,VAL-015,2026-09-11 14:53:27.242359,2026-12-10 14:53:27.242359
CLS-000457,CRD-000457,CLI-002165,2026-01-07,Saine,B,Stage 1,0,0.0095,0.6506,8667.03,53.55,59.22,56.55,0.0,0,,0,,Normal,Classification automatique,VAL-019,2026-09-11 14:53:27.244365,2026-12-10 14:53:27.244365
CLS-000458,CRD-000458,CLI-002940,2023-03-02,Compromise,D,Stage 3,373,0.7715,0.4219,103179.25,33584.86,40195.79,39349.57,1.0,0,,1,2023-12-16,Retard de paiement,Classification automatique,VAL-018,2026-09-11 14:53:27.247364,2026-12-10 14:53:27.247364
CLS-000459,CRD-000459,CLI-003669,2025-06-17,Saine,B,Stage 1,0,0.0099,0.6694,28100.86,185.88,194.05,186.33,0.0,0,,0,,Normal,Classification automatique,VAL-019,2026-09-11 14:53:27.250361,2026-12-10 14:53:27.250361
CLS-000460,CRD-000460,CLI-000813,2024-10-28,Saine,C,Stage 1,0,0.0131,0.3687,4329.96,20.94,21.91,20.99,0.0,0,,0,,Normal,Classification automatique,VAL-003,2026-09-11 14:53:27.253364,2026-12-10 14:53:27.253364
CLS-000461,CRD-000461,CLI-001259,2024-08-18,Saine,C,Stage 1,0,0.0057,0.448,678266.28,1719.91,1861.91,1803.71,0.0,0,,0,,Normal,Classification automatique,VAL-011,2026-09-11 14:53:27.256363,2026-12-10 14:53:27.256363
CLS-000462,CRD-000462,CLI-000890,2025-06-10,Saine,C,Stage 1,0,0.0174,0.4975,7390.8,64.09,73.17,73.16,0.0,0,,0,,Normal,Classification automatique,VAL-016,2026-09-11 14:53:27.259364,2026-12-10 14:53:27.259364
CLS-000463,CRD-000463,CLI-001452,2023-09-05,Saine,B,Stage 1,0,0.0073,0.4784,80748.22,281.01,336.02,333.26,0.0,0,,0,,Normal,Classification automatique,VAL-020,2026-09-11 14:53:27.262364,2026-12-10 14:53:27.262364
CLS-000464,CRD-000464,CLI-003317,2024-07-01,Saine,C,Stage 1,0,0.0175,0.3804,53096.46,353.56,421.12,419.22,0.0,0,,0,,Normal,Classification automatique,VAL-010,2026-09-11 14:53:27.265364,2026-12-10 14:53:27.265364
CLS-000465,CRD-000465,CLI-002560,2023-12-13,Saine,C,Stage 1,0,0.0097,0.3876,1060.81,4.01,4.3,4.14,0.0,0,,0,,Normal,Classification automatique,VAL-006,2026-09-11 14:53:27.268364,2026-12-10 14:53:27.268364
CLS-000466,CRD-000466,CLI-003575,2024-03-10,Saine,C,Stage 1,0,0.0171,0.4941,6142.75,51.82,55.38,53.46,0.0,0,,0,,Normal,Classification automatique,VAL-006,2026-09-11 14:53:27.270365,2026-12-10 14:53:27.270365
CLS-000467,CRD-000467,CLI-002681,2025-07-07,Saine,C,Stage 1,0,0.0172,0.2137,42098.86,154.93,162.3,157.48,0.0,1,,0,,Normal,Classification automatique,VAL-018,2026-09-11 14:53:27.273363,2026-12-10 14:53:27.273363
CLS-000468,CRD-000468,CLI-004652,2022-06-13,Saine,C,Stage 2,50,0.1418,0.7079,82475.79,8276.48,8328.34,7963.3,0.0,0,,0,,Retard de paiement,Classification automatique,VAL-006,2026-09-11 14:53:27.276363,2026-12-10 14:53:27.276363
CLS-000469,CRD-000469,CLI-004812,2023-05-27,Saine,A,Stage 1,0,0.0146,0.658,4752.95,45.53,46.52,45.9,0.0,1,,0,,Normal,Classification automatique,VAL-019,2026-09-11 14:53:27.279344,2026-12-10 14:53:27.279344
CLS-000470,CRD-000470,CLI-004680,2026-12-07,Saine,B,Stage 2,1,0.0432,0.2865,201429.16,2495.58,2536.25,2515.18,0.0,0,,0,,Normal,Classification automatique,VAL-001,2026-09-11 14:53:27.282341,2026-12-10 14:53:27.282341
CLS-000471,CRD-000471,CLI-002965,2025-11-16,Saine,C,Stage 1,0,0.0199,0.6551,8554.26,111.69,128.58,127.41,0.0,0,2026-08-14,0,,Normal,Classification automatique,VAL-009,2026-09-11 14:53:27.285340,2026-12-10 14:53:27.285340
CLS-000472,CRD-000472,CLI-002673,2026-02-16,Saine,B,Stage 1,0,0.0178,0.7457,460.75,6.12,6.41,6.28,0.0,0,,0,,Normal,Classification automatique,VAL-010,2026-09-11 14:53:27.287342,2026-12-10 14:53:27.287342
CLS-000473,CRD-000473,CLI-000562,2025-03-12,Saine,C,Stage 1,0,0.0124,0.4304,9034.91,48.1,55.75,54.69,0.0,1,,0,,Normal,Classification automatique,VAL-003,2026-09-11 14:53:27.290484,2026-12-10 14:53:27.290484
CLS-000474,CRD-000474,CLI-002779,2025-08-16,Saine,B,Stage 1,0,0.0132,0.5312,94654.04,664.55,766.39,762.59,0.0,0,,0,,Normal,Classification automatique,VAL-019,2026-09-11 14:53:27.292510,2026-12-10 14:53:27.292510
CLS-000475,CRD-000475,CLI-002949,2027-05-21,Saine,C,Stage 1,0,0.0125,0.5093,55507.43,351.97,366.24,361.41,0.0,1,,0,,Normal,Classification automatique,VAL-010,2026-09-11 14:53:27.295508,2026-12-10 14:53:27.295508
CLS-000476,CRD-000476,CLI-002818,2025-08-20,Saine,A,Stage 1,0,0.019,0.3638,9978.68,69.06,71.43,68.73,0.0,0,,0,,Normal,Classification automatique,VAL-018,2026-09-11 14:53:27.298509,2026-12-10 14:53:27.298509
CLS-000477,CRD-000477,CLI-002759,2026-11-12,Saine,B,Stage 1,0,0.0088,0.5455,4520.16,21.75,24.28,23.88,0.0,0,,0,,Normal,Classification automatique,VAL-012,2026-09-11 14:53:27.300509,2026-12-10 14:53:27.300509
CLS-000478,CRD-000478,CLI-001757,2024-10-19,Saine,C,Stage 1,0,0.0163,0.2138,33814.05,118.15,140.8,135.2,0.0,0,,0,,Normal,Classification automatique,VAL-019,2026-09-11 14:53:27.303509,2026-12-10 14:53:27.303509
CLS-000479,CRD-000479,CLI-000725,2025-01-14,Saine,C,Stage 1,0,0.0071,0.4961,64241.77,226.8,271.16,261.2,0.0,0,,0,,Normal,Classification automatique,VAL-010,2026-09-11 14:53:27.306507,2026-12-10 14:53:27.306507
CLS-000480,CRD-000480,CLI-000220,2023-02-01,Saine,A,Stage 1,0,0.0075,0.3851,35888.83,103.68,116.98,114.98,0.0,0,,0,,Normal,Classification automatique,VAL-004,2026-09-11 14:53:27.309489,2026-12-10 14:53:27.309489
CLS-000481,CRD-000481,CLI-004140,2025-05-30,Pré-douteuse,D,Stage 3,176,0.1724,0.2876,3063.49,151.91,180.08,177.47,0.2,0,,0,,Retard de paiement,Classification automatique,VAL-008,2026-09-11 14:53:27.313507,2026-12-10 14:53:27.313507
CLS-000482,CRD-000482,CLI-003958,2023-07-20,Saine,A,Stage 1,0,0.0172,0.7358,1002.68,12.68,14.62,14.13,0.0,0,,0,,Normal,Classification automatique,VAL-004,2026-09-11 14:53:27.316493,2026-12-10 14:53:27.316493
CLS-000483,CRD-000483,CLI-001589,2025-08-24,Saine,C,Stage 1,0,0.0195,0.5408,17917.83,188.81,211.44,205.4,0.0,0,,0,,Normal,Classification automatique,VAL-014,2026-09-11 14:53:27.319494,2026-12-10 14:53:27.319494
CLS-000484,CRD-000484,CLI-003348,2026-10-07,Saine,C,Stage 1,0,0.015,0.3533,45891.73,242.42,275.74,265.6,0.0,0,,0,,Normal,Classification automatique,VAL-018,2026-09-11 14:53:27.323493,2026-12-10 14:53:27.323493
CLS-000485,CRD-000485,CLI-003971,2023-12-05,Saine,A,Stage 1,0,0.0108,0.5167,9715.05,54.07,58.5,57.66,0.0,0,,0,,Normal,Classification automatique,VAL-001,2026-09-11 14:53:27.328484,2026-12-10 14:53:27.328484
CLS-000486,CRD-000486,CLI-004708,2026-02-18,Saine,C,Stage 1,0,0.0109,0.2529,9571.24,26.44,26.98,26.97,0.0,0,,0,,Normal,Classification automatique,VAL-017,2026-09-11 14:53:27.331509,2026-12-10 14:53:27.331509
CLS-000487,CRD-000487,CLI-000044,2024-07-27,Saine,B,Stage 1,0,0.0176,0.3631,42787.64,273.08,304.72,296.99,0.0,0,,0,,Normal,Classification automatique,VAL-005,2026-09-11 14:53:27.334506,2026-12-10 14:53:27.334506
CLS-000488,CRD-000488,CLI-003002,2026-03-01,Saine,C,Stage 1,0,0.0183,0.5877,5109.39,54.94,64.62,61.79,0.0,1,,0,,Normal,Classification automatique,VAL-004,2026-09-11 14:53:27.336505,2026-12-10 14:53:27.336505
CLS-000489,CRD-000489,CLI-000211,2026-03-13,Pré-douteuse,D,Stage 3,158,0.2481,0.5067,7591.04,954.28,1056.79,1010.36,0.2,0,,0,,Retard de paiement,Classification automatique,VAL-004,2026-09-11 14:53:27.339507,2026-12-10 14:53:27.339507
CLS-000490,CRD-000490,CLI-000678,2022-09-28,Saine,C,Stage 1,0,0.0177,0.2133,155649.48,586.62,632.67,611.43,0.0,0,,0,,Normal,Classification automatique,VAL-017,2026-09-11 14:53:27.341509,2026-12-10 14:53:27.341509
CLS-000491,CRD-000491,CLI-000355,2023-10-17,Saine,A,Stage 1,0,0.0152,0.2251,11444.37,39.03,39.87,38.1,0.0,1,2024-04-07,0,,Normal,Classification automatique,VAL-008,2026-09-11 14:53:27.345489,2026-12-10 14:53:27.345489
CLS-000492,CRD-000492,CLI-001434,2026-07-22,Saine,B,Stage 1,0,0.0157,0.2065,139.59,0.45,0.48,0.46,0.0,0,,0,,Normal,Classification automatique,VAL-015,2026-09-11 14:53:27.348488,2026-12-10 14:53:27.348488
CLS-000493,CRD-000493,CLI-000950,2022-12-30,Saine,B,Stage 1,0,0.0144,0.2947,8776.29,37.14,41.9,41.83,0.0,0,,0,,Normal,Classification automatique,VAL-018,2026-09-11 14:53:27.351734,2026-12-10 14:53:27.351734
CLS-000494,CRD-000494,CLI-002844,2023-11-24,Douteuse,D,Stage 3,266,0.5796,0.6015,384.07,133.89,135.11,130.13,0.5,0,,1,2023-11-24,Retard de paiement,Classification automatique,VAL-010,2026-09-11 14:53:27.353732,2026-12-10 14:53:27.353732
CLS-000495,CRD-000495,CLI-000578,2026-06-08,Saine,A,Stage 1,0,0.016,0.316,21042.09,106.26,112.29,111.19,0.0,0,,0,,Normal,Classification automatique,VAL-019,2026-09-11 14:53:27.356734,2026-12-10 14:53:27.356734
CLS-000496,CRD-000496,CLI-003929,2026-04-19,Saine,B,Stage 1,0,0.0105,0.3584,2637.09,9.89,11.23,10.68,0.0,0,,0,,Normal,Classification automatique,VAL-013,2026-09-11 14:53:27.359733,2026-12-10 14:53:27.359733
CLS-000497,CRD-000497,CLI-000545,2023-02-08,Saine,C,Stage 1,0,0.0137,0.3473,151964.51,724.88,821.74,808.39,0.0,0,,0,,Normal,Classification automatique,VAL-016,2026-09-11 14:53:27.362734,2026-12-10 14:53:27.362734
CLS-000498,CRD-000498,CLI-000368,2026-09-22,Douteuse,D,Stage 3,183,0.5398,0.4565,1206.44,297.28,333.49,327.65,0.5,0,,1,2026-10-17,Retard de paiement,Classification automatique,VAL-005,2026-09-11 14:53:27.365890,2026-12-10 14:53:27.365890
CLS-000499,CRD-000499,CLI-001613,2024-05-05,Saine,B,Stage 1,0,0.0051,0.4442,220684.53,502.69,574.87,556.14,0.0,0,,0,,Normal,Classification automatique,VAL-019,2026-09-11 14:53:27.367889,2026-12-10 14:53:27.367889
CLS-000500,CRD-000500,CLI-003551,2026-01-13,Saine,B,Stage 1,0,0.0124,0.2591,240.21,0.77,0.77,0.75,0.0,0,,0,,Normal,Classification automatique,VAL-013,2026-09-11 14:53:27.370890,2026-12-10 14:53:27.370890
CLS-000501,CRD-000501,CLI-003717,2024-06-17,Pré-douteuse,D,Stage 3,94,0.1715,0.6304,19000.96,2054.41,2140.98,2035.6,0.2,0,,0,,Retard de paiement,Classification automatique,VAL-013,2026-09-11 14:53:27.373940,2026-12-10 14:53:27.373940
CLS-000502,CRD-000502,CLI-003780,2026-11-17,Pré-douteuse,D,Stage 3,158,0.2756,0.4693,36311.65,4696.19,5251.43,5093.34,0.2,0,,0,,Retard de paiement,Classification automatique,VAL-010,2026-09-11 14:53:27.377085,2026-12-10 14:53:27.377085
CLS-000503,CRD-000503,CLI-000136,2027-04-12,Saine,B,Stage 1,0,0.0085,0.5337,821498.86,3743.21,4129.01,4117.64,0.0,0,,0,,Normal,Classification automatique,VAL-001,2026-09-11 14:53:27.379085,2026-12-10 14:53:27.379085
CLS-000504,CRD-000504,CLI-004481,2025-03-10,Saine,B,Stage 1,0,0.0195,0.528,74481.96,765.96,873.64,838.68,0.0,0,,0,,Normal,Classification automatique,VAL-014,2026-09-11 14:53:27.382085,2026-12-10 14:53:27.382085
CLS-000505,CRD-000505,CLI-001438,2026-05-13,Pré-douteuse,D,Stage 3,124,0.2567,0.3856,278088.22,27523.37,31450.42,30913.01,0.2,0,,0,,Retard de paiement,Classification automatique,VAL-008,2026-09-11 14:53:27.384084,2026-12-10 14:53:27.384084
CLS-000506,CRD-000506,CLI-000048,2024-10-13,Saine,C,Stage 1,0,0.0168,0.5446,9991.43,91.42,106.76,105.7,0.0,0,,0,,Normal,Classification automatique,VAL-004,2026-09-11 14:53:27.387085,2026-12-10 14:53:27.387085
CLS-000507,CRD-000507,CLI-001361,2023-09-12,Saine,C,Stage 1,0,0.0148,0.4147,49564.33,303.8,308.9,307.76,0.0,0,2024-09-18,0,,Normal,Classification automatique,VAL-012,2026-09-11 14:53:27.389084,2026-12-10 14:53:27.389084
CLS-000508,CRD-000508,CLI-000735,2025-06-18,Saine,C,Stage 1,0,0.0162,0.5873,36070.98,343.76,384.77,374.88,0.0,0,,0,,Normal,Classification automatique,VAL-019,2026-09-11 14:53:27.392326,2026-12-10 14:53:27.392326
CLS-000509,CRD-000509,CLI-001535,2023-03-21,Saine,C,Stage 1,0,0.0137,0.57,279123.68,2185.14,2558.92,2504.83,0.0,0,,0,,Normal,Classification automatique,VAL-002,2026-09-11 14:53:27.395325,2026-12-10 14:53:27.395325
CLS-000510,CRD-000510,CLI-002005,2022-02-03,Saine,C,Stage 1,0,0.0084,0.3859,26957.06,87.78,94.05,93.87,0.0,0,,0,,Normal,Classification automatique,VAL-010,2026-09-11 14:53:27.397327,2026-12-10 14:53:27.397327
CLS-000511,CRD-000511,CLI-003796,2025-09-18,Saine,C,Stage 1,0,0.0177,0.3905,6897.66,47.72,48.79,47.03,0.0,0,,0,,Normal,Classification automatique,VAL-012,2026-09-11 14:53:27.400499,2026-12-10 14:53:27.400499
CLS-000512,CRD-000512,CLI-002520,2024-05-23,Saine,B,Stage 1,0,0.0187,0.3077,62424.64,358.32,408.31,400.08,0.0,1,,0,,Normal,Classification automatique,VAL-016,2026-09-11 14:53:27.402502,2026-12-10 14:53:27.402502
CLS-000513,CRD-000513,CLI-001973,2022-01-17,Saine,B,Stage 1,0,0.0109,0.4731,4420.41,22.86,24.45,24.44,0.0,0,,0,,Normal,Classification automatique,VAL-017,2026-09-11 14:53:27.405499,2026-12-10 14:53:27.405499
CLS-000514,CRD-000514,CLI-000997,2023-12-10,Pré-douteuse,D,Stage 3,174,0.2186,0.5471,19300.69,2308.85,2370.5,2333.61,0.2,0,,0,,Retard de paiement,Classification automatique,VAL-004,2026-09-11 14:53:27.408480,2026-12-10 14:53:27.408480
CLS-000515,CRD-000515,CLI-000062,2026-03-30,Saine,C,Stage 1,0,0.013,0.2752,6752.28,24.16,28.1,27.04,0.0,1,,0,,Normal,Classification automatique,VAL-008,2026-09-11 14:53:27.411480,2026-12-10 14:53:27.411480
CLS-000516,CRD-000516,CLI-001109,2022-05-09,Saine,A,Stage 1,0,0.0184,0.4333,50709.46,404.45,446.32,431.45,0.0,0,,0,,Normal,Classification automatique,VAL-018,2026-09-11 14:53:27.413480,2026-12-10 14:53:27.413480
CLS-000517,CRD-000517,CLI-002406,2024-10-23,Saine,A,Stage 1,0,0.0162,0.4551,0.0,0.0,0.0,0.0,0.0,0,,0,,Normal,Classification automatique,VAL-018,2026-09-11 14:53:27.415854,2026-12-10 14:53:27.415854
CLS-000518,CRD-000518,CLI-000096,2024-06-29,Saine,C,Stage 1,0,0.007,0.6574,24850.49,114.16,118.04,112.45,0.0,0,,0,,Normal,Classification automatique,VAL-003,2026-09-11 14:53:27.418857,2026-12-10 14:53:27.418857
CLS-000519,CRD-000519,CLI-000479,2021-11-23,Saine,C,Stage 1,0,0.0137,0.3687,35845.31,180.72,200.04,194.38,0.0,0,,0,,Normal,Classification automatique,VAL-016,2026-09-11 14:53:27.421870,2026-12-10 14:53:27.421870
CLS-000520,CRD-000520,CLI-004360,2022-04-19,Saine,B,Stage 2,26,0.028,0.3471,1791.8,17.39,18.72,17.99,0.0,0,,0,,Normal,Classification automatique,VAL-003,2026-09-11 14:53:27.424859,2026-12-10 14:53:27.424859
CLS-000521,CRD-000521,CLI-004113,2026-05-28,Saine,C,Stage 1,0,0.0071,0.3818,32705.19,88.91,93.36,89.1,0.0,0,,0,,Normal,Classification automatique,VAL-007,2026-09-11 14:53:27.428861,2026-12-10 14:53:27.428861
CLS-000522,CRD-000522,CLI-003708,2022-07-04,Saine,C,Stage 1,0,0.0104,0.2957,7584.9,23.26,24.52,24.32,0.0,0,,0,,Normal,Classification automatique,VAL-018,2026-09-11 14:53:27.431853,2026-12-10 14:53:27.431853
CLS-000523,CRD-000523,CLI-001102,2022-04-21,Saine,C,Stage 1,0,0.019,0.3874,11560.74,85.11,97.93,93.28,0.0,0,,0,,Normal,Classification automatique,VAL-017,2026-09-11 14:53:27.434853,2026-12-10 14:53:27.434853
CLS-000524,CRD-000524,CLI-002747,2025-07-16,Douteuse,D,Stage 3,336,0.4962,0.4863,623296.81,150377.19,151561.07,150697.74,0.5,0,,1,2025-06-21,Retard de paiement,Classification automatique,VAL-012,2026-09-11 14:53:27.436854,2026-12-10 14:53:27.436854
CLS-000525,CRD-000525,CLI-002171,2026-12-27,Saine,B,Stage 1,0,0.0109,0.4038,165029.7,724.37,843.89,813.54,0.0,0,,0,,Normal,Classification automatique,VAL-003,2026-09-11 14:53:27.439854,2026-12-10 14:53:27.439854
CLS-000526,CRD-000526,CLI-000323,2025-02-10,Saine,B,Stage 1,0,0.0135,0.3401,37402.8,171.53,185.9,179.81,0.0,0,,0,,Normal,Classification automatique,VAL-017,2026-09-11 14:53:27.442853,2026-12-10 14:53:27.442853
CLS-000527,CRD-000527,CLI-004255,2023-05-19,Saine,B,Stage 1,0,0.0159,0.5262,4124.52,34.55,35.6,34.48,0.0,0,,0,,Normal,Classification automatique,VAL-013,2026-09-11 14:53:27.445873,2026-12-10 14:53:27.445873
CLS-000528,CRD-000528,CLI-003143,2025-03-30,Saine,B,Stage 1,0,0.0197,0.4859,40824.97,389.94,460.4,456.91,0.0,0,,0,,Normal,Classification automatique,VAL-008,2026-09-11 14:53:27.448876,2026-12-10 14:53:27.448876
CLS-000529,CRD-000529,CLI-003538,2025-05-26,Saine,C,Stage 1,0,0.0128,0.4036,24924.34,128.35,147.36,140.18,0.0,0,,0,,Normal,Classification automatique,VAL-016,2026-09-11 14:53:27.450877,2026-12-10 14:53:27.450877
CLS-000530,CRD-000530,CLI-004926,2025-08-17,Saine,B,Stage 1,0,0.0077,0.5155,23350.31,92.55,96.09,94.55,0.0,1,,0,,Normal,Classification automatique,VAL-011,2026-09-11 14:53:27.453854,2026-12-10 14:53:27.453854
CLS-000531,CRD-000531,CLI-002925,2023-12-19,Pré-douteuse,D,Stage 3,137,0.317,0.4736,8528.19,1280.39,1334.82,1332.75,0.2,0,,0,,Retard de paiement,Classification automatique,VAL-005,2026-09-11 14:53:27.456876,2026-12-10 14:53:27.456876
CLS-000532,CRD-000532,CLI-001150,2024-09-03,Saine,B,Stage 1,0,0.0089,0.3634,2865.44,9.3,9.35,8.98,0.0,0,,0,,Normal,Classification automatique,VAL-012,2026-09-11 14:53:27.459872,2026-12-10 14:53:27.459872
CLS-000533,CRD-000533,CLI-003618,2025-03-25,Saine,C,Stage 1,0,0.0172,0.4665,7836.96,62.92,73.57,71.4,0.0,0,,0,,Normal,Classification automatique,VAL-015,2026-09-11 14:53:27.461853,2026-12-10 14:53:27.461853
CLS-000534,CRD-000534,CLI-000292,2026-01-21,Saine,C,Stage 1,0,0.0198,0.3626,21533.73,154.88,158.84,154.95,0.0,0,,0,,Normal,Classification automatique,VAL-006,2026-09-11 14:53:27.464855,2026-12-10 14:53:27.464855
CLS-000535,CRD-000535,CLI-003750,2025-07-28,Saine,C,Stage 1,0,0.0125,0.3359,35507.96,148.78,176.09,174.59,0.0,0,,0,,Normal,Classification automatique,VAL-018,2026-09-11 14:53:27.468044,2026-12-10 14:53:27.468044
CLS-000536,CRD-000536,CLI-003587,2027-03-20,Saine,C,Stage 1,0,0.0162,0.4797,1130.85,8.78,10.3,9.87,0.0,1,,0,,Normal,Classification automatique,VAL-013,2026-09-11 14:53:27.471046,2026-12-10 14:53:27.471046
CLS-000537,CRD-000537,CLI-000534,2026-03-07,Saine,C,Stage 1,0,0.0194,0.6824,5962.15,78.96,79.9,78.47,0.0,0,,0,,Normal,Classification automatique,VAL-018,2026-09-11 14:53:27.473046,2026-12-10 14:53:27.473046
CLS-000538,CRD-000538,CLI-003608,2025-12-29,Pré-douteuse,D,Stage 3,145,0.3007,0.4293,24737.86,3193.47,3381.54,3244.79,0.2,0,,0,,Retard de paiement,Classification automatique,VAL-013,2026-09-11 14:53:27.476200,2026-12-10 14:53:27.476200
CLS-000539,CRD-000539,CLI-002649,2025-01-30,Saine,C,Stage 1,0,0.0119,0.297,2403.08,8.47,9.15,8.73,0.0,0,,0,,Normal,Classification automatique,VAL-007,2026-09-11 14:53:27.478204,2026-12-10 14:53:27.478204
CLS-000540,CRD-000540,CLI-004811,2023-04-23,Saine,A,Stage 1,0,0.0157,0.4,8834.41,55.42,62.21,61.23,0.0,0,,0,,Normal,Classification automatique,VAL-004,2026-09-11 14:53:27.481203,2026-12-10 14:53:27.481203
CLS-000541,CRD-000541,CLI-001984,2022-10-05,Saine,B,Stage 1,0,0.0148,0.532,3067.54,24.1,28.28,28.24,0.0,0,,0,,Normal,Classification automatique,VAL-009,2026-09-11 14:53:27.483204,2026-12-10 14:53:27.483204
CLS-000542,CRD-000542,CLI-002933,2022-09-23,Saine,C,Stage 1,0,0.0127,0.3684,32771.68,153.76,159.35,152.32,0.0,0,,0,,Normal,Classification automatique,VAL-019,2026-09-11 14:53:27.486203,2026-12-10 14:53:27.486203
CLS-000543,CRD-000543,CLI-001537,2024-06-25,Saine,A,Stage 1,0,0.0088,0.3584,3251.84,10.23,11.88,11.35,0.0,0,,0,,Normal,Classification automatique,VAL-002,2026-09-11 14:53:27.489204,2026-12-10 14:53:27.489204
CLS-000544,CRD-000544,CLI-004535,2024-09-25,Saine,B,Stage 1,0,0.0071,0.5275,8302.44,31.02,37.13,35.85,0.0,0,,0,,Normal,Classification automatique,VAL-014,2026-09-11 14:53:27.491337,2026-12-10 14:53:27.491337
CLS-000545,CRD-000545,CLI-004173,2023-11-23,Saine,C,Stage 1,0,0.0051,0.27,18299.86,25.03,27.24,26.23,0.0,0,,0,,Normal,Classification automatique,VAL-009,2026-09-11 14:53:27.493341,2026-12-10 14:53:27.493341
CLS-000546,CRD-000546,CLI-003361,2024-02-12,Saine,C,Stage 1,0,0.0125,0.6267,9894.58,77.57,86.95,82.69,0.0,0,,0,,Normal,Classification automatique,VAL-019,2026-09-11 14:53:27.496341,2026-12-10 14:53:27.496341
CLS-000547,CRD-000547,CLI-003666,2026-05-07,Saine,C,Stage 1,0,0.0125,0.3889,144410.53,699.49,722.24,718.01,0.0,1,,0,,Normal,Classification automatique,VAL-008,2026-09-11 14:53:27.499522,2026-12-10 14:53:27.499522
CLS-000548,CRD-000548,CLI-004006,2024-05-27,Saine,C,Stage 1,0,0.0115,0.3276,1260.23,4.76,4.99,4.77,0.0,0,,0,,Normal,Classification automatique,VAL-008,2026-09-11 14:53:27.501523,2026-12-10 14:53:27.501523
CLS-000549,CRD-000549,CLI-003627,2024-08-19,Saine,A,Stage 1,0,0.0158,0.7437,6636.11,77.75,90.12,89.66,0.0,0,,0,,Normal,Classification automatique,VAL-009,2026-09-11 14:53:27.504522,2026-12-10 14:53:27.504522
CLS-000550,CRD-000550,CLI-000587,2023-11-11,Saine,C,Stage 1,0,0.0126,0.3498,19907.07,88.0,92.47,88.67,0.0,1,,0,,Normal,Classification automatique,VAL-001,2026-09-11 14:53:27.506522,2026-12-10 14:53:27.506522
CLS-000551,CRD-000551,CLI-003257,2022-08-26,Saine,C,Stage 1,0,0.0066,0.5279,15493.36,54.11,60.53,57.7,0.0,0,,0,,Normal,Classification automatique,VAL-009,2026-09-11 14:53:27.509522,2026-12-10 14:53:27.509522
CLS-000552,CRD-000552,CLI-002299,2023-07-28,Saine,C,Stage 1,0,0.0094,0.6891,15695.54,101.46,104.75,102.79,0.0,0,,0,,Normal,Classification automatique,VAL-011,2026-09-11 14:53:27.511522,2026-12-10 14:53:27.511522
CLS-000553,CRD-000553,CLI-003989,2022-08-09,Saine,A,Stage 1,0,0.016,0.2352,26850.44,100.9,116.85,116.57,0.0,0,,0,,Normal,Classification automatique,VAL-016,2026-09-11 14:53:27.514522,2026-12-10 14:53:27.514522
CLS-000554,CRD-000554,CLI-000585,2022-12-25,Saine,C,Stage 2,21,0.0436,0.5021,221492.84,4852.12,5291.98,5264.87,0.0,0,,0,,Normal,Classification automatique,VAL-019,2026-09-11 14:53:27.517521,2026-12-10 14:53:27.517521
CLS-000555,CRD-000555,CLI-002424,2023-02-17,Saine,A,Stage 1,0,0.0194,0.3377,1821.46,11.91,14.02,13.32,0.0,0,,0,,Normal,Classification automatique,VAL-013,2026-09-11 14:53:27.519522,2026-12-10 14:53:27.519522
CLS-000556,CRD-000556,CLI-001392,2024-06-29,Saine,C,Stage 1,0,0.009,0.5956,321050.85,1725.33,2015.87,1929.3,0.0,0,,0,,Normal,Classification automatique,VAL-007,2026-09-11 14:53:27.522522,2026-12-10 14:53:27.522522
CLS-000557,CRD-000557,CLI-004526,2025-12-18,Saine,C,Stage 1,0,0.0075,0.2263,66822.24,113.07,120.73,115.53,0.0,0,,0,,Normal,Classification automatique,VAL-002,2026-09-11 14:53:27.524521,2026-12-10 14:53:27.524521
CLS-000558,CRD-000558,CLI-004921,2023-11-12,Saine,C,Stage 1,0,0.0081,0.383,17828.64,55.59,56.89,56.87,0.0,0,,0,,Normal,Classification automatique,VAL-015,2026-09-11 14:53:27.527521,2026-12-10 14:53:27.527521
CLS-000559,CRD-000559,CLI-004801,2025-08-10,Saine,C,Stage 1,0,0.0121,0.4125,6104.53,30.37,36.02,35.14,0.0,0,,0,,Normal,Classification automatique,VAL-014,2026-09-11 14:53:27.530517,2026-12-10 14:53:27.530517
CLS-000560,CRD-000560,CLI-003241,2026-01-17,Saine,B,Stage 1,0,0.0121,0.4345,154323.27,808.42,967.71,927.74,0.0,0,,0,,Normal,Classification automatique,VAL-011,2026-09-11 14:53:27.532519,2026-12-10 14:53:27.532519
CLS-000561,CRD-000561,CLI-004282,2025-11-05,Saine,A,Stage 1,0,0.0152,0.6756,6215.38,63.87,71.94,71.71,0.0,0,,0,,Normal,Classification automatique,VAL-010,2026-09-11 14:53:27.535518,2026-12-10 14:53:27.535518
CLS-000562,CRD-000562,CLI-003339,2025-07-10,Saine,B,Stage 1,0,0.0072,0.2091,45830.56,68.59,78.07,74.97,0.0,0,,0,,Normal,Classification automatique,VAL-007,2026-09-11 14:53:27.537519,2026-12-10 14:53:27.537519
CLS-000563,CRD-000563,CLI-003221,2023-05-14,Saine,C,Stage 1,0,0.0185,0.2947,448247.49,2449.93,2563.78,2508.19,0.0,0,2024-05-10,0,,Normal,Classification automatique,VAL-012,2026-09-11 14:53:27.540518,2026-12-10 14:53:27.540518
CLS-000564,CRD-000564,CLI-002112,2022-09-30,Saine,B,Stage 1,0,0.0074,0.2048,10039.32,15.3,18.01,17.36,0.0,0,,0,,Normal,Classification automatique,VAL-014,2026-09-11 14:53:27.543812,2026-12-10 14:53:27.543812
CLS-000565,CRD-000565,CLI-001175,2023-09-26,Saine,C,Stage 1,0,0.0105,0.265,443732.99,1235.18,1310.1,1264.45,0.0,0,,0,,Normal,Classification automatique,VAL-007,2026-09-11 14:53:27.546813,2026-12-10 14:53:27.546813
CLS-000566,CRD-000566,CLI-004863,2024-03-28,Saine,C,Stage 1,0,0.0094,0.4498,12349.02,52.15,54.65,53.32,0.0,0,,0,,Normal,Classification automatique,VAL-004,2026-09-11 14:53:27.548814,2026-12-10 14:53:27.548814
CLS-000567,CRD-000567,CLI-003812,2024-09-20,Saine,C,Stage 1,0,0.011,0.2071,516183.26,1174.26,1374.42,1353.0,0.0,0,,0,,Normal,Classification automatique,VAL-009,2026-09-11 14:53:27.551811,2026-12-10 14:53:27.551811
CLS-000568,CRD-000568,CLI-001868,2024-04-15,Saine,B,Stage 1,0,0.0185,0.2342,2180.55,9.45,10.19,9.74,0.0,0,,0,,Normal,Classification automatique,VAL-003,2026-09-11 14:53:27.554811,2026-12-10 14:53:27.554811
CLS-000569,CRD-000569,CLI-002615,2024-04-10,Pré-douteuse,D,Stage 3,100,0.3246,0.4889,192662.17,30570.69,35817.06,34059.09,0.2,0,,0,,Retard de paiement,Classification automatique,VAL-003,2026-09-11 14:53:27.557791,2026-12-10 14:53:27.557791
CLS-000570,CRD-000570,CLI-003867,2027-01-05,Saine,C,Stage 1,0,0.0151,0.3564,106318.73,573.04,623.9,598.1,0.0,0,,0,,Normal,Classification automatique,VAL-003,2026-09-11 14:53:27.560790,2026-12-10 14:53:27.560790
CLS-000571,CRD-000571,CLI-004886,2025-08-13,Saine,C,Stage 1,0,0.013,0.5543,25916.12,186.41,223.57,213.25,0.0,0,,0,,Normal,Classification automatique,VAL-018,2026-09-11 14:53:27.563790,2026-12-10 14:53:27.563790
CLS-000572,CRD-000572,CLI-003779,2025-03-03,Saine,A,Stage 1,0,0.0095,0.4732,27547.18,123.37,137.36,136.63,0.0,0,,0,,Normal,Classification automatique,VAL-012,2026-09-11 14:53:27.565792,2026-12-10 14:53:27.565792
CLS-000573,CRD-000573,CLI-003847,2024-02-04,Saine,C,Stage 1,0,0.0075,0.2246,10792.93,18.25,20.42,20.15,0.0,0,,0,,Normal,Classification automatique,VAL-018,2026-09-11 14:53:27.568791,2026-12-10 14:53:27.568791
CLS-000574,CRD-000574,CLI-002417,2024-10-31,Saine,C,Stage 1,0,0.0192,0.6092,38758.29,453.44,456.67,436.23,0.0,0,,0,,Normal,Classification automatique,VAL-005,2026-09-11 14:53:27.570793,2026-12-10 14:53:27.570793
CLS-000575,CRD-000575,CLI-000071,2023-10-10,Saine,B,Stage 1,0,0.0085,0.4674,1138.24,4.54,5.26,5.18,0.0,1,,0,,Normal,Classification automatique,VAL-006,2026-09-11 14:53:27.573791,2026-12-10 14:53:27.573791
CLS-000576,CRD-000576,CLI-004881,2025-05-03,Saine,C,Stage 1,0,0.0117,0.6879,2961373.79,23768.67,27266.56,26626.09,0.0,0,,0,,Normal,Classification automatique,VAL-004,2026-09-11 14:53:27.576790,2026-12-10 14:53:27.576790
CLS-000577,CRD-000577,CLI-001127,2026-07-02,Saine,C,Stage 1,0,0.0116,0.4642,38192.53,205.95,229.84,225.95,0.0,0,,0,,Normal,Classification automatique,VAL-015,2026-09-11 14:53:27.579811,2026-12-10 14:53:27.579811
CLS-000578,CRD-000578,CLI-004025,2023-04-03,Saine,C,Stage 1,0,0.0069,0.4197,27128.97,78.99,94.36,93.26,0.0,0,,0,,Normal,Classification automatique,VAL-009,2026-09-11 14:53:27.582811,2026-12-10 14:53:27.582811
CLS-000579,CRD-000579,CLI-003251,2024-10-07,Saine,C,Stage 1,0,0.0132,0.4417,101992.91,596.05,649.83,623.39,0.0,0,2025-06-16,0,,Normal,Classification automatique,VAL-004,2026-09-11 14:53:27.584812,2026-12-10 14:53:27.584812
CLS-000580,CRD-000580,CLI-003902,2024-09-13,Saine,C,Stage 1,0,0.0105,0.332,54517.22,189.28,198.7,192.9,0.0,0,,0,,Normal,Classification automatique,VAL-017,2026-09-11 14:53:27.587812,2026-12-10 14:53:27.587812
CLS-000581,CRD-000581,CLI-001096,2027-06-23,Saine,C,Stage 1,0,0.0075,0.3653,130688.38,356.05,415.26,411.35,0.0,0,,0,,Normal,Classification automatique,VAL-002,2026-09-11 14:53:27.589920,2026-12-10 14:53:27.589920
CLS-000582,CRD-000582,CLI-004546,2023-09-23,Saine,C,Stage 1,0,0.006,0.5469,1188.38,3.92,3.98,3.96,0.0,0,,0,,Normal,Classification automatique,VAL-017,2026-09-11 14:53:27.592944,2026-12-10 14:53:27.592944
CLS-000583,CRD-000583,CLI-001213,2024-08-26,Saine,B,Stage 1,0,0.0068,0.4024,254170.96,690.47,727.77,713.6,0.0,0,,0,,Normal,Classification automatique,VAL-013,2026-09-11 14:53:27.595940,2026-12-10 14:53:27.595940
CLS-000584,CRD-000584,CLI-003922,2023-12-28,Pré-douteuse,D,Stage 3,120,0.1762,0.3281,3379.56,195.39,198.63,196.91,0.2,0,,0,,Retard de paiement,Classification automatique,VAL-009,2026-09-11 14:53:27.597945,2026-12-10 14:53:27.597945
CLS-000585,CRD-000585,CLI-001426,2022-10-06,Saine,C,Stage 1,0,0.0138,0.3833,28512.17,150.36,157.24,150.89,0.0,0,,0,,Normal,Classification automatique,VAL-001,2026-09-11 14:53:27.601133,2026-12-10 14:53:27.601133
CLS-000586,CRD-000586,CLI-003067,2026-09-09,Saine,B,Stage 1,0,0.0077,0.3765,992223.63,2863.6,3406.44,3307.1,0.0,0,,0,,Normal,Classification automatique,VAL-002,2026-09-11 14:53:27.603133,2026-12-10 14:53:27.603133
CLS-000587,CRD-000587,CLI-004520,2025-09-23,Saine,B,Stage 1,0,0.0104,0.2263,1211490.75,2861.43,3414.93,3388.11,0.0,1,,0,,Normal,Classification automatique,VAL-016,2026-09-11 14:53:27.606133,2026-12-10 14:53:27.606133
CLS-000588,CRD-000588,CLI-002101,2023-05-31,Saine,A,Stage 1,0,0.0146,0.4511,76609.0,505.42,520.83,511.97,0.0,0,,0,,Normal,Classification automatique,VAL-011,2026-09-11 14:53:27.609133,2026-12-10 14:53:27.609133
CLS-000589,CRD-000589,CLI-000808,2024-08-09,Saine,C,Stage 1,0,0.0126,0.4742,9206.31,55.2,58.44,58.32,0.0,0,,0,,Normal,Classification automatique,VAL-014,2026-09-11 14:53:27.611133,2026-12-10 14:53:27.611133
CLS-000590,CRD-000590,CLI-004744,2026-02-06,Saine,A,Stage 1,0,0.0175,0.2274,0.0,0.0,0.0,0.0,0.0,0,,0,,Normal,Classification automatique,VAL-010,2026-09-11 14:53:27.614133,2026-12-10 14:53:27.614133
CLS-000591,CRD-000591,CLI-003751,2023-09-22,Saine,A,Stage 1,0,0.0107,0.3775,7338.15,29.56,35.23,34.4,0.0,0,,0,,Normal,Classification automatique,VAL-020,2026-09-11 14:53:27.616268,2026-12-10 14:53:27.616268
CLS-000592,CRD-000592,CLI-001363,2025-11-12,Saine,C,Stage 1,0,0.0188,0.2156,2062822.44,8352.35,9277.18,8901.54,0.0,0,,0,,Normal,Classification automatique,VAL-020,2026-09-11 14:53:27.619273,2026-12-10 14:53:27.619273
CLS-000593,CRD-000593,CLI-002318,2025-06-16,Saine,B,Stage 1,0,0.0187,0.6845,240409.41,3082.3,3181.24,3034.0,0.0,0,,0,,Normal,Classification automatique,VAL-020,2026-09-11 14:53:27.621273,2026-12-10 14:53:27.621273
CLS-000594,CRD-000594,CLI-004582,2022-08-22,Saine,C,Stage 1,0,0.0077,0.4904,2129.38,8.01,9.16,8.95,0.0,0,,0,,Normal,Classification automatique,VAL-010,2026-09-11 14:53:27.624403,2026-12-10 14:53:27.624403
CLS-000595,CRD-000595,CLI-004742,2026-04-04,Saine,B,Stage 1,0,0.0065,0.4265,9142.85,25.33,28.27,27.26,0.0,0,,0,,Normal,Classification automatique,VAL-005,2026-09-11 14:53:27.627408,2026-12-10 14:53:27.627408
CLS-000596,CRD-000596,CLI-001026,2027-03-01,Saine,C,Stage 1,0,0.0189,0.3131,1050.14,6.22,6.94,6.82,0.0,0,,0,,Normal,Classification automatique,VAL-002,2026-09-11 14:53:27.629408,2026-12-10 14:53:27.629408
CLS-000597,CRD-000597,CLI-003110,2023-02-01,Saine,C,Stage 1,0,0.0095,0.2455,1848.67,4.3,5.08,4.99,0.0,0,,0,,Normal,Classification automatique,VAL-011,2026-09-11 14:53:27.631408,2026-12-10 14:53:27.631408
CLS-000598,CRD-000598,CLI-002111,2027-01-03,Saine,C,Stage 1,0,0.0057,0.5169,24586.8,71.96,80.34,76.37,0.0,0,,0,,Normal,Classification automatique,VAL-004,2026-09-11 14:53:27.634408,2026-12-10 14:53:27.634408
CLS-000599,CRD-000599,CLI-001042,2025-10-28,Saine,B,Stage 1,0,0.0103,0.3596,10101.61,37.42,39.43,38.1,0.0,0,,0,,Normal,Classification automatique,VAL-015,2026-09-11 14:53:27.637392,2026-12-10 14:53:27.637392
CLS-000600,CRD-000600,CLI-001877,2027-06-24,Saine,B,Stage 1,0,0.0142,0.5003,11457.84,81.4,85.35,81.96,0.0,0,,0,,Normal,Classification automatique,VAL-005,2026-09-11 14:53:27.640409,2026-12-10 14:53:27.640409
CLS-000601,CRD-000601,CLI-000882,2026-12-03,Saine,C,Stage 1,0,0.0128,0.4402,169618.74,953.43,1064.7,1023.6,0.0,0,,0,,Normal,Classification automatique,VAL-002,2026-09-11 14:53:27.642410,2026-12-10 14:53:27.642410
CLS-000602,CRD-000602,CLI-004300,2022-10-27,Saine,C,Stage 1,0,0.0139,0.2737,201757.15,769.56,803.81,785.01,0.0,0,,0,,Normal,Classification automatique,VAL-016,2026-09-11 14:53:27.645404,2026-12-10 14:53:27.645404
CLS-000603,CRD-000603,CLI-001193,2024-04-05,Saine,C,Stage 1,0,0.0169,0.6955,450657.7,5290.1,5676.12,5530.28,0.0,0,,0,,Normal,Classification automatique,VAL-015,2026-09-11 14:53:27.648409,2026-12-10 14:53:27.648409
CLS-000604,CRD-000604,CLI-004588,2024-07-08,Saine,C,Stage 1,0,0.0133,0.4243,440940.2,2481.3,2737.64,2692.12,0.0,1,,0,,Normal,Classification automatique,VAL-010,2026-09-11 14:53:27.652409,2026-12-10 14:53:27.652409
CLS-000605,CRD-000605,CLI-004511,2025-06-02,Saine,B,Stage 1,0,0.0085,0.3831,43260.29,140.54,140.99,139.2,0.0,0,,0,,Normal,Classification automatique,VAL-019,2026-09-11 14:53:27.655408,2026-12-10 14:53:27.655408
CLS-000606,CRD-000606,CLI-003671,2026-10-15,Saine,B,Stage 1,0,0.0165,0.4962,1749.86,14.31,15.97,15.71,0.0,0,,0,,Normal,Classification automatique,VAL-003,2026-09-11 14:53:27.657411,2026-12-10 14:53:27.657411
CLS-000607,CRD-000607,CLI-000625,2024-11-29,Saine,B,Stage 1,0,0.0152,0.497,7312.43,55.19,58.34,58.02,0.0,0,,0,,Normal,Classification automatique,VAL-013,2026-09-11 14:53:27.660409,2026-12-10 14:53:27.660409
CLS-000608,CRD-000608,CLI-002797,2022-08-18,Saine,B,Stage 1,0,0.0165,0.3294,199066.34,1078.82,1294.32,1253.68,0.0,0,,0,,Normal,Classification automatique,VAL-008,2026-09-11 14:53:27.663386,2026-12-10 14:53:27.663386
CLS-000609,CRD-000609,CLI-004292,2025-03-20,Saine,B,Stage 1,0,0.02,0.3698,12341.31,91.15,98.79,97.7,0.0,0,,0,,Normal,Classification automatique,VAL-015,2026-09-11 14:53:27.666386,2026-12-10 14:53:27.666386
CLS-000610,CRD-000610,CLI-004969,2025-10-07,Saine,B,Stage 1,0,0.0057,0.4682,21404.07,56.74,67.66,64.8,0.0,0,,0,,Normal,Classification automatique,VAL-015,2026-09-11 14:53:27.669408,2026-12-10 14:53:27.669408
CLS-000611,CRD-000611,CLI-000234,2022-08-20,Saine,A,Stage 1,0,0.0126,0.6804,9299.01,79.97,82.24,78.6,0.0,0,,0,,Normal,Classification automatique,VAL-015,2026-09-11 14:53:27.671408,2026-12-10 14:53:27.671408
CLS-000612,CRD-000612,CLI-004567,2026-08-09,Saine,B,Stage 1,0,0.014,0.3714,1423026.4,7390.99,8149.42,7783.37,0.0,0,,0,,Normal,Classification automatique,VAL-012,2026-09-11 14:53:27.674406,2026-12-10 14:53:27.674406
CLS-000613,CRD-000613,CLI-001663,2027-01-23,Pré-douteuse,D,Stage 3,163,0.345,0.2877,76055.41,7547.8,7589.3,7302.3,0.2,0,,0,,Retard de paiement,Classification automatique,VAL-013,2026-09-11 14:53:27.677409,2026-12-10 14:53:27.677409
CLS-000614,CRD-000614,CLI-000416,2024-06-20,Saine,C,Stage 1,0,0.0172,0.5247,132250.76,1191.21,1271.18,1237.68,0.0,0,,0,,Normal,Classification automatique,VAL-003,2026-09-11 14:53:27.680409,2026-12-10 14:53:27.680409
CLS-000615,CRD-000615,CLI-004247,2024-01-06,Saine,C,Stage 1,0,0.0156,0.2811,39425.25,173.19,188.15,185.85,0.0,0,,0,,Normal,Classification automatique,VAL-001,2026-09-11 14:53:27.682411,2026-12-10 14:53:27.682411
CLS-000616,CRD-000616,CLI-002174,2025-10-26,Saine,A,Stage 1,0,0.0128,0.6402,1587.42,13.05,13.4,13.31,0.0,0,,0,,Normal,Classification automatique,VAL-017,2026-09-11 14:53:27.685410,2026-12-10 14:53:27.685410
CLS-000617,CRD-000617,CLI-001457,2024-09-17,Saine,C,Stage 2,32,0.0873,0.4105,25265.08,905.57,1069.59,1030.01,0.0,0,,0,,Retard de paiement,Classification automatique,VAL-009,2026-09-11 14:53:27.688407,2026-12-10 14:53:27.688407
CLS-000618,CRD-000618,CLI-000747,2023-01-09,Saine,B,Stage 1,0,0.0121,0.3669,243298.48,1083.62,1272.62,1254.67,0.0,0,,0,,Normal,Classification automatique,VAL-002,2026-09-11 14:53:27.690410,2026-12-10 14:53:27.690410
CLS-000619,CRD-000619,CLI-000018,2023-01-03,Saine,C,Stage 2,71,0.107,0.383,104591.39,4288.67,4543.93,4317.7,0.0,0,,0,,Retard de paiement,Classification automatique,VAL-010,2026-09-11 14:53:27.693408,2026-12-10 14:53:27.693408
CLS-000620,CRD-000620,CLI-001201,2026-04-16,Saine,A,Stage 1,0,0.0129,0.3351,69182.58,298.64,338.98,335.49,0.0,0,,0,,Normal,Classification automatique,VAL-005,2026-09-11 14:53:27.696408,2026-12-10 14:53:27.696408
CLS-000621,CRD-000621,CLI-001700,2025-08-16,Saine,B,Stage 1,0,0.0076,0.446,19502.06,65.95,69.06,68.25,0.0,0,,0,,Normal,Classification automatique,VAL-004,2026-09-11 14:53:27.698410,2026-12-10 14:53:27.698410
CLS-000622,CRD-000622,CLI-003254,2022-12-27,Saine,C,Stage 1,0,0.0111,0.4048,49951.86,223.56,247.07,245.29,0.0,0,,0,,Normal,Classification automatique,VAL-016,2026-09-11 14:53:27.703623,2026-12-10 14:53:27.703623
CLS-000623,CRD-000623,CLI-000597,2024-08-06,Saine,B,Stage 1,0,0.018,0.3841,6762.66,46.73,49.03,47.12,0.0,0,2025-07-27,0,,Normal,Classification automatique,VAL-005,2026-09-11 14:53:27.705623,2026-12-10 14:53:27.705623
CLS-000624,CRD-000624,CLI-003227,2023-01-12,Saine,B,Stage 1,0,0.013,0.4959,0.0,0.0,0.0,0.0,0.0,0,,0,,Normal,Classification automatique,VAL-004,2026-09-11 14:53:27.708623,2026-12-10 14:53:27.708623
CLS-000625,CRD-000625,CLI-004406,2022-09-14,Saine,B,Stage 1,0,0.008,0.4668,424684.69,1580.33,1770.08,1752.78,0.0,0,,0,,Normal,Classification automatique,VAL-011,2026-09-11 14:53:27.711623,2026-12-10 14:53:27.711623
CLS-000626,CRD-000626,CLI-004720,2026-12-26,Saine,C,Stage 2,84,0.0528,0.3218,258260.93,4385.63,4478.57,4457.64,0.0,0,,0,,Retard de paiement,Classification automatique,VAL-003,2026-09-11 14:53:27.714622,2026-12-10 14:53:27.714622
CLS-000627,CRD-000627,CLI-001506,2025-06-20,Saine,C,Stage 1,0,0.0153,0.384,2037.66,11.96,12.73,12.47,0.0,0,,0,,Normal,Classification automatique,VAL-005,2026-09-11 14:53:27.717645,2026-12-10 14:53:27.717645
CLS-000628,CRD-000628,CLI-001413,2022-02-07,Saine,B,Stage 1,0,0.0079,0.2148,203220.21,346.79,369.51,364.79,0.0,0,,0,,Normal,Classification automatique,VAL-010,2026-09-11 14:53:27.719647,2026-12-10 14:53:27.719647
CLS-000629,CRD-000629,CLI-001966,2024-09-04,Saine,C,Stage 1,0,0.0064,0.6854,26287.09,114.97,121.15,119.1,0.0,0,,0,,Normal,Classification automatique,VAL-007,2026-09-11 14:53:27.722645,2026-12-10 14:53:27.722645
CLS-000630,CRD-000630,CLI-000372,2027-05-08,Saine,B,Stage 1,0,0.0061,0.5498,45171.25,151.88,164.49,159.92,0.0,0,,0,,Normal,Classification automatique,VAL-015,2026-09-11 14:53:27.725640,2026-12-10 14:53:27.725640
CLS-000631,CRD-000631,CLI-001341,2022-09-27,Saine,B,Stage 1,0,0.014,0.3894,11175.11,60.72,69.24,67.36,0.0,0,,0,,Normal,Classification automatique,VAL-001,2026-09-11 14:53:27.727647,2026-12-10 14:53:27.727647
CLS-000632,CRD-000632,CLI-000599,2023-11-20,Saine,B,Stage 1,0,0.0121,0.2896,907.01,3.17,3.67,3.56,0.0,0,,0,,Normal,Classification automatique,VAL-016,2026-09-11 14:53:27.730624,2026-12-10 14:53:27.730624
CLS-000633,CRD-000633,CLI-000239,2024-07-28,Saine,C,Stage 1,0,0.0156,0.4276,10291.11,68.63,71.05,68.1,0.0,0,,0,,Normal,Classification automatique,VAL-006,2026-09-11 14:53:27.733624,2026-12-10 14:53:27.733624
CLS-000634,CRD-000634,CLI-003401,2024-06-29,Saine,B,Stage 1,0,0.0194,0.4942,1043.53,10.02,11.26,10.93,0.0,0,,0,,Normal,Classification automatique,VAL-003,2026-09-11 14:53:27.736623,2026-12-10 14:53:27.736623
CLS-000635,CRD-000635,CLI-002068,2026-06-12,Saine,C,Stage 1,0,0.0154,0.4278,32536.03,213.98,230.83,223.55,0.0,0,,0,,Normal,Classification automatique,VAL-014,2026-09-11 14:53:27.738624,2026-12-10 14:53:27.738624
CLS-000636,CRD-000636,CLI-000811,2025-01-23,Saine,B,Stage 1,0,0.0167,0.686,38664.85,443.31,512.21,494.25,0.0,0,,0,,Normal,Classification automatique,VAL-002,2026-09-11 14:53:27.741623,2026-12-10 14:53:27.741623
CLS-000637,CRD-000637,CLI-001095,2024-08-30,Saine,A,Stage 1,0,0.006,0.4634,43141.47,119.57,141.33,135.05,0.0,0,,0,,Normal,Classification automatique,VAL-013,2026-09-11 14:53:27.744621,2026-12-10 14:53:27.744621
CLS-000638,CRD-000638,CLI-004325,2024-10-31,Saine,A,Stage 1,0,0.0146,0.2713,80600.31,318.19,346.78,340.81,0.0,0,,0,,Normal,Classification automatique,VAL-008,2026-09-11 14:53:27.746624,2026-12-10 14:53:27.746624
CLS-000639,CRD-000639,CLI-004761,2023-01-12,Saine,C,Stage 1,0,0.0089,0.3695,302840.2,992.21,1050.51,1019.4,0.0,0,,0,,Normal,Classification automatique,VAL-009,2026-09-11 14:53:27.749625,2026-12-10 14:53:27.749625
CLS-000640,CRD-000640,CLI-003677,2025-08-19,Saine,C,Stage 1,0,0.0147,0.3704,13361.08,72.65,78.66,77.35,0.0,0,,0,,Normal,Classification automatique,VAL-015,2026-09-11 14:53:27.752623,2026-12-10 14:53:27.752623
CLS-000641,CRD-000641,CLI-003465,2024-03-30,Saine,B,Stage 1,0,0.0148,0.5008,1590.47,11.77,11.91,11.4,0.0,0,,0,,Normal,Classification automatique,VAL-008,2026-09-11 14:53:27.754622,2026-12-10 14:53:27.754622
CLS-000642,CRD-000642,CLI-003104,2026-11-15,Saine,C,Stage 1,0,0.0155,0.2664,544268.05,2245.35,2469.03,2447.96,0.0,0,,0,,Normal,Classification automatique,VAL-013,2026-09-11 14:53:27.757624,2026-12-10 14:53:27.757624
CLS-000643,CRD-000643,CLI-002750,2022-07-10,Saine,B,Stage 1,0,0.0114,0.5262,1894.04,11.38,13.07,13.06,0.0,0,,0,,Normal,Classification automatique,VAL-013,2026-09-11 14:53:27.759625,2026-12-10 14:53:27.759625
CLS-000644,CRD-000644,CLI-002296,2026-07-01,Saine,C,Stage 1,0,0.0091,0.4289,10119.63,39.37,40.82,39.02,0.0,1,,0,,Normal,Classification automatique,VAL-002,2026-09-11 14:53:27.762624,2026-12-10 14:53:27.762624
CLS-000645,CRD-000645,CLI-004193,2023-09-03,Saine,C,Stage 1,0,0.0193,0.3277,3369.25,21.31,23.84,23.27,0.0,0,,0,,Normal,Classification automatique,VAL-002,2026-09-11 14:53:27.765859,2026-12-10 14:53:27.765859
CLS-000646,CRD-000646,CLI-003709,2023-10-13,Saine,B,Stage 1,0,0.011,0.7286,3712.23,29.66,31.72,31.28,0.0,0,,0,,Normal,Classification automatique,VAL-004,2026-09-11 14:53:27.768943,2026-12-10 14:53:27.768943
CLS-000647,CRD-000647,CLI-003019,2024-10-07,Saine,B,Stage 1,0,0.0095,0.6475,215922.8,1328.69,1329.83,1285.88,0.0,0,,0,,Normal,Classification automatique,VAL-012,2026-09-11 14:53:27.771944,2026-12-10 14:53:27.771944
CLS-000648,CRD-000648,CLI-004253,2022-10-23,Saine,B,Stage 1,0,0.0093,0.3723,4747.2,16.39,19.08,18.78,0.0,0,,0,,Normal,Classification automatique,VAL-002,2026-09-11 14:53:27.774944,2026-12-10 14:53:27.774944
CLS-000649,CRD-000649,CLI-000804,2023-04-08,Saine,C,Stage 1,0,0.0184,0.3638,85178.5,569.2,600.45,598.2,0.0,0,,0,,Normal,Classification automatique,VAL-003,2026-09-11 14:53:27.776943,2026-12-10 14:53:27.776943
CLS-000650,CRD-000650,CLI-004191,2025-01-18,Saine,B,Stage 1,0,0.0113,0.2613,73053.52,216.46,236.45,234.6,0.0,1,,0,,Normal,Classification automatique,VAL-011,2026-09-11 14:53:27.779943,2026-12-10 14:53:27.779943
CLS-000651,CRD-000651,CLI-003706,2024-10-13,Saine,C,Stage 1,0,0.0066,0.4033,31577.24,84.33,90.59,89.51,0.0,0,,0,,Normal,Classification automatique,VAL-017,2026-09-11 14:53:27.782944,2026-12-10 14:53:27.782944
CLS-000652,CRD-000652,CLI-000752,2027-01-08,Compromise,D,Stage 3,373,0.8591,0.2052,21886.88,3857.54,3866.57,3818.3,1.0,0,,1,2027-08-25,Retard de paiement,Classification automatique,VAL-016,2026-09-11 14:53:27.785943,2026-12-10 14:53:27.785943
CLS-000653,CRD-000653,CLI-004645,2024-10-19,Saine,C,Stage 1,0,0.0196,0.4979,48113.13,469.91,517.09,499.49,0.0,0,,0,,Normal,Classification automatique,VAL-001,2026-09-11 14:53:27.787941,2026-12-10 14:53:27.787941
CLS-000654,CRD-000654,CLI-002532,2024-12-09,Saine,A,Stage 1,0,0.0082,0.5957,152327.96,742.81,812.28,801.44,0.0,0,,0,,Normal,Classification automatique,VAL-005,2026-09-11 14:53:27.790943,2026-12-10 14:53:27.790943
CLS-000655,CRD-000655,CLI-000622,2025-11-11,Pré-douteuse,D,Stage 3,178,0.3335,0.6881,589356.17,135246.39,158294.32,153155.27,0.2,0,,0,,Retard de paiement,Classification automatique,VAL-008,2026-09-11 14:53:27.793944,2026-12-10 14:53:27.793944
CLS-000656,CRD-000656,CLI-002298,2025-03-22,Saine,B,Stage 1,0,0.0078,0.5463,97943.44,416.69,491.98,476.69,0.0,0,,0,,Normal,Classification automatique,VAL-003,2026-09-11 14:53:27.796944,2026-12-10 14:53:27.796944
CLS-000657,CRD-000657,CLI-003829,2026-09-16,Saine,A,Stage 1,0,0.0106,0.7109,115229.76,864.82,874.96,859.64,0.0,0,,0,,Normal,Classification automatique,VAL-006,2026-09-11 14:53:27.801116,2026-12-10 14:53:27.801116
CLS-000658,CRD-000658,CLI-000567,2025-08-18,Saine,B,Stage 1,0,0.0161,0.5025,6299.16,50.97,55.17,54.66,0.0,0,,0,,Normal,Classification automatique,VAL-017,2026-09-11 14:53:27.804115,2026-12-10 14:53:27.804115
CLS-000659,CRD-000659,CLI-001136,2023-07-25,Saine,C,Stage 1,0,0.0078,0.5192,212.79,0.86,0.95,0.92,0.0,0,,0,,Normal,Classification automatique,VAL-011,2026-09-11 14:53:27.806115,2026-12-10 14:53:27.806115
CLS-000660,CRD-000660,CLI-001205,2025-10-06,Saine,C,Stage 1,0,0.0139,0.6738,6651.91,62.41,64.32,63.03,0.0,0,,0,,Normal,Classification automatique,VAL-009,2026-09-11 14:53:27.809115,2026-12-10 14:53:27.809115
CLS-000661,CRD-000661,CLI-001048,2024-06-16,Saine,B,Stage 1,0,0.0127,0.4475,87400.59,494.9,497.19,475.84,0.0,0,,0,,Normal,Classification automatique,VAL-013,2026-09-11 14:53:27.812116,2026-12-10 14:53:27.812116
CLS-000662,CRD-000662,CLI-000052,2024-06-03,Saine,B,Stage 1,0,0.0194,0.5331,66214.53,683.42,725.21,703.31,0.0,0,,0,,Normal,Classification automatique,VAL-004,2026-09-11 14:53:27.815100,2026-12-10 14:53:27.815100
CLS-000663,CRD-000663,CLI-003652,2024-08-21,Saine,C,Stage 1,0,0.0142,0.3423,83640.98,407.33,475.98,469.25,0.0,0,,0,,Normal,Classification automatique,VAL-007,2026-09-11 14:53:27.819100,2026-12-10 14:53:27.819100
CLS-000664,CRD-000664,CLI-001045,2026-05-25,Saine,A,Stage 1,0,0.0182,0.3476,19856.49,125.77,146.4,140.63,0.0,0,,0,,Normal,Classification automatique,VAL-006,2026-09-11 14:53:27.822100,2026-12-10 14:53:27.822100
CLS-000665,CRD-000665,CLI-002182,2025-12-29,Saine,B,Stage 1,0,0.006,0.2692,5521.36,8.97,9.55,9.24,0.0,0,2026-07-11,0,,Normal,Classification automatique,VAL-020,2026-09-11 14:53:27.825304,2026-12-10 14:53:27.825304
CLS-000666,CRD-000666,CLI-002689,2023-09-12,Saine,A,Stage 1,0,0.0079,0.2277,31196.1,55.82,63.31,62.06,0.0,0,,0,,Normal,Classification automatique,VAL-007,2026-09-11 14:53:27.828324,2026-12-10 14:53:27.828324
CLS-000667,CRD-000667,CLI-000535,2023-11-09,Saine,B,Stage 1,0,0.0172,0.3249,29140.71,163.19,181.5,180.42,0.0,0,,0,,Normal,Classification automatique,VAL-014,2026-09-11 14:53:27.832324,2026-12-10 14:53:27.832324
CLS-000668,CRD-000668,CLI-003185,2025-07-04,Pré-douteuse,D,Stage 3,175,0.1973,0.4259,72015.26,6049.47,6308.67,6239.27,0.2,0,2026-06-12,0,,Retard de paiement,Classification automatique,VAL-011,2026-09-11 14:53:27.834322,2026-12-10 14:53:27.834322
CLS-000669,CRD-000669,CLI-003858,2024-03-20,Saine,B,Stage 1,0,0.0147,0.4399,70454.39,455.34,500.24,498.18,0.0,0,,0,,Normal,Classification automatique,VAL-019,2026-09-11 14:53:27.837322,2026-12-10 14:53:27.837322
CLS-000670,CRD-000670,CLI-000444,2022-10-10,Saine,B,Stage 1,0,0.01,0.7487,118094.28,887.18,1048.21,1020.94,0.0,0,,0,,Normal,Classification automatique,VAL-016,2026-09-11 14:53:27.840324,2026-12-10 14:53:27.840324
CLS-000671,CRD-000671,CLI-003605,2027-02-11,Saine,C,Stage 1,0,0.0074,0.6937,7764.81,40.12,42.21,41.58,0.0,0,,0,,Normal,Classification automatique,VAL-020,2026-09-11 14:53:27.842322,2026-12-10 14:53:27.842322
CLS-000672,CRD-000672,CLI-000196,2023-06-17,Saine,B,Stage 1,0,0.0158,0.639,396018.13,4007.16,4285.18,4281.54,0.0,0,,0,,Normal,Classification automatique,VAL-009,2026-09-11 14:53:27.845302,2026-12-10 14:53:27.845302
CLS-000673,CRD-000673,CLI-001116,2025-01-10,Saine,B,Stage 1,0,0.013,0.5522,562.74,4.04,4.74,4.69,0.0,0,,0,,Normal,Classification automatique,VAL-014,2026-09-11 14:53:27.848303,2026-12-10 14:53:27.848303
CLS-000674,CRD-000674,CLI-000766,2022-03-04,Saine,C,Stage 2,46,0.0889,0.3883,1872.02,64.61,67.43,65.54,0.0,0,,0,,Retard de paiement,Classification automatique,VAL-008,2026-09-11 14:53:27.851302,2026-12-10 14:53:27.851302
CLS-000675,CRD-000675,CLI-001946,2024-06-04,Saine,B,Stage 1,0,0.01,0.4736,80722.67,380.94,401.13,399.35,0.0,0,,0,,Normal,Classification automatique,VAL-009,2026-09-11 14:53:27.853303,2026-12-10 14:53:27.853303
CLS-000676,CRD-000676,CLI-003248,2022-05-02,Saine,C,Stage 1,0,0.009,0.7172,4121.37,26.58,31.06,30.12,0.0,0,,0,,Normal,Classification automatique,VAL-001,2026-09-11 14:53:27.856302,2026-12-10 14:53:27.856302
CLS-000677,CRD-000677,CLI-003003,2026-03-14,Saine,B,Stage 2,15,0.026,0.585,8358.55,127.02,150.92,147.92,0.0,0,,0,,Normal,Classification automatique,VAL-012,2026-09-11 14:53:27.859302,2026-12-10 14:53:27.859302
CLS-000678,CRD-000678,CLI-001433,2024-08-24,Saine,A,Stage 1,0,0.006,0.5427,2761.95,9.05,9.51,9.06,0.0,0,,0,,Normal,Classification automatique,VAL-006,2026-09-11 14:53:27.862305,2026-12-10 14:53:27.862305
CLS-000679,CRD-000679,CLI-004201,2023-05-03,Saine,A,Stage 1,0,0.0109,0.7163,283804.36,2216.46,2504.52,2428.5,0.0,0,,0,,Normal,Classification automatique,VAL-016,2026-09-11 14:53:27.865304,2026-12-10 14:53:27.865304
CLS-000680,CRD-000680,CLI-003096,2024-01-01,Saine,C,Stage 1,0,0.0145,0.7445,2579.26,27.87,29.03,28.65,0.0,0,,0,,Normal,Classification automatique,VAL-002,2026-09-11 14:53:27.867304,2026-12-10 14:53:27.867304
CLS-000681,CRD-000681,CLI-002923,2025-01-13,Saine,C,Stage 1,0,0.0165,0.3042,11729.26,58.75,61.24,59.69,0.0,1,,0,,Normal,Classification automatique,VAL-015,2026-09-11 14:53:27.870305,2026-12-10 14:53:27.870305
CLS-000682,CRD-000682,CLI-000645,2026-01-20,Saine,C,Stage 1,0,0.0093,0.4235,29620.52,116.59,130.57,130.28,0.0,0,,0,,Normal,Classification automatique,VAL-013,2026-09-11 14:53:27.872303,2026-12-10 14:53:27.872303
CLS-000683,CRD-000683,CLI-001050,2022-12-27,Saine,C,Stage 1,0,0.0125,0.535,601.88,4.02,4.68,4.57,0.0,0,,0,,Normal,Classification automatique,VAL-009,2026-09-11 14:53:27.876305,2026-12-10 14:53:27.876305
CLS-000684,CRD-000684,CLI-003746,2026-07-29,Saine,C,Stage 1,0,0.0116,0.2176,103512.54,260.17,283.66,282.13,0.0,0,,0,,Normal,Classification automatique,VAL-004,2026-09-11 14:53:27.879302,2026-12-10 14:53:27.879302
CLS-000685,CRD-000685,CLI-004094,2022-09-18,Saine,C,Stage 1,0,0.0108,0.44,6021.99,28.68,30.53,29.91,0.0,0,,0,,Normal,Classification automatique,VAL-008,2026-09-11 14:53:27.882301,2026-12-10 14:53:27.882301
CLS-000686,CRD-000686,CLI-004404,2026-09-29,Saine,C,Stage 1,0,0.0095,0.4639,16863.42,74.32,86.31,85.63,0.0,0,,0,,Normal,Classification automatique,VAL-002,2026-09-11 14:53:27.884303,2026-12-10 14:53:27.884303
CLS-000687,CRD-000687,CLI-000121,2026-02-21,Saine,B,Stage 1,0,0.0077,0.5964,22137.52,102.32,112.29,107.22,0.0,1,,0,,Normal,Classification automatique,VAL-007,2026-09-11 14:53:27.887301,2026-12-10 14:53:27.887301
CLS-000688,CRD-000688,CLI-002053,2025-05-05,Saine,A,Stage 1,0,0.0124,0.5286,50725.94,331.55,379.53,365.52,0.0,0,,0,,Normal,Classification automatique,VAL-012,2026-09-11 14:53:27.889302,2026-12-10 14:53:27.889302
CLS-000689,CRD-000689,CLI-004259,2024-11-22,Saine,B,Stage 1,0,0.0155,0.5019,17714.73,137.89,162.91,155.38,0.0,0,,0,,Normal,Classification automatique,VAL-010,2026-09-11 14:53:27.892301,2026-12-10 14:53:27.892301
CLS-000690,CRD-000690,CLI-004889,2024-02-22,Saine,B,Stage 1,0,0.0095,0.3115,625.25,1.85,2.08,1.99,0.0,0,,0,,Normal,Classification automatique,VAL-018,2026-09-11 14:53:27.895322,2026-12-10 14:53:27.895322
CLS-000691,CRD-000691,CLI-004335,2025-05-27,Saine,C,Stage 1,0,0.0075,0.5409,34736.3,141.21,164.07,158.86,0.0,0,,0,,Normal,Classification automatique,VAL-008,2026-09-11 14:53:27.898438,2026-12-10 14:53:27.898438
CLS-000692,CRD-000692,CLI-004692,2027-04-23,Saine,B,Stage 1,0,0.0174,0.2925,6816.39,34.78,41.61,41.59,0.0,0,,0,,Normal,Classification automatique,VAL-019,2026-09-11 14:53:27.900463,2026-12-10 14:53:27.900463
CLS-000693,CRD-000693,CLI-000135,2027-03-31,Saine,A,Stage 1,0,0.0168,0.6867,217903.2,2519.85,2675.82,2587.36,0.0,0,,0,,Normal,Classification automatique,VAL-004,2026-09-11 14:53:27.903463,2026-12-10 14:53:27.903463
CLS-000694,CRD-000694,CLI-002461,2022-05-12,Compromise,D,Stage 3,384,0.7761,0.3634,4720.38,1331.17,1537.49,1527.51,1.0,0,,1,2023-01-16,Retard de paiement,Classification automatique,VAL-017,2026-09-11 14:53:27.905466,2026-12-10 14:53:27.905466
CLS-000695,CRD-000695,CLI-001955,2026-11-16,Saine,C,Stage 1,0,0.0063,0.3624,0.0,0.0,0.0,0.0,0.0,0,,0,,Normal,Classification automatique,VAL-019,2026-09-11 14:53:27.908463,2026-12-10 14:53:27.908463
CLS-000696,CRD-000696,CLI-002464,2023-08-31,Saine,A,Stage 1,0,0.0097,0.3722,14207.03,51.24,58.83,57.75,0.0,0,,0,,Normal,Classification automatique,VAL-017,2026-09-11 14:53:27.911464,2026-12-10 14:53:27.911464
CLS-000697,CRD-000697,CLI-000185,2026-02-15,Saine,C,Stage 2,36,0.1225,0.367,20060.72,901.54,1047.27,1018.96,0.0,0,,0,,Retard de paiement,Classification automatique,VAL-008,2026-09-11 14:53:27.913464,2026-12-10 14:53:27.913464
CLS-000698,CRD-000698,CLI-001393,2026-01-05,Douteuse,D,Stage 3,320,0.379,0.5318,29234.07,5892.05,6036.29,5971.49,0.5,0,,1,2026-01-13,Retard de paiement,Classification automatique,VAL-017,2026-09-11 14:53:27.916604,2026-12-10 14:53:27.916604
CLS-000699,CRD-000699,CLI-002277,2024-08-02,Saine,B,Stage 1,0,0.0052,0.4777,1893.41,4.73,4.85,4.65,0.0,0,2025-04-16,0,,Normal,Classification automatique,VAL-017,2026-09-11 14:53:27.918608,2026-12-10 14:53:27.918608
CLS-000700,CRD-000700,CLI-000512,2023-08-29,Saine,B,Stage 1,0,0.0157,0.4088,1312591.63,8450.32,10132.27,9825.09,0.0,0,,0,,Normal,Classification automatique,VAL-002,2026-09-11 14:53:27.921609,2026-12-10 14:53:27.921609
CLS-000701,CRD-000701,CLI-004730,2024-09-18,Saine,C,Stage 1,0,0.0093,0.4177,5039.93,19.64,20.5,19.56,0.0,0,,0,,Normal,Classification automatique,VAL-011,2026-09-11 14:53:27.923865,2026-12-10 14:53:27.923865
CLS-000702,CRD-000702,CLI-004055,2024-03-02,Saine,A,Stage 1,0,0.0133,0.4748,58076.82,366.29,416.4,401.72,0.0,0,,0,,Normal,Classification automatique,VAL-011,2026-09-11 14:53:27.926885,2026-12-10 14:53:27.926885
CLS-000703,CRD-000703,CLI-003138,2026-08-02,Saine,B,Stage 1,0,0.0131,0.3872,4794.89,24.34,27.5,26.88,0.0,0,,0,,Normal,Classification automatique,VAL-020,2026-09-11 14:53:27.929885,2026-12-10 14:53:27.929885
CLS-000704,CRD-000704,CLI-002670,2023-09-12,Pré-douteuse,D,Stage 3,96,0.209,0.4387,9192.76,843.02,981.53,971.7,0.2,0,,0,,Retard de paiement,Classification automatique,VAL-014,2026-09-11 14:53:27.931885,2026-12-10 14:53:27.931885
CLS-000705,CRD-000705,CLI-004774,2022-02-27,Saine,C,Stage 1,0,0.0099,0.3967,36299.21,142.0,155.42,153.58,0.0,0,,0,,Normal,Classification automatique,VAL-018,2026-09-11 14:53:27.934884,2026-12-10 14:53:27.934884
CLS-000706,CRD-000706,CLI-004862,2025-12-25,Saine,B,Stage 1,0,0.014,0.5002,4945.77,34.7,37.04,36.01,0.0,0,,0,,Normal,Classification automatique,VAL-017,2026-09-11 14:53:27.936885,2026-12-10 14:53:27.936885
CLS-000707,CRD-000707,CLI-002118,2024-10-24,Saine,B,Stage 1,0,0.0091,0.3068,6521.13,18.23,20.11,19.18,0.0,0,,0,,Normal,Classification automatique,VAL-006,2026-09-11 14:53:27.939886,2026-12-10 14:53:27.939886
CLS-000708,CRD-000708,CLI-000252,2023-01-16,Pré-douteuse,D,Stage 3,142,0.2408,0.6111,5499.67,809.16,847.74,841.88,0.2,0,,0,,Retard de paiement,Classification automatique,VAL-012,2026-09-11 14:53:27.942885,2026-12-10 14:53:27.942885
CLS-000709,CRD-000709,CLI-003527,2023-03-30,Saine,B,Stage 1,0,0.0157,0.6886,346913.39,3757.71,4135.29,4068.42,0.0,0,,0,,Normal,Classification automatique,VAL-013,2026-09-11 14:53:27.944885,2026-12-10 14:53:27.944885
CLS-000710,CRD-000710,CLI-003560,2022-02-26,Saine,B,Stage 1,0,0.0091,0.2485,632315.46,1434.39,1559.12,1525.38,0.0,0,,0,,Normal,Classification automatique,VAL-018,2026-09-11 14:53:27.947886,2026-12-10 14:53:27.947886
CLS-000711,CRD-000711,CLI-004012,2025-03-18,Saine,A,Stage 1,0,0.0198,0.2949,1590.21,9.29,10.69,10.64,0.0,0,,0,,Normal,Classification automatique,VAL-013,2026-09-11 14:53:27.949885,2026-12-10 14:53:27.949885
CLS-000712,CRD-000712,CLI-001508,2022-12-12,Saine,B,Stage 1,0,0.0099,0.4578,1576.82,7.14,7.42,7.33,0.0,0,,0,,Normal,Classification automatique,VAL-009,2026-09-11 14:53:27.952885,2026-12-10 14:53:27.952885
CLS-000713,CRD-000713,CLI-000123,2026-12-10,Saine,A,Stage 1,0,0.0103,0.5063,1810.24,9.44,9.71,9.58,0.0,1,,0,,Normal,Classification automatique,VAL-010,2026-09-11 14:53:27.955886,2026-12-10 14:53:27.955886
CLS-000714,CRD-000714,CLI-004260,2022-11-26,Saine,B,Stage 1,0,0.0178,0.4264,18733.66,142.31,169.34,166.2,0.0,0,,0,,Normal,Classification automatique,VAL-009,2026-09-11 14:53:27.957885,2026-12-10 14:53:27.957885
CLS-000715,CRD-000715,CLI-003334,2024-11-05,Saine,B,Stage 1,0,0.0165,0.6302,22814.38,237.23,277.82,264.64,0.0,0,2024-11-13,0,,Normal,Classification automatique,VAL-006,2026-09-11 14:53:27.960885,2026-12-10 14:53:27.960885
CLS-000716,CRD-000716,CLI-001872,2027-03-09,Pré-douteuse,D,Stage 3,124,0.2092,0.4634,11963.84,1159.8,1373.29,1370.57,0.2,0,,0,,Retard de paiement,Classification automatique,VAL-015,2026-09-11 14:53:27.963880,2026-12-10 14:53:27.963880
CLS-000717,CRD-000717,CLI-003693,2022-12-27,Saine,C,Stage 2,14,0.0389,0.4466,11283.65,196.1,229.59,219.09,0.0,0,,0,,Normal,Classification automatique,VAL-001,2026-09-11 14:53:27.966885,2026-12-10 14:53:27.966885
CLS-000718,CRD-000718,CLI-000568,2023-06-03,Saine,A,Stage 1,0,0.0174,0.4431,45857.29,354.17,358.21,351.32,0.0,0,,0,,Normal,Classification automatique,VAL-012,2026-09-11 14:53:27.968885,2026-12-10 14:53:27.968885
CLS-000719,CRD-000719,CLI-001372,2025-04-21,Compromise,D,Stage 3,385,0.7468,0.5065,86157.1,32589.65,33589.68,33221.14,1.0,0,,1,2025-07-26,Retard de paiement,Classification automatique,VAL-002,2026-09-11 14:53:27.971886,2026-12-10 14:53:27.971886
CLS-000720,CRD-000720,CLI-003186,2023-08-25,Saine,B,Stage 1,0,0.0058,0.518,98241.72,294.17,327.15,311.78,0.0,0,,0,,Normal,Classification automatique,VAL-017,2026-09-11 14:53:27.974885,2026-12-10 14:53:27.974885
CLS-000721,CRD-000721,CLI-003956,2026-01-22,Saine,B,Stage 1,0,0.018,0.7035,6158.97,77.8,90.37,88.68,0.0,0,,0,,Normal,Classification automatique,VAL-006,2026-09-11 14:53:27.976885,2026-12-10 14:53:27.976885
CLS-000722,CRD-000722,CLI-001057,2022-08-16,Saine,C,Stage 1,0,0.0153,0.5229,326810.7,2617.45,2991.57,2908.76,0.0,0,,0,,Normal,Classification automatique,VAL-003,2026-09-11 14:53:27.979880,2026-12-10 14:53:27.979880
CLS-000723,CRD-000723,CLI-000857,2022-11-02,Saine,B,Stage 1,0,0.0193,0.3922,4746.56,35.91,38.88,38.06,0.0,0,,0,,Normal,Classification automatique,VAL-020,2026-09-11 14:53:27.981885,2026-12-10 14:53:27.981885
CLS-000724,CRD-000724,CLI-003839,2022-07-26,Saine,B,Stage 1,0,0.0174,0.3309,72910.83,420.2,429.74,419.71,0.0,0,,0,,Normal,Classification automatique,VAL-015,2026-09-11 14:53:27.984885,2026-12-10 14:53:27.984885
CLS-000725,CRD-000725,CLI-002861,2025-09-18,Saine,C,Stage 1,0,0.0186,0.294,7551.93,41.27,46.81,46.18,0.0,0,,0,,Normal,Classification automatique,VAL-019,2026-09-11 14:53:27.986885,2026-12-10 14:53:27.986885
CLS-000726,CRD-000726,CLI-004770,2025-08-18,Saine,A,Stage 1,0,0.0186,0.3996,65096.14,483.81,533.08,507.88,0.0,0,,0,,Normal,Classification automatique,VAL-015,2026-09-11 14:53:27.990480,2026-12-10 14:53:27.990480
CLS-000727,CRD-000727,CLI-000777,2024-06-06,Saine,C,Stage 1,0,0.0125,0.6814,3049.76,25.93,25.95,25.2,0.0,0,,0,,Normal,Classification automatique,VAL-018,2026-09-11 14:53:27.994171,2026-12-10 14:53:27.994171
CLS-000728,CRD-000728,CLI-000721,2023-09-17,Saine,C,Stage 1,0,0.0156,0.4566,146086.73,1043.59,1244.76,1203.08,0.0,0,,0,,Normal,Classification automatique,VAL-005,2026-09-11 14:53:27.997171,2026-12-10 14:53:27.997171
CLS-000729,CRD-000729,CLI-002711,2025-05-13,Pré-douteuse,D,Stage 3,113,0.1565,0.4096,23372.17,1498.15,1770.93,1699.18,0.2,0,,0,,Retard de paiement,Classification automatique,VAL-001,2026-09-11 14:53:28.000172,2026-12-10 14:53:28.000172
CLS-000730,CRD-000730,CLI-002655,2023-12-19,Saine,C,Stage 1,0,0.0096,0.6622,41409.86,263.95,299.6,290.29,0.0,0,,0,,Normal,Classification automatique,VAL-008,2026-09-11 14:53:28.002173,2026-12-10 14:53:28.002173
CLS-000731,CRD-000731,CLI-004878,2024-07-31,Saine,B,Stage 1,0,0.0145,0.2585,5409.04,20.34,21.02,20.32,0.0,1,,0,,Normal,Classification automatique,VAL-004,2026-09-11 14:53:28.005170,2026-12-10 14:53:28.005170
CLS-000732,CRD-000732,CLI-000603,2022-12-08,Saine,C,Stage 1,0,0.0152,0.2052,207018.38,647.1,717.67,712.88,0.0,0,,0,,Normal,Classification automatique,VAL-019,2026-09-11 14:53:28.007170,2026-12-10 14:53:28.007170
CLS-000733,CRD-000733,CLI-003823,2024-02-10,Saine,C,Stage 1,0,0.0102,0.3625,2866.8,10.6,12.0,11.69,0.0,0,,0,,Normal,Classification automatique,VAL-012,2026-09-11 14:53:28.010171,2026-12-10 14:53:28.010171
CLS-000734,CRD-000734,CLI-001245,2022-01-20,Saine,B,Stage 1,0,0.0061,0.3905,6888.48,16.32,18.27,18.04,0.0,0,,0,,Normal,Classification automatique,VAL-012,2026-09-11 14:53:28.013189,2026-12-10 14:53:28.013189
CLS-000735,CRD-000735,CLI-004846,2022-06-28,Saine,C,Stage 1,0,0.017,0.4586,6254.97,48.86,53.89,51.49,0.0,0,,0,,Normal,Classification automatique,VAL-006,2026-09-11 14:53:28.016315,2026-12-10 14:53:28.016315
CLS-000736,CRD-000736,CLI-004842,2023-07-17,Saine,C,Stage 2,33,0.1281,0.216,21253.02,588.02,690.65,680.11,0.0,0,,0,,Retard de paiement,Classification automatique,VAL-005,2026-09-11 14:53:28.018320,2026-12-10 14:53:28.018320
CLS-000737,CRD-000737,CLI-000319,2026-12-27,Saine,C,Stage 1,0,0.0186,0.5108,12625.46,119.84,141.44,139.06,0.0,0,,0,,Normal,Classification automatique,VAL-004,2026-09-11 14:53:28.021298,2026-12-10 14:53:28.021298
CLS-000738,CRD-000738,CLI-000829,2022-09-20,Saine,A,Stage 1,0,0.015,0.5932,57238.93,509.32,592.83,584.88,0.0,0,,0,,Normal,Classification automatique,VAL-008,2026-09-11 14:53:28.023497,2026-12-10 14:53:28.023497
CLS-000739,CRD-000739,CLI-003264,2026-03-20,Saine,C,Stage 1,0,0.0109,0.3673,4342.65,17.41,19.63,19.19,0.0,0,,0,,Normal,Classification automatique,VAL-009,2026-09-11 14:53:28.026521,2026-12-10 14:53:28.026521
CLS-000740,CRD-000740,CLI-000275,2024-11-29,Saine,B,Stage 1,0,0.011,0.4635,3624.63,18.42,21.59,21.05,0.0,0,,0,,Normal,Classification automatique,VAL-002,2026-09-11 14:53:28.029521,2026-12-10 14:53:28.029521
CLS-000741,CRD-000741,CLI-002665,2025-04-18,Saine,B,Stage 1,0,0.0153,0.3751,3658.65,20.93,21.2,20.54,0.0,0,,0,,Normal,Classification automatique,VAL-008,2026-09-11 14:53:28.031521,2026-12-10 14:53:28.031521
CLS-000742,CRD-000742,CLI-000550,2022-06-13,Saine,B,Stage 2,11,0.0288,0.5225,1417.95,21.33,23.45,22.6,0.0,0,,0,,Normal,Classification automatique,VAL-009,2026-09-11 14:53:28.034521,2026-12-10 14:53:28.034521
CLS-000743,CRD-000743,CLI-003642,2024-01-01,Saine,C,Stage 1,0,0.0159,0.4217,18141.55,121.82,137.54,135.09,0.0,0,,0,,Normal,Classification automatique,VAL-011,2026-09-11 14:53:28.036521,2026-12-10 14:53:28.036521
CLS-000744,CRD-000744,CLI-004054,2023-08-30,Saine,B,Stage 1,0,0.0125,0.3317,34965.09,144.98,164.91,158.66,0.0,0,,0,,Normal,Classification automatique,VAL-003,2026-09-11 14:53:28.040518,2026-12-10 14:53:28.040518
CLS-000745,CRD-000745,CLI-004893,2023-09-16,Saine,B,Stage 1,0,0.013,0.485,83931.29,528.31,618.96,589.33,0.0,0,,0,,Normal,Classification automatique,VAL-014,2026-09-11 14:53:28.043521,2026-12-10 14:53:28.043521
CLS-000746,CRD-000746,CLI-002935,2025-10-31,Saine,C,Stage 1,0,0.0198,0.5244,23027.45,238.82,255.21,247.02,0.0,0,,0,,Normal,Classification automatique,VAL-020,2026-09-11 14:53:28.046499,2026-12-10 14:53:28.046499
CLS-000747,CRD-000747,CLI-000606,2025-07-17,Saine,B,Stage 1,0,0.0059,0.2865,229607.28,390.61,424.26,412.5,0.0,0,,0,,Normal,Classification automatique,VAL-003,2026-09-11 14:53:28.049499,2026-12-10 14:53:28.049499
CLS-000748,CRD-000748,CLI-000897,2023-11-02,Saine,C,Stage 2,3,0.0451,0.537,1184549.4,28712.03,34283.01,32807.31,0.0,0,,0,,Normal,Classification automatique,VAL-016,2026-09-11 14:53:28.051500,2026-12-10 14:53:28.051500
CLS-000749,CRD-000749,CLI-000528,2022-04-15,Pré-douteuse,D,Stage 3,91,0.2455,0.6212,8068.37,1230.35,1465.12,1465.01,0.2,0,,0,,Retard de paiement,Classification automatique,VAL-008,2026-09-11 14:53:28.054503,2026-12-10 14:53:28.054503
CLS-000750,CRD-000750,CLI-004608,2025-09-19,Saine,C,Stage 1,0,0.0191,0.4453,615681.33,5248.43,5949.1,5733.8,0.0,0,,0,,Normal,Classification automatique,VAL-012,2026-09-11 14:53:28.057503,2026-12-10 14:53:28.057503
CLS-000751,CRD-000751,CLI-002348,2025-04-14,Saine,B,Stage 1,0,0.0138,0.3781,3101.31,16.15,16.66,16.32,0.0,0,,0,,Normal,Classification automatique,VAL-002,2026-09-11 14:53:28.059502,2026-12-10 14:53:28.059502
CLS-000752,CRD-000752,CLI-003440,2023-01-15,Saine,C,Stage 1,0,0.0076,0.4568,70013.0,241.77,249.52,248.22,0.0,0,,0,,Normal,Classification automatique,VAL-007,2026-09-11 14:53:28.062503,2026-12-10 14:53:28.062503
CLS-000753,CRD-000753,CLI-004999,2027-02-24,Saine,C,Stage 1,0,0.0076,0.4186,0.0,0.0,0.0,0.0,0.0,0,,0,,Normal,Classification automatique,VAL-001,2026-09-11 14:53:28.065504,2026-12-10 14:53:28.065504
CLS-000754,CRD-000754,CLI-004827,2023-05-16,Pré-douteuse,D,Stage 3,147,0.2426,0.3577,7602.23,659.66,712.7,707.55,0.2,0,,0,,Retard de paiement,Classification automatique,VAL-015,2026-09-11 14:53:28.068503,2026-12-10 14:53:28.068503
CLS-000755,CRD-000755,CLI-003923,2025-10-14,Saine,C,Stage 1,0,0.013,0.5494,18787.18,134.0,141.47,134.71,0.0,0,,0,,Normal,Classification automatique,VAL-001,2026-09-11 14:53:28.071504,2026-12-10 14:53:28.071504
CLS-000756,CRD-000756,CLI-000299,2022-02-12,Saine,C,Stage 1,0,0.0064,0.5897,4493.97,16.87,17.09,17.05,0.0,0,,0,,Normal,Classification automatique,VAL-009,2026-09-11 14:53:28.075503,2026-12-10 14:53:28.075503
CLS-000757,CRD-000757,CLI-002120,2022-08-16,Saine,C,Stage 1,0,0.016,0.5732,17188.33,158.14,168.25,166.57,0.0,0,,0,,Normal,Classification automatique,VAL-002,2026-09-11 14:53:28.079500,2026-12-10 14:53:28.079500
CLS-000758,CRD-000758,CLI-002537,2023-07-03,Saine,C,Stage 1,0,0.0086,0.3708,7377.29,23.59,26.56,26.0,0.0,0,,0,,Normal,Classification automatique,VAL-013,2026-09-11 14:53:28.082501,2026-12-10 14:53:28.082501
CLS-000759,CRD-000759,CLI-004204,2026-05-02,Saine,A,Stage 1,0,0.0056,0.5286,7944.61,23.63,25.95,25.61,0.0,0,,0,,Normal,Classification automatique,VAL-010,2026-09-11 14:53:28.085498,2026-12-10 14:53:28.085498
CLS-000760,CRD-000760,CLI-003255,2025-05-17,Saine,C,Stage 1,0,0.0076,0.4266,57219.44,186.11,220.7,216.58,0.0,0,,0,,Normal,Classification automatique,VAL-014,2026-09-11 14:53:28.089635,2026-12-10 14:53:28.089635
CLS-000761,CRD-000761,CLI-003726,2023-03-05,Saine,C,Stage 1,0,0.0181,0.5364,20368.47,197.94,200.84,191.21,0.0,0,,0,,Normal,Classification automatique,VAL-005,2026-09-11 14:53:28.094659,2026-12-10 14:53:28.094659
CLS-000762,CRD-000762,CLI-001261,2023-11-01,Saine,C,Stage 1,0,0.0054,0.2336,8949.61,11.33,12.84,12.22,0.0,0,,0,,Normal,Classification automatique,VAL-009,2026-09-11 14:53:28.098860,2026-12-10 14:53:28.098860
CLS-000763,CRD-000763,CLI-001559,2024-10-24,Saine,B,Stage 1,0,0.0183,0.2461,15448.21,69.73,82.79,78.85,0.0,0,,0,,Normal,Classification automatique,VAL-009,2026-09-11 14:53:28.103250,2026-12-10 14:53:28.103250
CLS-000764,CRD-000764,CLI-003270,2026-11-16,Saine,C,Stage 1,0,0.0114,0.4438,14876.5,75.23,79.8,78.96,0.0,0,,0,,Normal,Classification automatique,VAL-017,2026-09-11 14:53:28.106249,2026-12-10 14:53:28.106249
CLS-000765,CRD-000765,CLI-004047,2023-10-04,Saine,C,Stage 1,0,0.0142,0.34,6281.43,30.28,33.14,33.06,0.0,0,,0,,Normal,Classification automatique,VAL-005,2026-09-11 14:53:28.110248,2026-12-10 14:53:28.110248
CLS-000766,CRD-000766,CLI-000757,2025-03-06,Saine,B,Stage 1,0,0.0084,0.3922,10213.08,33.58,34.52,33.99,0.0,0,,0,,Normal,Classification automatique,VAL-014,2026-09-11 14:53:28.113251,2026-12-10 14:53:28.113251
CLS-000767,CRD-000767,CLI-001011,2025-12-11,Saine,B,Stage 1,0,0.0155,0.7134,82199.39,910.71,1052.3,1030.71,0.0,0,,0,,Normal,Classification automatique,VAL-011,2026-09-11 14:53:28.117245,2026-12-10 14:53:28.117245
CLS-000768,CRD-000768,CLI-002795,2022-10-19,Saine,C,Stage 1,0,0.0071,0.5036,155016.01,554.89,594.66,569.48,0.0,0,,0,,Normal,Classification automatique,VAL-006,2026-09-11 14:53:28.122244,2026-12-10 14:53:28.122244
CLS-000769,CRD-000769,CLI-002906,2023-09-11,Saine,C,Stage 1,0,0.0182,0.5578,22191.07,225.32,250.59,240.52,0.0,0,,0,,Normal,Classification automatique,VAL-001,2026-09-11 14:53:28.125244,2026-12-10 14:53:28.125244
CLS-000770,CRD-000770,CLI-001871,2026-01-18,Saine,A,Stage 1,0,0.0102,0.5493,117749.0,659.5,717.19,689.38,0.0,0,,0,,Normal,Classification automatique,VAL-008,2026-09-11 14:53:28.130250,2026-12-10 14:53:28.130250
CLS-000771,CRD-000771,CLI-002230,2024-07-23,Saine,C,Stage 1,0,0.0088,0.7136,151928.39,952.61,1054.4,1048.3,0.0,0,,0,,Normal,Classification automatique,VAL-012,2026-09-11 14:53:28.134248,2026-12-10 14:53:28.134248
CLS-000772,CRD-000772,CLI-001174,2022-07-20,Saine,C,Stage 1,0,0.0107,0.6486,247428.47,1720.6,1830.21,1766.24,0.0,0,,0,,Normal,Classification automatique,VAL-016,2026-09-11 14:53:28.137245,2026-12-10 14:53:28.137245
CLS-000773,CRD-000773,CLI-001833,2023-09-24,Saine,C,Stage 1,0,0.0161,0.4562,623731.84,4591.64,5494.4,5257.79,0.0,0,,0,,Normal,Classification automatique,VAL-018,2026-09-11 14:53:28.141417,2026-12-10 14:53:28.141417
CLS-000774,CRD-000774,CLI-000377,2026-12-19,Saine,C,Stage 2,84,0.0649,0.7318,48817.52,2318.51,2414.24,2351.5,0.0,0,,0,,Retard de paiement,Classification automatique,VAL-008,2026-09-11 14:53:28.145421,2026-12-10 14:53:28.145421
CLS-000775,CRD-000775,CLI-003854,2025-11-30,Saine,C,Stage 1,0,0.0104,0.3922,847.44,3.45,3.5,3.39,0.0,0,,0,,Normal,Classification automatique,VAL-015,2026-09-11 14:53:28.148659,2026-12-10 14:53:28.148659
CLS-000776,CRD-000776,CLI-003617,2024-12-05,Saine,C,Stage 1,0,0.0197,0.3107,28103.57,172.42,180.38,176.14,0.0,0,,0,,Normal,Classification automatique,VAL-010,2026-09-11 14:53:28.151666,2026-12-10 14:53:28.151666
CLS-000777,CRD-000777,CLI-000799,2027-02-10,Saine,C,Stage 1,0,0.0115,0.2221,4089.76,10.49,12.56,12.43,0.0,0,,0,,Normal,Classification automatique,VAL-010,2026-09-11 14:53:28.154657,2026-12-10 14:53:28.154657
CLS-000778,CRD-000778,CLI-000379,2026-11-12,Saine,A,Stage 1,0,0.0193,0.5808,4875.05,54.66,56.29,54.89,0.0,0,,0,,Normal,Classification automatique,VAL-003,2026-09-11 14:53:28.158682,2026-12-10 14:53:28.158682
CLS-000779,CRD-000779,CLI-001159,2025-06-06,Saine,C,Stage 1,0,0.0051,0.3558,4117.74,7.44,8.62,8.39,0.0,0,,0,,Normal,Classification automatique,VAL-010,2026-09-11 14:53:28.162664,2026-12-10 14:53:28.162664
CLS-000780,CRD-000780,CLI-003820,2022-04-16,Saine,C,Stage 1,0,0.0153,0.584,227616.42,2032.79,2156.11,2100.05,0.0,0,,0,,Normal,Classification automatique,VAL-009,2026-09-11 14:53:28.165662,2026-12-10 14:53:28.165662
CLS-000781,CRD-000781,CLI-002793,2026-04-02,Saine,B,Stage 1,0,0.0111,0.4835,11013.29,58.89,70.3,68.3,0.0,0,,0,,Normal,Classification automatique,VAL-019,2026-09-11 14:53:28.168662,2026-12-10 14:53:28.168662
CLS-000782,CRD-000782,CLI-002241,2025-12-05,Saine,A,Stage 1,0,0.014,0.4662,11321.22,73.81,78.59,76.46,0.0,0,,0,,Normal,Classification automatique,VAL-012,2026-09-11 14:53:28.171659,2026-12-10 14:53:28.171659
CLS-000783,CRD-000783,CLI-004036,2025-06-24,Saine,A,Stage 1,0,0.0097,0.2,94286.94,183.39,190.66,184.66,0.0,0,,0,,Normal,Classification automatique,VAL-012,2026-09-11 14:53:28.175681,2026-12-10 14:53:28.175681
CLS-000784,CRD-000784,CLI-002663,2025-05-20,Saine,C,Stage 1,0,0.0076,0.2601,1702792.21,3375.87,3883.73,3736.82,0.0,0,,0,,Normal,Classification automatique,VAL-007,2026-09-11 14:53:28.178658,2026-12-10 14:53:28.178658
CLS-000785,CRD-000785,CLI-004013,2026-12-28,Saine,C,Stage 2,57,0.0725,0.2872,25466.63,529.82,613.1,590.08,0.0,0,,0,,Retard de paiement,Classification automatique,VAL-011,2026-09-11 14:53:28.181658,2026-12-10 14:53:28.181658
CLS-000786,CRD-000786,CLI-002958,2022-07-24,Saine,A,Stage 1,0,0.0167,0.5389,20362.64,183.55,185.8,179.93,0.0,0,,0,,Normal,Classification automatique,VAL-008,2026-09-11 14:53:28.183660,2026-12-10 14:53:28.183660
CLS-000787,CRD-000787,CLI-003928,2023-01-24,Saine,C,Stage 1,0,0.018,0.429,73185.85,564.34,601.86,593.28,0.0,0,,0,,Normal,Classification automatique,VAL-014,2026-09-11 14:53:28.186659,2026-12-10 14:53:28.186659
CLS-000788,CRD-000788,CLI-001039,2024-11-04,Saine,C,Stage 2,48,0.1317,0.5938,18586.75,1454.04,1487.05,1429.03,0.0,0,,0,,Retard de paiement,Classification automatique,VAL-006,2026-09-11 14:53:28.188660,2026-12-10 14:53:28.188660
CLS-000789,CRD-000789,CLI-003260,2025-04-22,Saine,B,Stage 1,0,0.0128,0.4617,18454.19,109.02,112.99,109.28,0.0,0,,0,,Normal,Classification automatique,VAL-002,2026-09-11 14:53:28.191661,2026-12-10 14:53:28.191661
CLS-000790,CRD-000790,CLI-001345,2022-09-09,Saine,B,Stage 1,0,0.0151,0.5437,15059.65,123.61,137.08,136.45,0.0,0,,0,,Normal,Classification automatique,VAL-002,2026-09-11 14:53:28.195661,2026-12-10 14:53:28.195661
CLS-000791,CRD-000791,CLI-002506,2025-01-17,Saine,C,Stage 1,0,0.0158,0.2658,1304.5,5.49,6.47,6.31,0.0,0,,0,,Normal,Classification automatique,VAL-008,2026-09-11 14:53:28.198847,2026-12-10 14:53:28.198847
CLS-000792,CRD-000792,CLI-001722,2022-12-17,Saine,B,Stage 1,0,0.0139,0.6141,70055.08,596.95,620.32,594.98,0.0,0,,0,,Normal,Classification automatique,VAL-003,2026-09-11 14:53:28.201873,2026-12-10 14:53:28.201873
CLS-000793,CRD-000793,CLI-004664,2025-05-31,Saine,C,Stage 1,0,0.0156,0.6753,113128.17,1190.93,1349.44,1318.94,0.0,0,,0,,Normal,Classification automatique,VAL-001,2026-09-11 14:53:28.203870,2026-12-10 14:53:28.203870
CLS-000794,CRD-000794,CLI-000176,2026-06-14,Saine,B,Stage 1,0,0.0112,0.5913,387814.47,2574.95,2678.81,2575.34,0.0,0,,0,,Normal,Classification automatique,VAL-002,2026-09-11 14:53:28.206874,2026-12-10 14:53:28.206874
CLS-000795,CRD-000795,CLI-004894,2023-06-14,Saine,C,Stage 2,81,0.0775,0.6299,3338.89,162.89,177.98,175.17,0.0,0,,0,,Retard de paiement,Classification automatique,VAL-017,2026-09-11 14:53:28.209858,2026-12-10 14:53:28.209858
CLS-000796,CRD-000796,CLI-001910,2026-08-26,Saine,A,Stage 1,0,0.0189,0.5784,50043.34,546.77,591.23,582.14,0.0,0,,0,,Normal,Classification automatique,VAL-003,2026-09-11 14:53:28.212874,2026-12-10 14:53:28.212874
CLS-000797,CRD-000797,CLI-000046,2026-09-01,Saine,C,Stage 1,0,0.0099,0.6217,69949.36,428.46,507.5,491.57,0.0,0,,0,,Normal,Classification automatique,VAL-014,2026-09-11 14:53:28.216855,2026-12-10 14:53:28.216855
CLS-000798,CRD-000798,CLI-003410,2022-02-05,Saine,B,Stage 1,0,0.0121,0.3701,19670.8,88.32,91.92,88.7,0.0,0,,0,,Normal,Classification automatique,VAL-013,2026-09-11 14:53:28.219855,2026-12-10 14:53:28.219855
CLS-000799,CRD-000799,CLI-004675,2024-09-14,Saine,C,Stage 2,12,0.0425,0.4744,80866.68,1630.76,1899.52,1895.63,0.0,0,,0,,Normal,Classification automatique,VAL-012,2026-09-11 14:53:28.221855,2026-12-10 14:53:28.221855
CLS-000800,CRD-000800,CLI-001076,2024-11-02,Saine,B,Stage 1,0,0.0168,0.3548,87644.53,521.61,561.42,544.53,0.0,0,,0,,Normal,Classification automatique,VAL-010,2026-09-11 14:53:28.224856,2026-12-10 14:53:28.224856
CLS-000801,CRD-000801,CLI-002830,2025-01-15,Saine,A,Stage 1,0,0.0063,0.4618,72519.99,211.34,225.14,224.54,0.0,0,,0,,Normal,Classification automatique,VAL-015,2026-09-11 14:53:28.227855,2026-12-10 14:53:28.227855
CLS-000802,CRD-000802,CLI-001505,2024-10-21,Saine,B,Stage 2,16,0.0209,0.4949,17815.87,183.86,203.32,196.79,0.0,1,,0,,Normal,Classification automatique,VAL-001,2026-09-11 14:53:28.230869,2026-12-10 14:53:28.230869
CLS-000803,CRD-000803,CLI-002310,2023-08-03,Saine,C,Stage 1,0,0.0064,0.4216,119561.25,322.49,326.73,313.7,0.0,0,,0,,Normal,Classification automatique,VAL-001,2026-09-11 14:53:28.233869,2026-12-10 14:53:28.233869
CLS-000804,CRD-000804,CLI-001437,2022-11-11,Compromise,D,Stage 3,393,0.815,0.7131,163805.72,95208.23,95817.65,95471.34,1.0,0,,1,2023-04-13,Retard de paiement,Classification automatique,VAL-020,2026-09-11 14:53:28.235875,2026-12-10 14:53:28.235875
CLS-000805,CRD-000805,CLI-002419,2025-01-18,Saine,C,Stage 1,0,0.0194,0.31,27766.01,167.31,183.58,177.41,0.0,0,,0,,Normal,Classification automatique,VAL-013,2026-09-11 14:53:28.238868,2026-12-10 14:53:28.238868
CLS-000806,CRD-000806,CLI-003987,2024-03-29,Saine,C,Stage 1,0,0.0195,0.2461,11105.47,53.29,53.53,51.59,0.0,0,,0,,Normal,Classification automatique,VAL-009,2026-09-11 14:53:28.241872,2026-12-10 14:53:28.241872
CLS-000807,CRD-000807,CLI-003099,2022-06-25,Saine,C,Stage 1,0,0.02,0.4089,125.68,1.03,1.12,1.12,0.0,0,,0,,Normal,Classification automatique,VAL-006,2026-09-11 14:53:28.244850,2026-12-10 14:53:28.244850
CLS-000808,CRD-000808,CLI-004589,2024-12-30,Saine,C,Stage 1,0,0.0103,0.7284,9858.71,74.24,78.74,76.11,0.0,0,2026-06-21,0,,Normal,Classification automatique,VAL-002,2026-09-11 14:53:28.246853,2026-12-10 14:53:28.246853
CLS-000809,CRD-000809,CLI-000284,2026-01-10,Saine,C,Stage 1,0,0.0119,0.3559,15340.15,65.07,73.03,70.66,0.0,0,,0,,Normal,Classification automatique,VAL-002,2026-09-11 14:53:28.249852,2026-12-10 14:53:28.249852
CLS-000810,CRD-000810,CLI-004919,2023-08-20,Saine,B,Stage 1,0,0.0147,0.5651,26330.06,218.72,238.0,228.11,0.0,0,,0,,Normal,Classification automatique,VAL-014,2026-09-11 14:53:28.252851,2026-12-10 14:53:28.252851
CLS-000811,CRD-000811,CLI-000843,2024-08-05,Saine,C,Stage 1,0,0.0192,0.5462,44977.36,470.57,551.61,535.03,0.0,0,,0,,Normal,Classification automatique,VAL-015,2026-09-11 14:53:28.254850,2026-12-10 14:53:28.254850
CLS-000812,CRD-000812,CLI-001514,2024-10-30,Saine,C,Stage 1,0,0.0183,0.4837,342898.73,3033.1,3300.37,3249.09,0.0,0,,0,,Normal,Classification automatique,VAL-016,2026-09-11 14:53:28.258850,2026-12-10 14:53:28.258850
CLS-000813,CRD-000813,CLI-001169,2025-07-01,Saine,C,Stage 1,0,0.0128,0.5072,79413.1,516.71,546.11,539.86,0.0,0,,0,,Normal,Classification automatique,VAL-005,2026-09-11 14:53:28.263872,2026-12-10 14:53:28.263872
CLS-000814,CRD-000814,CLI-001593,2024-08-03,Saine,C,Stage 2,11,0.0335,0.4774,51012.1,815.58,926.75,891.35,0.0,0,,0,,Normal,Classification automatique,VAL-012,2026-09-11 14:53:28.267991,2026-12-10 14:53:28.267991
CLS-000815,CRD-000815,CLI-003461,2023-07-18,Saine,C,Stage 2,76,0.111,0.7295,32511.48,2633.28,3025.74,2906.52,0.0,0,,0,,Retard de paiement,Classification automatique,VAL-007,2026-09-11 14:53:28.271993,2026-12-10 14:53:28.271993
CLS-000816,CRD-000816,CLI-003166,2026-07-01,Saine,C,Stage 1,0,0.0105,0.5176,191120.31,1038.0,1124.42,1104.07,0.0,0,,0,,Normal,Classification automatique,VAL-018,2026-09-11 14:53:28.276198,2026-12-10 14:53:28.276198
CLS-000817,CRD-000817,CLI-002285,2022-11-07,Saine,C,Stage 1,0,0.0127,0.4076,1226.42,6.36,7.35,7.29,0.0,0,,0,,Normal,Classification automatique,VAL-017,2026-09-11 14:53:28.280203,2026-12-10 14:53:28.280203
CLS-000818,CRD-000818,CLI-003576,2022-10-06,Saine,A,Stage 1,0,0.0165,0.5485,9322.48,84.59,88.51,87.14,0.0,0,,0,,Normal,Classification automatique,VAL-020,2026-09-11 14:53:28.284203,2026-12-10 14:53:28.284203
CLS-000819,CRD-000819,CLI-004871,2027-06-09,Saine,B,Stage 1,0,0.0187,0.4455,1962.1,16.39,17.41,17.14,0.0,0,,0,,Normal,Classification automatique,VAL-011,2026-09-11 14:53:28.288204,2026-12-10 14:53:28.288204
CLS-000820,CRD-000820,CLI-002306,2023-01-14,Saine,C,Stage 1,0,0.0143,0.5354,12015.58,92.15,101.28,100.77,0.0,0,,0,,Normal,Classification automatique,VAL-007,2026-09-11 14:53:28.292201,2026-12-10 14:53:28.292201
CLS-000821,CRD-000821,CLI-000953,2024-10-04,Saine,A,Stage 1,0,0.0131,0.4814,48321.5,305.07,346.21,330.78,0.0,0,2025-08-08,0,,Normal,Classification automatique,VAL-020,2026-09-11 14:53:28.295202,2026-12-10 14:53:28.295202
CLS-000822,CRD-000822,CLI-004943,2025-10-22,Saine,C,Stage 1,0,0.0198,0.7455,696712.65,10263.52,12292.31,12251.25,0.0,0,,0,,Normal,Classification automatique,VAL-008,2026-09-11 14:53:28.299204,2026-12-10 14:53:28.299204
CLS-000823,CRD-000823,CLI-003054,2024-02-02,Saine,B,Stage 1,0,0.0082,0.4332,17243.34,61.14,65.59,65.11,0.0,0,,0,,Normal,Classification automatique,VAL-016,2026-09-11 14:53:28.303204,2026-12-10 14:53:28.303204
CLS-000824,CRD-000824,CLI-004560,2026-03-05,Saine,C,Stage 1,0,0.0069,0.5274,742768.57,2690.38,3055.82,3049.06,0.0,0,,0,,Normal,Classification automatique,VAL-003,2026-09-11 14:53:28.306198,2026-12-10 14:53:28.306198
CLS-000825,CRD-000825,CLI-002686,2026-08-08,Saine,C,Stage 1,0,0.0187,0.7213,4330.73,58.38,61.83,60.33,0.0,1,,0,,Normal,Classification automatique,VAL-009,2026-09-11 14:53:28.310199,2026-12-10 14:53:28.310199
CLS-000826,CRD-000826,CLI-001490,2026-03-25,Saine,B,Stage 1,0,0.0101,0.4927,143311.07,711.84,750.42,738.78,0.0,0,,0,,Normal,Classification automatique,VAL-014,2026-09-11 14:53:28.313204,2026-12-10 14:53:28.313204
CLS-000827,CRD-000827,CLI-000928,2023-08-26,Douteuse,D,Stage 3,258,0.6176,0.5284,47670.55,15555.59,15955.9,15375.95,0.5,0,,1,2023-11-19,Retard de paiement,Classification automatique,VAL-020,2026-09-11 14:53:28.317394,2026-12-10 14:53:28.317394
CLS-000828,CRD-000828,CLI-001210,2025-06-09,Saine,C,Stage 1,0,0.0116,0.5806,0.0,0.0,0.0,0.0,0.0,0,,0,,Normal,Classification automatique,VAL-015,2026-09-11 14:53:28.324590,2026-12-10 14:53:28.324590
CLS-000829,CRD-000829,CLI-003974,2027-08-15,Saine,C,Stage 1,0,0.0077,0.5412,1396.44,5.81,6.36,6.32,0.0,0,,0,,Normal,Classification automatique,VAL-004,2026-09-11 14:53:28.329761,2026-12-10 14:53:28.329761
CLS-000830,CRD-000830,CLI-003546,2024-03-21,Saine,C,Stage 1,0,0.0136,0.7,0.0,0.0,0.0,0.0,0.0,1,,0,,Normal,Classification automatique,VAL-013,2026-09-11 14:53:28.333762,2026-12-10 14:53:28.333762
CLS-000831,CRD-000831,CLI-004362,2023-07-18,Saine,B,Stage 1,0,0.0159,0.2619,1118.78,4.66,5.51,5.45,0.0,0,,0,,Normal,Classification automatique,VAL-005,2026-09-11 14:53:28.338757,2026-12-10 14:53:28.338757
CLS-000832,CRD-000832,CLI-001922,2022-06-06,Saine,B,Stage 1,0,0.0182,0.6445,1131.54,13.27,14.96,14.26,0.0,0,,0,,Normal,Classification automatique,VAL-005,2026-09-11 14:53:28.341760,2026-12-10 14:53:28.341760
CLS-000833,CRD-000833,CLI-000352,2023-11-30,Saine,A,Stage 1,0,0.0197,0.2471,5632.15,27.37,32.13,31.22,0.0,0,,0,,Normal,Classification automatique,VAL-020,2026-09-11 14:53:28.345756,2026-12-10 14:53:28.345756
CLS-000834,CRD-000834,CLI-004899,2023-02-26,Saine,A,Stage 1,0,0.0066,0.5285,84009.2,294.11,326.02,324.55,0.0,0,,0,,Normal,Classification automatique,VAL-007,2026-09-11 14:53:28.348757,2026-12-10 14:53:28.348757
CLS-000835,CRD-000835,CLI-003394,2022-05-18,Saine,B,Stage 1,0,0.0192,0.4144,961.67,7.65,8.38,8.24,0.0,0,,0,,Normal,Classification automatique,VAL-007,2026-09-11 14:53:28.353754,2026-12-10 14:53:28.353754
CLS-000836,CRD-000836,CLI-002722,2026-05-16,Saine,C,Stage 1,0,0.0055,0.2274,16084.41,19.94,23.44,23.0,0.0,0,,0,,Normal,Classification automatique,VAL-004,2026-09-11 14:53:28.357993,2026-12-10 14:53:28.357993
CLS-000837,CRD-000837,CLI-004982,2024-08-24,Pré-douteuse,D,Stage 3,130,0.2997,0.3638,1205.51,131.45,152.53,149.98,0.2,0,,0,,Retard de paiement,Classification automatique,VAL-008,2026-09-11 14:53:28.362490,2026-12-10 14:53:28.362490
CLS-000838,CRD-000838,CLI-000719,2022-08-18,Saine,C,Stage 1,0,0.0082,0.4324,19344.23,68.98,75.18,72.82,0.0,1,,0,,Normal,Classification automatique,VAL-011,2026-09-11 14:53:28.367732,2026-12-10 14:53:28.367732
CLS-000839,CRD-000839,CLI-002703,2024-08-01,Saine,B,Stage 1,0,0.0132,0.6799,35963.27,321.6,344.16,333.52,0.0,0,,0,,Normal,Classification automatique,VAL-014,2026-09-11 14:53:28.370976,2026-12-10 14:53:28.370976
CLS-000840,CRD-000840,CLI-002723,2025-09-07,Saine,B,Stage 1,0,0.0063,0.6973,65455.21,285.66,334.98,325.61,0.0,1,,0,,Normal,Classification automatique,VAL-010,2026-09-11 14:53:28.375650,2026-12-10 14:53:28.375650
CLS-000841,CRD-000841,CLI-004562,2026-08-06,Saine,C,Stage 1,0,0.0109,0.6025,1535.36,10.05,11.27,11.11,0.0,0,,0,,Normal,Classification automatique,VAL-015,2026-09-11 14:53:28.379903,2026-12-10 14:53:28.379903
CLS-000842,CRD-000842,CLI-000309,2025-05-04,Saine,C,Stage 1,0,0.0081,0.3669,255244.22,756.27,776.31,745.77,0.0,0,,0,,Normal,Classification automatique,VAL-014,2026-09-11 14:53:28.383695,2026-12-10 14:53:28.383695
CLS-000843,CRD-000843,CLI-001676,2026-05-17,Saine,C,Stage 1,0,0.013,0.414,2810.23,15.16,15.4,14.97,0.0,0,,0,,Normal,Classification automatique,VAL-001,2026-09-11 14:53:28.387823,2026-12-10 14:53:28.387823
CLS-000844,CRD-000844,CLI-000834,2026-01-26,Saine,A,Stage 1,0,0.0082,0.2115,2032.9,3.53,4.11,4.11,0.0,0,,0,,Normal,Classification automatique,VAL-018,2026-09-11 14:53:28.391797,2026-12-10 14:53:28.391797
CLS-000845,CRD-000845,CLI-000367,2026-05-24,Saine,C,Stage 2,49,0.0583,0.5435,10038.5,318.29,328.17,312.35,0.0,0,,0,,Retard de paiement,Classification automatique,VAL-012,2026-09-11 14:53:28.394802,2026-12-10 14:53:28.394802
CLS-000846,CRD-000846,CLI-004507,2026-07-20,Saine,C,Stage 2,62,0.068,0.4604,230761.35,7224.93,7797.43,7449.79,0.0,0,,0,,Retard de paiement,Classification automatique,VAL-019,2026-09-11 14:53:28.398798,2026-12-10 14:53:28.398798
CLS-000847,CRD-000847,CLI-002079,2026-04-28,Saine,C,Stage 1,0,0.0096,0.7066,3001.41,20.34,21.9,21.23,0.0,0,,0,,Normal,Classification automatique,VAL-014,2026-09-11 14:53:28.400796,2026-12-10 14:53:28.400796
CLS-000848,CRD-000848,CLI-004039,2023-10-15,Saine,C,Stage 1,0,0.0157,0.3731,8853.17,51.72,57.45,55.36,0.0,0,,0,,Normal,Classification automatique,VAL-015,2026-09-11 14:53:28.403799,2026-12-10 14:53:28.403799
CLS-000849,CRD-000849,CLI-004847,2025-03-01,Saine,A,Stage 1,0,0.0064,0.3768,101586.07,246.02,266.01,255.53,0.0,0,,0,,Normal,Classification automatique,VAL-018,2026-09-11 14:53:28.406799,2026-12-10 14:53:28.406799
CLS-000850,CRD-000850,CLI-004480,2026-03-29,Saine,B,Stage 1,0,0.0064,0.3888,543.03,1.35,1.59,1.58,0.0,0,,0,,Normal,Classification automatique,VAL-019,2026-09-11 14:53:28.408799,2026-12-10 14:53:28.408799
CLS-000851,CRD-000851,CLI-001747,2025-05-21,Saine,C,Stage 1,0,0.0171,0.4359,6532.25,48.76,54.28,54.1,0.0,0,,0,,Normal,Classification automatique,VAL-015,2026-09-11 14:53:28.411796,2026-12-10 14:53:28.411796
CLS-000852,CRD-000852,CLI-000020,2024-01-21,Saine,C,Stage 1,0,0.0067,0.6718,415624.1,1870.87,2151.58,2087.85,0.0,0,,0,,Normal,Classification automatique,VAL-006,2026-09-11 14:53:28.413797,2026-12-10 14:53:28.413797
CLS-000853,CRD-000853,CLI-001323,2026-01-14,Saine,C,Stage 1,0,0.0153,0.2928,960.56,4.31,4.55,4.51,0.0,0,,0,,Normal,Classification automatique,VAL-018,2026-09-11 14:53:28.416915,2026-12-10 14:53:28.416915
CLS-000854,CRD-000854,CLI-003568,2022-09-27,Saine,B,Stage 1,0,0.013,0.4813,335005.07,2099.44,2162.82,2130.9,0.0,0,,0,,Normal,Classification automatique,VAL-004,2026-09-11 14:53:28.419915,2026-12-10 14:53:28.419915
CLS-000855,CRD-000855,CLI-002522,2024-11-25,Saine,C,Stage 1,0,0.0133,0.4443,269243.78,1591.58,1811.53,1807.24,0.0,0,,0,,Normal,Classification automatique,VAL-008,2026-09-11 14:53:28.421915,2026-12-10 14:53:28.421915
CLS-000856,CRD-000856,CLI-000219,2023-04-06,Saine,B,Stage 1,0,0.0098,0.5388,7403.36,39.24,46.73,45.2,0.0,0,,0,,Normal,Classification automatique,VAL-011,2026-09-11 14:53:28.425921,2026-12-10 14:53:28.425921
CLS-000857,CRD-000857,CLI-001488,2023-07-19,Saine,C,Stage 2,81,0.0803,0.6105,2597.19,127.39,144.62,138.43,0.0,0,,0,,Retard de paiement,Classification automatique,VAL-016,2026-09-11 14:53:28.428921,2026-12-10 14:53:28.428921
CLS-000858,CRD-000858,CLI-000439,2022-05-29,Saine,C,Stage 2,19,0.0242,0.4601,8735.38,97.11,114.38,111.49,0.0,0,,0,,Normal,Classification automatique,VAL-013,2026-09-11 14:53:28.431921,2026-12-10 14:53:28.431921
CLS-000859,CRD-000859,CLI-004175,2024-09-14,Saine,A,Stage 1,0,0.0071,0.5345,78065.9,297.14,306.0,299.58,0.0,0,,0,,Normal,Classification automatique,VAL-008,2026-09-11 14:53:28.434922,2026-12-10 14:53:28.434922
CLS-000860,CRD-000860,CLI-002751,2025-04-24,Saine,B,Stage 1,0,0.012,0.3112,22865.85,85.27,93.11,90.56,0.0,0,,0,,Normal,Classification automatique,VAL-010,2026-09-11 14:53:28.437919,2026-12-10 14:53:28.437919
CLS-000861,CRD-000861,CLI-003289,2022-07-21,Saine,B,Stage 1,0,0.0185,0.3738,7025.91,48.6,51.71,51.53,0.0,0,,0,,Normal,Classification automatique,VAL-010,2026-09-11 14:53:28.440924,2026-12-10 14:53:28.440924
CLS-000862,CRD-000862,CLI-003434,2025-01-21,Saine,B,Stage 1,0,0.0104,0.6002,4462.83,27.8,29.59,29.03,0.0,0,,0,,Normal,Classification automatique,VAL-009,2026-09-11 14:53:28.443936,2026-12-10 14:53:28.443936
CLS-000863,CRD-000863,CLI-002526,2023-01-30,Saine,C,Stage 1,0,0.0107,0.6851,16708.97,122.44,137.4,135.47,0.0,0,,0,,Normal,Classification automatique,VAL-013,2026-09-11 14:53:28.446939,2026-12-10 14:53:28.446939
CLS-000864,CRD-000864,CLI-004651,2023-03-21,Saine,C,Stage 1,0,0.0162,0.3777,52724.12,322.31,384.2,368.29,0.0,0,,0,,Normal,Classification automatique,VAL-013,2026-09-11 14:53:28.449936,2026-12-10 14:53:28.449936
CLS-000865,CRD-000865,CLI-003689,2025-10-22,Saine,C,Stage 1,0,0.0178,0.2938,41013.37,214.64,240.04,235.39,0.0,0,,0,,Normal,Classification automatique,VAL-007,2026-09-11 14:53:28.452939,2026-12-10 14:53:28.452939
CLS-000866,CRD-000866,CLI-002764,2024-05-28,Saine,C,Stage 1,0,0.0094,0.7244,1628752.96,11098.56,12249.57,11825.33,0.0,1,,0,,Normal,Classification automatique,VAL-007,2026-09-11 14:53:28.455939,2026-12-10 14:53:28.455939
CLS-000867,CRD-000867,CLI-000803,2023-01-15,Saine,B,Stage 1,0,0.0097,0.4182,9002.36,36.35,37.9,37.83,0.0,0,,0,,Normal,Classification automatique,VAL-009,2026-09-11 14:53:28.457941,2026-12-10 14:53:28.457941
CLS-000868,CRD-000868,CLI-002998,2023-01-09,Saine,C,Stage 1,0,0.0071,0.6832,14221.83,68.99,77.57,76.85,0.0,0,,0,,Normal,Classification automatique,VAL-004,2026-09-11 14:53:28.461921,2026-12-10 14:53:28.461921
CLS-000869,CRD-000869,CLI-002229,2026-10-14,Saine,C,Stage 1,0,0.0118,0.5618,16507.74,109.21,111.29,106.62,0.0,0,,0,,Normal,Classification automatique,VAL-019,2026-09-11 14:53:28.463923,2026-12-10 14:53:28.463923
CLS-000870,CRD-000870,CLI-004786,2025-11-19,Saine,C,Stage 1,0,0.0158,0.2501,18939.02,74.99,78.13,76.94,0.0,0,,0,,Normal,Classification automatique,VAL-001,2026-09-11 14:53:28.466921,2026-12-10 14:53:28.466921
CLS-000871,CRD-000871,CLI-002078,2023-05-09,Saine,C,Stage 1,0,0.0107,0.7069,12361.89,93.34,100.1,96.77,0.0,0,,0,,Normal,Classification automatique,VAL-017,2026-09-11 14:53:28.469923,2026-12-10 14:53:28.469923
CLS-000872,CRD-000872,CLI-000583,2024-07-23,Saine,B,Stage 1,0,0.0103,0.2812,10679.65,30.92,36.9,35.49,0.0,0,,0,,Normal,Classification automatique,VAL-008,2026-09-11 14:53:28.471920,2026-12-10 14:53:28.471920
CLS-000873,CRD-000873,CLI-000204,2024-06-01,Saine,B,Stage 1,0,0.0196,0.5017,21471.61,211.15,242.12,233.31,0.0,0,,0,,Normal,Classification automatique,VAL-007,2026-09-11 14:53:28.474920,2026-12-10 14:53:28.474920
CLS-000874,CRD-000874,CLI-004347,2024-12-27,Saine,C,Stage 1,0,0.0064,0.5016,13273.45,42.82,44.16,43.61,0.0,0,,0,,Normal,Classification automatique,VAL-003,2026-09-11 14:53:28.477938,2026-12-10 14:53:28.477938
CLS-000875,CRD-000875,CLI-003479,2023-10-15,Saine,B,Stage 1,0,0.0125,0.2186,25485.77,69.69,79.69,78.72,0.0,0,,0,,Normal,Classification automatique,VAL-010,2026-09-11 14:53:28.480940,2026-12-10 14:53:28.480940
CLS-000876,CRD-000876,CLI-002930,2022-12-07,Saine,C,Stage 1,0,0.0111,0.3404,4342.85,16.43,19.59,18.7,0.0,0,,0,,Normal,Classification automatique,VAL-008,2026-09-11 14:53:28.483938,2026-12-10 14:53:28.483938
CLS-000877,CRD-000877,CLI-003086,2022-11-20,Saine,B,Stage 1,0,0.0107,0.6401,2657.41,18.16,20.21,19.55,0.0,0,,0,,Normal,Classification automatique,VAL-013,2026-09-11 14:53:28.485941,2026-12-10 14:53:28.485941
CLS-000878,CRD-000878,CLI-001019,2023-10-20,Saine,B,Stage 1,0,0.0196,0.6145,757.94,9.11,9.26,9.12,0.0,0,,0,,Normal,Classification automatique,VAL-019,2026-09-11 14:53:28.488939,2026-12-10 14:53:28.488939
CLS-000879,CRD-000879,CLI-001584,2023-07-30,Saine,C,Stage 2,81,0.0592,0.4946,2464.37,72.22,73.48,70.99,0.0,0,,0,,Retard de paiement,Classification automatique,VAL-001,2026-09-11 14:53:28.491081,2026-12-10 14:53:28.491081
CLS-000880,CRD-000880,CLI-001033,2022-04-25,Saine,B,Stage 1,0,0.0106,0.3491,7255.04,26.74,30.29,29.9,0.0,0,,0,,Normal,Classification automatique,VAL-010,2026-09-11 14:53:28.494083,2026-12-10 14:53:28.494083
CLS-000881,CRD-000881,CLI-001719,2026-03-06,Saine,C,Stage 1,0,0.0172,0.4802,143543.4,1183.15,1196.85,1153.73,0.0,0,,0,,Normal,Classification automatique,VAL-010,2026-09-11 14:53:28.498060,2026-12-10 14:53:28.498060
CLS-000882,CRD-000882,CLI-001282,2022-09-11,Saine,C,Stage 1,0,0.0145,0.2717,68295.46,269.51,310.78,298.59,0.0,0,,0,,Normal,Classification automatique,VAL-017,2026-09-11 14:53:28.502225,2026-12-10 14:53:28.502225
CLS-000883,CRD-000883,CLI-002499,2022-09-17,Saine,A,Stage 1,0,0.007,0.6806,73960.45,352.13,417.26,397.26,0.0,0,,0,,Normal,Classification automatique,VAL-003,2026-09-11 14:53:28.505243,2026-12-10 14:53:28.505243
CLS-000884,CRD-000884,CLI-003351,2024-12-29,Saine,C,Stage 2,64,0.1322,0.4071,6884.78,370.57,398.5,393.64,0.0,0,,0,,Retard de paiement,Classification automatique,VAL-009,2026-09-11 14:53:28.508244,2026-12-10 14:53:28.508244
CLS-000885,CRD-000885,CLI-000518,2024-11-02,Pré-douteuse,D,Stage 3,112,0.2165,0.341,3028.15,223.57,228.06,221.49,0.2,0,,0,,Retard de paiement,Classification automatique,VAL-016,2026-09-11 14:53:28.510248,2026-12-10 14:53:28.510248
CLS-000886,CRD-000886,CLI-001748,2022-11-17,Saine,B,Stage 1,0,0.0135,0.4524,38711.85,236.37,246.58,236.93,0.0,0,,0,,Normal,Classification automatique,VAL-014,2026-09-11 14:53:28.513240,2026-12-10 14:53:28.513240
CLS-000887,CRD-000887,CLI-004653,2023-01-02,Saine,C,Stage 1,0,0.0133,0.213,63633.08,180.81,216.53,210.67,0.0,0,,0,,Normal,Classification automatique,VAL-015,2026-09-11 14:53:28.515241,2026-12-10 14:53:28.515241
CLS-000888,CRD-000888,CLI-003733,2026-04-19,Saine,C,Stage 1,0,0.0072,0.6474,9662.97,45.24,54.26,52.52,0.0,0,,0,,Normal,Classification automatique,VAL-012,2026-09-11 14:53:28.518245,2026-12-10 14:53:28.518245
CLS-000889,CRD-000889,CLI-000669,2022-12-27,Saine,C,Stage 2,34,0.0849,0.5154,7601.84,332.59,379.21,373.14,0.0,0,,0,,Retard de paiement,Classification automatique,VAL-019,2026-09-11 14:53:28.521243,2026-12-10 14:53:28.521243
CLS-000890,CRD-000890,CLI-004060,2024-05-08,Saine,A,Stage 1,0,0.0137,0.4354,19639.83,117.03,140.43,134.89,0.0,0,2024-02-07,0,,Normal,Classification automatique,VAL-014,2026-09-11 14:53:28.523243,2026-12-10 14:53:28.523243
CLS-000891,CRD-000891,CLI-003027,2025-01-08,Saine,A,Stage 1,0,0.0164,0.4861,12088.33,96.41,106.8,106.66,0.0,0,,0,,Normal,Classification automatique,VAL-010,2026-09-11 14:53:28.526243,2026-12-10 14:53:28.526243
CLS-000892,CRD-000892,CLI-004933,2027-01-13,Saine,C,Stage 1,0,0.0191,0.3849,261909.48,1923.37,2194.26,2108.63,0.0,0,,0,,Normal,Classification automatique,VAL-004,2026-09-11 14:53:28.528243,2026-12-10 14:53:28.528243
CLS-000893,CRD-000893,CLI-003287,2024-09-17,Saine,A,Stage 1,0,0.017,0.4822,19704.41,161.67,178.97,175.32,0.0,0,,0,,Normal,Classification automatique,VAL-017,2026-09-11 14:53:28.531244,2026-12-10 14:53:28.531244
CLS-000894,CRD-000894,CLI-002651,2023-02-16,Pré-douteuse,D,Stage 3,116,0.1819,0.7109,188872.68,24421.14,25426.31,24434.96,0.2,0,,0,,Retard de paiement,Classification automatique,VAL-016,2026-09-11 14:53:28.533243,2026-12-10 14:53:28.533243
CLS-000895,CRD-000895,CLI-004454,2022-09-28,Saine,C,Stage 1,0,0.0105,0.5663,3224.67,19.25,20.53,20.4,0.0,0,,0,,Normal,Classification automatique,VAL-014,2026-09-11 14:53:28.536243,2026-12-10 14:53:28.536243
CLS-000896,CRD-000896,CLI-003193,2024-08-25,Saine,C,Stage 1,0,0.0141,0.4039,27348.55,155.45,164.36,158.35,0.0,0,,0,,Normal,Classification automatique,VAL-016,2026-09-11 14:53:28.538243,2026-12-10 14:53:28.538243
CLS-000897,CRD-000897,CLI-002125,2024-01-01,Saine,B,Stage 1,0,0.0136,0.2774,55559.1,208.93,209.62,205.51,0.0,1,,0,,Normal,Classification automatique,VAL-020,2026-09-11 14:53:28.541380,2026-12-10 14:53:28.541380
CLS-000898,CRD-000898,CLI-003376,2026-03-16,Saine,C,Stage 1,0,0.0156,0.4703,2467.24,18.05,19.21,18.65,0.0,0,2025-11-15,0,,Normal,Classification automatique,VAL-002,2026-09-11 14:53:28.543384,2026-12-10 14:53:28.543384
CLS-000899,CRD-000899,CLI-003393,2024-07-02,Saine,A,Stage 1,0,0.0114,0.5007,149293.71,852.39,1008.29,962.62,0.0,0,,0,,Normal,Classification automatique,VAL-007,2026-09-11 14:53:28.546384,2026-12-10 14:53:28.546384
CLS-000900,CRD-000900,CLI-003486,2023-06-15,Saine,B,Stage 1,0,0.0164,0.513,8201.91,69.04,74.68,71.53,0.0,0,,0,,Normal,Classification automatique,VAL-015,2026-09-11 14:53:28.549606,2026-12-10 14:53:28.549606
CLS-000901,CRD-000901,CLI-000760,2025-04-26,Pré-douteuse,D,Stage 3,121,0.2799,0.6691,3178.34,595.31,673.81,647.89,0.2,1,,0,,Retard de paiement,Classification automatique,VAL-016,2026-09-11 14:53:28.551676,2026-12-10 14:53:28.551676
CLS-000902,CRD-000902,CLI-003380,2023-06-03,Saine,B,Stage 1,0,0.0055,0.6697,0.0,0.0,0.0,0.0,0.0,0,,0,,Normal,Classification automatique,VAL-015,2026-09-11 14:53:28.554675,2026-12-10 14:53:28.554675
CLS-000903,CRD-000903,CLI-004441,2025-11-14,Douteuse,D,Stage 3,208,0.615,0.4052,120958.08,30142.72,30143.26,29339.99,0.5,0,,1,2025-07-31,Retard de paiement,Classification automatique,VAL-002,2026-09-11 14:53:28.557671,2026-12-10 14:53:28.557671
CLS-000904,CRD-000904,CLI-002527,2025-08-26,Saine,C,Stage 2,79,0.1144,0.6757,5926.83,458.0,504.3,482.49,0.0,0,,0,,Retard de paiement,Classification automatique,VAL-020,2026-09-11 14:53:28.559678,2026-12-10 14:53:28.559678
CLS-000905,CRD-000905,CLI-004859,2027-02-15,Saine,B,Stage 1,0,0.0151,0.7439,58939.22,662.18,695.3,684.74,0.0,0,,0,,Normal,Classification automatique,VAL-016,2026-09-11 14:53:28.562678,2026-12-10 14:53:28.562678
CLS-000906,CRD-000906,CLI-000908,2023-05-03,Saine,C,Stage 1,0,0.016,0.3082,32745.15,161.0,175.27,173.74,0.0,0,,0,,Normal,Classification automatique,VAL-006,2026-09-11 14:53:28.565674,2026-12-10 14:53:28.565674
CLS-000907,CRD-000907,CLI-002684,2023-09-23,Saine,C,Stage 1,0,0.0065,0.2989,214488.84,419.14,490.7,468.14,0.0,1,,0,,Normal,Classification automatique,VAL-008,2026-09-11 14:53:28.568677,2026-12-10 14:53:28.568677
CLS-000908,CRD-000908,CLI-000215,2027-03-28,Saine,C,Stage 1,0,0.0058,0.4874,19945.63,56.82,65.14,62.53,0.0,0,,0,,Normal,Classification automatique,VAL-018,2026-09-11 14:53:28.570678,2026-12-10 14:53:28.570678
CLS-000909,CRD-000909,CLI-003332,2024-05-29,Douteuse,D,Stage 3,325,0.5196,0.2359,2517.4,308.6,315.07,301.96,0.5,0,,1,2024-04-23,Retard de paiement,Classification automatique,VAL-009,2026-09-11 14:53:28.573678,2026-12-10 14:53:28.573678
CLS-000910,CRD-000910,CLI-004459,2026-11-14,Saine,C,Stage 1,0,0.0095,0.3646,0.0,0.0,0.0,0.0,0.0,0,,0,,Normal,Classification automatique,VAL-004,2026-09-11 14:53:28.576676,2026-12-10 14:53:28.576676
CLS-000911,CRD-000911,CLI-000694,2025-02-25,Saine,C,Stage 1,0,0.019,0.6168,94430.82,1108.45,1250.67,1243.16,0.0,0,,0,,Normal,Classification automatique,VAL-013,2026-09-11 14:53:28.579653,2026-12-10 14:53:28.579653
CLS-000912,CRD-000912,CLI-001504,2024-08-11,Saine,A,Stage 1,0,0.0175,0.3964,4902.21,34.04,40.56,39.22,0.0,0,,0,,Normal,Classification automatique,VAL-015,2026-09-11 14:53:28.581655,2026-12-10 14:53:28.581655
CLS-000913,CRD-000913,CLI-002415,2023-10-27,Saine,C,Stage 1,0,0.0137,0.6016,14249.42,117.54,136.64,136.43,0.0,0,,0,,Normal,Classification automatique,VAL-010,2026-09-11 14:53:28.584653,2026-12-10 14:53:28.584653
CLS-000914,CRD-000914,CLI-002119,2023-09-29,Saine,B,Stage 1,0,0.0194,0.4772,334200.33,3100.79,3264.39,3158.56,0.0,0,,0,,Normal,Classification automatique,VAL-007,2026-09-11 14:53:28.586656,2026-12-10 14:53:28.586656
CLS-000915,CRD-000915,CLI-003859,2023-12-07,Saine,C,Stage 1,0,0.0124,0.3294,1733027.21,7066.39,7529.37,7318.72,0.0,0,,0,,Normal,Classification automatique,VAL-020,2026-09-11 14:53:28.589654,2026-12-10 14:53:28.589654
CLS-000916,CRD-000916,CLI-002463,2026-03-08,Saine,C,Stage 1,0,0.0155,0.3999,31556.24,195.19,199.04,192.56,0.0,0,,0,,Normal,Classification automatique,VAL-002,2026-09-11 14:53:28.592893,2026-12-10 14:53:28.592893
CLS-000917,CRD-000917,CLI-003636,2024-03-20,Saine,C,Stage 1,0,0.0106,0.4635,2228.39,10.96,12.02,11.73,0.0,0,,0,,Normal,Classification automatique,VAL-007,2026-09-11 14:53:28.595912,2026-12-10 14:53:28.595912
CLS-000918,CRD-000918,CLI-004106,2027-06-12,Saine,A,Stage 1,0,0.0158,0.5171,49293.11,403.23,424.0,421.27,0.0,0,,0,,Normal,Classification automatique,VAL-003,2026-09-11 14:53:28.599021,2026-12-10 14:53:28.599021
CLS-000919,CRD-000919,CLI-004479,2022-05-19,Saine,C,Stage 1,0,0.0098,0.5661,428548.19,2381.92,2638.22,2546.79,0.0,0,,0,,Normal,Classification automatique,VAL-003,2026-09-11 14:53:28.602046,2026-12-10 14:53:28.602046
CLS-000920,CRD-000920,CLI-000197,2026-08-16,Saine,C,Stage 1,0,0.005,0.5079,4411.82,11.3,13.04,12.7,0.0,0,,0,,Normal,Classification automatique,VAL-012,2026-09-11 14:53:28.604047,2026-12-10 14:53:28.604047
CLS-000921,CRD-000921,CLI-004668,2023-05-05,Saine,C,Stage 1,0,0.016,0.5759,12401.42,114.43,120.69,119.92,0.0,0,,0,,Normal,Classification automatique,VAL-017,2026-09-11 14:53:28.607046,2026-12-10 14:53:28.607046
CLS-000922,CRD-000922,CLI-001544,2026-12-27,Saine,C,Stage 1,0,0.013,0.2387,34191.82,105.76,121.46,118.75,0.0,0,,0,,Normal,Classification automatique,VAL-015,2026-09-11 14:53:28.610046,2026-12-10 14:53:28.610046
CLS-000923,CRD-000923,CLI-001331,2025-06-02,Saine,B,Stage 1,0,0.0063,0.525,60466.12,198.66,215.92,213.63,0.0,0,,0,,Normal,Classification automatique,VAL-007,2026-09-11 14:53:28.613047,2026-12-10 14:53:28.613047
CLS-000924,CRD-000924,CLI-000880,2024-01-05,Saine,A,Stage 1,0,0.0065,0.246,37683.13,60.59,72.58,70.64,0.0,0,,0,,Normal,Classification automatique,VAL-013,2026-09-11 14:53:28.615048,2026-12-10 14:53:28.615048
CLS-000925,CRD-000925,CLI-004503,2025-03-19,Saine,C,Stage 1,0,0.0099,0.473,337873.27,1583.89,1727.1,1641.95,0.0,0,,0,,Normal,Classification automatique,VAL-012,2026-09-11 14:53:28.618046,2026-12-10 14:53:28.618046
CLS-000926,CRD-000926,CLI-003502,2025-09-18,Saine,A,Stage 1,0,0.0171,0.5169,11082.75,97.69,99.96,95.41,0.0,0,,0,,Normal,Classification automatique,VAL-003,2026-09-11 14:53:28.620046,2026-12-10 14:53:28.620046
CLS-000927,CRD-000927,CLI-003895,2022-09-01,Saine,C,Stage 1,0,0.0197,0.5312,2971.74,31.18,32.25,30.8,0.0,0,,0,,Normal,Classification automatique,VAL-017,2026-09-11 14:53:28.623046,2026-12-10 14:53:28.623046
CLS-000928,CRD-000928,CLI-004991,2024-07-21,Saine,B,Stage 1,0,0.0077,0.5856,1174.23,5.31,5.6,5.34,0.0,0,,0,,Normal,Classification automatique,VAL-012,2026-09-11 14:53:28.626043,2026-12-10 14:53:28.626043
CLS-000929,CRD-000929,CLI-000888,2023-03-17,Saine,B,Stage 1,0,0.0056,0.4549,17201.58,43.9,44.42,43.14,0.0,0,,0,,Normal,Classification automatique,VAL-010,2026-09-11 14:53:28.629047,2026-12-10 14:53:28.629047
CLS-000930,CRD-000930,CLI-001346,2022-04-11,Saine,C,Stage 1,0,0.0161,0.7094,13015.12,148.61,163.16,160.58,0.0,0,,0,,Normal,Classification automatique,VAL-006,2026-09-11 14:53:28.632047,2026-12-10 14:53:28.632047
CLS-000931,CRD-000931,CLI-000069,2023-11-03,Saine,A,Stage 1,0,0.0111,0.4596,68481.33,348.48,375.11,357.93,0.0,0,,0,,Normal,Classification automatique,VAL-001,2026-09-11 14:53:28.634049,2026-12-10 14:53:28.634049
CLS-000932,CRD-000932,CLI-004211,2024-12-20,Saine,C,Stage 1,0,0.0096,0.7365,1069.84,7.56,7.83,7.78,0.0,0,,0,,Normal,Classification automatique,VAL-019,2026-09-11 14:53:28.637047,2026-12-10 14:53:28.637047
CLS-000933,CRD-000933,CLI-001816,2023-12-10,Saine,A,Stage 1,0,0.015,0.3739,7833.2,44.01,44.33,43.94,0.0,0,,0,,Normal,Classification automatique,VAL-003,2026-09-11 14:53:28.640034,2026-12-10 14:53:28.640034
CLS-000934,CRD-000934,CLI-000569,2026-05-31,Saine,C,Stage 1,0,0.006,0.7219,5703.32,24.82,28.45,27.42,0.0,0,,0,,Normal,Classification automatique,VAL-010,2026-09-11 14:53:28.643025,2026-12-10 14:53:28.643025
CLS-000935,CRD-000935,CLI-002168,2023-03-02,Pré-douteuse,D,Stage 3,166,0.2487,0.4,16131.96,1604.65,1819.27,1768.89,0.2,0,,0,,Retard de paiement,Classification automatique,VAL-018,2026-09-11 14:53:28.646025,2026-12-10 14:53:28.646025
CLS-000936,CRD-000936,CLI-000097,2025-12-19,Saine,B,Stage 1,0,0.0102,0.4133,14897.78,62.9,66.27,63.88,0.0,0,,0,,Normal,Classification automatique,VAL-003,2026-09-11 14:53:28.648027,2026-12-10 14:53:28.648027
CLS-000937,CRD-000937,CLI-004182,2024-07-29,Saine,C,Stage 1,0,0.0056,0.5841,290667.83,953.98,1133.22,1098.58,0.0,0,,0,,Normal,Classification automatique,VAL-004,2026-09-11 14:53:28.651026,2026-12-10 14:53:28.651026
CLS-000938,CRD-000938,CLI-003354,2026-04-23,Saine,C,Stage 1,0,0.0056,0.381,4177739.94,8967.36,10586.76,10472.03,0.0,0,,0,,Normal,Classification automatique,VAL-002,2026-09-11 14:53:28.653026,2026-12-10 14:53:28.653026
CLS-000939,CRD-000939,CLI-000140,2027-04-22,Saine,A,Stage 1,0,0.0136,0.7355,10005.56,99.73,103.34,101.23,0.0,0,2026-08-31,0,,Normal,Classification automatique,VAL-008,2026-09-11 14:53:28.656027,2026-12-10 14:53:28.656027
CLS-000940,CRD-000940,CLI-004955,2025-01-02,Pré-douteuse,D,Stage 3,161,0.2896,0.3717,94434.62,10165.13,10968.96,10866.34,0.2,0,,0,,Retard de paiement,Classification automatique,VAL-015,2026-09-11 14:53:28.659025,2026-12-10 14:53:28.659025
CLS-000941,CRD-000941,CLI-002603,2024-06-08,Saine,A,Stage 1,0,0.0097,0.3492,19582.61,66.63,79.94,78.52,0.0,0,,0,,Normal,Classification automatique,VAL-004,2026-09-11 14:53:28.662042,2026-12-10 14:53:28.662042
CLS-000942,CRD-000942,CLI-004024,2024-11-12,Saine,B,Stage 2,6,0.042,0.5937,6295.82,156.88,168.01,164.16,0.0,0,,0,,Normal,Classification automatique,VAL-007,2026-09-11 14:53:28.664049,2026-12-10 14:53:28.664049
CLS-000943,CRD-000943,CLI-004773,2026-08-02,Saine,B,Stage 1,0,0.0153,0.3568,3567.99,19.45,22.02,21.6,0.0,0,,0,,Normal,Classification automatique,VAL-010,2026-09-11 14:53:28.667205,2026-12-10 14:53:28.667205
CLS-000944,CRD-000944,CLI-001607,2024-12-26,Saine,C,Stage 1,0,0.006,0.2685,5244.91,8.38,9.93,9.65,0.0,0,,0,,Normal,Classification automatique,VAL-010,2026-09-11 14:53:28.670219,2026-12-10 14:53:28.670219
CLS-000945,CRD-000945,CLI-001630,2024-07-16,Saine,B,Stage 1,0,0.0117,0.6588,12578.43,97.18,114.16,109.91,0.0,0,,0,,Normal,Classification automatique,VAL-003,2026-09-11 14:53:28.673223,2026-12-10 14:53:28.673223
CLS-000946,CRD-000946,CLI-001540,2026-09-02,Saine,B,Stage 1,0,0.0171,0.2311,18808.0,74.46,88.91,86.08,0.0,0,,0,,Normal,Classification automatique,VAL-007,2026-09-11 14:53:28.676220,2026-12-10 14:53:28.676220
CLS-000947,CRD-000947,CLI-001695,2024-09-15,Pré-douteuse,D,Stage 3,120,0.157,0.3744,201122.95,11819.53,13759.15,13357.52,0.2,0,,0,,Retard de paiement,Classification automatique,VAL-020,2026-09-11 14:53:28.679221,2026-12-10 14:53:28.679221
CLS-000948,CRD-000948,CLI-002060,2025-09-22,Saine,B,Stage 1,0,0.0086,0.4034,41777.83,145.05,152.28,149.25,0.0,0,,0,,Normal,Classification automatique,VAL-006,2026-09-11 14:53:28.681223,2026-12-10 14:53:28.681223
CLS-000949,CRD-000949,CLI-000464,2026-11-07,Saine,C,Stage 1,0,0.0106,0.4819,9944.21,50.69,59.15,58.71,0.0,0,,0,,Normal,Classification automatique,VAL-020,2026-09-11 14:53:28.684217,2026-12-10 14:53:28.684217
CLS-000950,CRD-000950,CLI-002331,2024-03-27,Saine,A,Stage 1,0,0.0134,0.4389,546337.21,3213.94,3472.64,3308.95,0.0,0,,0,,Normal,Classification automatique,VAL-019,2026-09-11 14:53:28.687221,2026-12-10 14:53:28.687221
CLS-000951,CRD-000951,CLI-003044,2025-09-23,Saine,B,Stage 2,6,0.0235,0.3851,10326.38,93.49,96.3,92.73,0.0,0,,0,,Normal,Classification automatique,VAL-014,2026-09-11 14:53:28.690220,2026-12-10 14:53:28.690220
CLS-000952,CRD-000952,CLI-004735,2023-05-05,Saine,B,Stage 2,25,0.027,0.5114,1366.28,18.86,21.69,20.76,0.0,0,,0,,Normal,Classification automatique,VAL-012,2026-09-11 14:53:28.692216,2026-12-10 14:53:28.692216
CLS-000953,CRD-000953,CLI-000595,2023-03-20,Saine,C,Stage 1,0,0.0165,0.3156,329603.85,1718.0,1754.87,1702.45,0.0,0,,0,,Normal,Classification automatique,VAL-011,2026-09-11 14:53:28.695203,2026-12-10 14:53:28.695203
CLS-000954,CRD-000954,CLI-003815,2023-07-31,Saine,C,Stage 1,0,0.0199,0.3308,139023.32,916.77,1028.59,1020.79,0.0,0,,0,,Normal,Classification automatique,VAL-006,2026-09-11 14:53:28.698203,2026-12-10 14:53:28.698203
CLS-000955,CRD-000955,CLI-000626,2023-08-04,Saine,C,Stage 1,0,0.006,0.385,39977.23,92.14,110.36,109.26,0.0,0,,0,,Normal,Classification automatique,VAL-005,2026-09-11 14:53:28.701423,2026-12-10 14:53:28.701423
CLS-000956,CRD-000956,CLI-000451,2021-11-25,Saine,C,Stage 1,0,0.0126,0.2074,1256968.82,3289.36,3942.13,3886.1,0.0,1,,0,,Normal,Classification automatique,VAL-014,2026-09-11 14:53:28.705406,2026-12-10 14:53:28.705406
CLS-000957,CRD-000957,CLI-001500,2022-02-20,Saine,C,Stage 1,0,0.0127,0.4196,54804.18,293.19,297.16,287.51,0.0,0,,0,,Normal,Classification automatique,VAL-017,2026-09-11 14:53:28.708404,2026-12-10 14:53:28.708404
CLS-000958,CRD-000958,CLI-002457,2022-09-09,Saine,C,Stage 1,0,0.0087,0.2787,16386.26,39.86,42.62,40.6,0.0,0,2022-09-23,0,,Normal,Classification automatique,VAL-019,2026-09-11 14:53:28.711422,2026-12-10 14:53:28.711422
CLS-000959,CRD-000959,CLI-004723,2023-05-27,Saine,B,Stage 1,0,0.008,0.7075,23908.18,135.24,150.11,144.33,0.0,0,,0,,Normal,Classification automatique,VAL-020,2026-09-11 14:53:28.714421,2026-12-10 14:53:28.714421
CLS-000960,CRD-000960,CLI-002985,2025-12-22,Saine,C,Stage 2,63,0.1094,0.2356,1587.76,40.91,45.45,44.27,0.0,0,,0,,Retard de paiement,Classification automatique,VAL-020,2026-09-11 14:53:28.717420,2026-12-10 14:53:28.717420
CLS-000961,CRD-000961,CLI-001570,2026-08-22,Saine,B,Stage 1,0,0.0188,0.4491,4985.01,42.13,45.98,45.73,0.0,0,,0,,Normal,Classification automatique,VAL-014,2026-09-11 14:53:28.719423,2026-12-10 14:53:28.719423
CLS-000962,CRD-000962,CLI-001035,2022-11-24,Saine,C,Stage 1,0,0.015,0.4365,2543.69,16.71,16.89,16.68,0.0,0,,0,,Normal,Classification automatique,VAL-007,2026-09-11 14:53:28.722421,2026-12-10 14:53:28.722421
CLS-000963,CRD-000963,CLI-003519,2023-03-04,Saine,A,Stage 1,0,0.0145,0.3073,60731.42,270.43,312.55,306.41,0.0,0,,0,,Normal,Classification automatique,VAL-018,2026-09-11 14:53:28.724423,2026-12-10 14:53:28.724423
CLS-000964,CRD-000964,CLI-001558,2024-10-04,Saine,B,Stage 1,0,0.0089,0.7299,54792.11,357.42,373.49,368.83,0.0,0,,0,,Normal,Classification automatique,VAL-002,2026-09-11 14:53:28.728403,2026-12-10 14:53:28.728403
CLS-000965,CRD-000965,CLI-003625,2026-02-20,Saine,C,Stage 1,0,0.0184,0.3001,93637.24,517.63,530.15,505.51,0.0,0,,0,,Normal,Classification automatique,VAL-008,2026-09-11 14:53:28.730405,2026-12-10 14:53:28.730405
CLS-000966,CRD-000966,CLI-004665,2023-04-07,Saine,C,Stage 2,35,0.1228,0.7248,150793.27,13425.11,15646.38,14881.15,0.0,0,,0,,Retard de paiement,Classification automatique,VAL-015,2026-09-11 14:53:28.733404,2026-12-10 14:53:28.733404
CLS-000967,CRD-000967,CLI-000151,2022-04-07,Saine,B,Stage 1,0,0.0157,0.3866,0.0,0.0,0.0,0.0,0.0,0,,0,,Normal,Classification automatique,VAL-020,2026-09-11 14:53:28.736403,2026-12-10 14:53:28.736403
CLS-000968,CRD-000968,CLI-001421,2027-03-22,Saine,A,Stage 1,0,0.0067,0.3956,818780.22,2176.83,2218.75,2192.13,0.0,0,,0,,Normal,Classification automatique,VAL-005,2026-09-11 14:53:28.738403,2026-12-10 14:53:28.738403
CLS-000969,CRD-000969,CLI-002012,2026-11-02,Saine,B,Stage 1,0,0.0071,0.3618,33054.82,85.08,90.0,89.01,0.0,0,,0,,Normal,Classification automatique,VAL-001,2026-09-11 14:53:28.741403,2026-12-10 14:53:28.741403
CLS-000970,CRD-000970,CLI-002687,2025-11-02,Saine,C,Stage 1,0,0.0124,0.3384,120374.14,506.54,591.13,580.59,0.0,0,,0,,Normal,Classification automatique,VAL-019,2026-09-11 14:53:28.744402,2026-12-10 14:53:28.744402
CLS-000971,CRD-000971,CLI-001787,2024-06-18,Saine,C,Stage 1,0,0.0199,0.4696,69988.97,654.73,748.37,726.55,0.0,0,,0,,Normal,Classification automatique,VAL-019,2026-09-11 14:53:28.746404,2026-12-10 14:53:28.746404
CLS-000972,CRD-000972,CLI-000089,2026-04-14,Saine,C,Stage 1,0,0.0142,0.4824,3056.79,20.88,21.2,21.07,0.0,0,,0,,Normal,Classification automatique,VAL-020,2026-09-11 14:53:28.749856,2026-12-10 14:53:28.749856
CLS-000973,CRD-000973,CLI-000458,2026-01-26,Saine,C,Stage 1,0,0.0108,0.3093,226769.0,754.21,810.79,772.36,0.0,0,,0,,Normal,Classification automatique,VAL-008,2026-09-11 14:53:28.751857,2026-12-10 14:53:28.751857
CLS-000974,CRD-000974,CLI-001306,2023-03-18,Saine,B,Stage 1,0,0.0159,0.5438,28227.47,244.53,270.11,256.66,0.0,0,,0,,Normal,Classification automatique,VAL-015,2026-09-11 14:53:28.754855,2026-12-10 14:53:28.754855
CLS-000975,CRD-000975,CLI-002926,2025-11-20,Saine,C,Stage 1,0,0.0148,0.4888,0.0,0.0,0.0,0.0,0.0,0,,0,,Normal,Classification automatique,VAL-009,2026-09-11 14:53:28.757856,2026-12-10 14:53:28.757856
CLS-000976,CRD-000976,CLI-003271,2023-09-03,Douteuse,D,Stage 3,199,0.5297,0.4266,3702.82,836.65,869.17,851.64,0.5,0,,1,2023-06-01,Retard de paiement,Classification automatique,VAL-011,2026-09-11 14:53:28.760838,2026-12-10 14:53:28.760838
CLS-000977,CRD-000977,CLI-003228,2026-10-18,Saine,A,Stage 1,0,0.0114,0.3594,3442.79,14.16,15.11,14.79,0.0,0,,0,,Normal,Classification automatique,VAL-004,2026-09-11 14:53:28.763838,2026-12-10 14:53:28.763838
CLS-000978,CRD-000978,CLI-001989,2026-08-21,Saine,A,Stage 1,0,0.0059,0.4616,7402.61,20.31,22.19,21.84,0.0,0,,0,,Normal,Classification automatique,VAL-015,2026-09-11 14:53:28.766839,2026-12-10 14:53:28.766839
CLS-000979,CRD-000979,CLI-003755,2023-03-04,Saine,B,Stage 1,0,0.0102,0.5626,7219.25,41.33,47.93,47.86,0.0,0,,0,,Normal,Classification automatique,VAL-001,2026-09-11 14:53:28.768841,2026-12-10 14:53:28.768841
CLS-000980,CRD-000980,CLI-003647,2026-03-11,Saine,C,Stage 1,0,0.0082,0.429,19105.01,67.5,72.98,70.54,0.0,0,,0,,Normal,Classification automatique,VAL-009,2026-09-11 14:53:28.771838,2026-12-10 14:53:28.771838
CLS-000981,CRD-000981,CLI-000832,2026-08-30,Saine,B,Stage 1,0,0.0089,0.4621,58808.89,242.39,272.8,270.56,0.0,0,,0,,Normal,Classification automatique,VAL-002,2026-09-11 14:53:28.774843,2026-12-10 14:53:28.774843
CLS-000982,CRD-000982,CLI-000240,2024-10-04,Saine,C,Stage 1,0,0.0082,0.4468,16316.42,60.07,70.79,70.06,0.0,0,,0,,Normal,Classification automatique,VAL-001,2026-09-11 14:53:28.777859,2026-12-10 14:53:28.777859
CLS-000983,CRD-000983,CLI-004682,2025-05-18,Saine,C,Stage 1,0,0.0102,0.2724,1633.34,4.55,4.69,4.54,0.0,0,,0,,Normal,Classification automatique,VAL-015,2026-09-11 14:53:28.780857,2026-12-10 14:53:28.780857
CLS-000984,CRD-000984,CLI-003023,2025-10-19,Saine,C,Stage 1,0,0.0083,0.5805,56267.1,270.25,302.7,295.71,0.0,0,,0,,Normal,Classification automatique,VAL-003,2026-09-11 14:53:28.783856,2026-12-10 14:53:28.783856
CLS-000985,CRD-000985,CLI-003149,2025-05-29,Saine,C,Stage 1,0,0.0153,0.2364,64129.1,232.45,269.04,261.87,0.0,0,,0,,Normal,Classification automatique,VAL-002,2026-09-11 14:53:28.785858,2026-12-10 14:53:28.785858
CLS-000986,CRD-000986,CLI-001947,2025-05-07,Saine,C,Stage 1,0,0.0176,0.661,4332.29,50.47,56.78,55.69,0.0,0,,0,,Normal,Classification automatique,VAL-001,2026-09-11 14:53:28.788853,2026-12-10 14:53:28.788853
CLS-000987,CRD-000987,CLI-002776,2025-04-27,Pré-douteuse,D,Stage 3,144,0.1971,0.3231,21725.46,1383.13,1485.36,1476.18,0.2,0,,0,,Retard de paiement,Classification automatique,VAL-005,2026-09-11 14:53:28.791832,2026-12-10 14:53:28.791832
CLS-000988,CRD-000988,CLI-000193,2025-10-24,Saine,B,Stage 1,0,0.0082,0.3734,16549.03,50.94,52.48,49.99,0.0,0,,0,,Normal,Classification automatique,VAL-008,2026-09-11 14:53:28.795832,2026-12-10 14:53:28.795832
CLS-000989,CRD-000989,CLI-004850,2022-04-07,Saine,B,Stage 1,0,0.0132,0.6513,55148.56,475.88,543.92,538.29,0.0,0,,0,,Normal,Classification automatique,VAL-006,2026-09-11 14:53:28.799833,2026-12-10 14:53:28.799833
CLS-000990,CRD-000990,CLI-004940,2022-09-28,Saine,C,Stage 1,0,0.0096,0.3519,17140.26,58.04,62.49,60.99,0.0,0,,0,,Normal,Classification automatique,VAL-013,2026-09-11 14:53:28.803833,2026-12-10 14:53:28.803833
CLS-000991,CRD-000991,CLI-000945,2023-08-22,Saine,B,Stage 1,0,0.0064,0.4697,59285.02,178.44,179.2,178.43,0.0,0,,0,,Normal,Classification automatique,VAL-016,2026-09-11 14:53:28.808089,2026-12-10 14:53:28.808089
CLS-000992,CRD-000992,CLI-001269,2023-07-06,Saine,C,Stage 1,0,0.0086,0.3475,104360.65,313.48,373.37,361.51,0.0,0,2024-03-22,0,,Normal,Classification automatique,VAL-013,2026-09-11 14:53:28.811101,2026-12-10 14:53:28.811101
CLS-000993,CRD-000993,CLI-004232,2026-08-03,Saine,B,Stage 1,0,0.0101,0.4853,0.0,0.0,0.0,0.0,0.0,0,,0,,Normal,Classification automatique,VAL-007,2026-09-11 14:53:28.814106,2026-12-10 14:53:28.814106
CLS-000994,CRD-000994,CLI-002308,2022-12-20,Saine,B,Stage 1,0,0.0137,0.3794,15380.98,79.79,87.55,86.01,0.0,0,,0,,Normal,Classification automatique,VAL-015,2026-09-11 14:53:28.817100,2026-12-10 14:53:28.817100
CLS-000995,CRD-000995,CLI-004425,2023-03-30,Saine,B,Stage 1,0,0.0086,0.2864,10453.86,25.7,29.72,29.05,0.0,0,,0,,Normal,Classification automatique,VAL-011,2026-09-11 14:53:28.819107,2026-12-10 14:53:28.819107
CLS-000996,CRD-000996,CLI-004712,2024-08-05,Saine,C,Stage 1,0,0.02,0.5145,13428.57,138.08,152.63,151.35,0.0,0,,0,,Normal,Classification automatique,VAL-007,2026-09-11 14:53:28.822104,2026-12-10 14:53:28.822104
CLS-000997,CRD-000997,CLI-002314,2025-02-24,Saine,C,Stage 1,0,0.0137,0.5001,5821.69,39.8,43.26,43.01,0.0,0,,0,,Normal,Classification automatique,VAL-002,2026-09-11 14:53:28.825099,2026-12-10 14:53:28.825099
CLS-000998,CRD-000998,CLI-003215,2025-06-25,Saine,B,Stage 1,0,0.0191,0.5348,1667909.05,17032.4,19633.38,19385.72,0.0,0,,0,,Normal,Classification automatique,VAL-014,2026-09-11 14:53:28.828087,2026-12-10 14:53:28.828087
CLS-000999,CRD-000999,CLI-002733,2025-06-08,Saine,B,Stage 1,0,0.0155,0.4957,8104.34,62.15,62.92,62.09,0.0,0,,0,,Normal,Classification automatique,VAL-011,2026-09-11 14:53:28.831087,2026-12-10 14:53:28.831087
CLS-001000,CRD-001000,CLI-001927,2026-07-28,Saine,C,Stage 1,0,0.0171,0.4052,357250.53,2469.19,2550.7,2457.44,0.0,0,,0,,Normal,Classification automatique,VAL-010,2026-09-11 14:53:28.833089,2026-12-10 14:53:28.833089
CLS-001001,CRD-001001,CLI-004228,2023-07-31,Saine,C,Stage 1,0,0.0102,0.5487,20371.61,114.5,124.86,121.26,0.0,0,,0,,Normal,Classification automatique,VAL-010,2026-09-11 14:53:28.836086,2026-12-10 14:53:28.836086
CLS-001002,CRD-001002,CLI-004677,2023-06-24,Saine,B,Stage 1,0,0.0159,0.4389,205052.97,1427.29,1574.01,1568.0,0.0,0,,0,,Normal,Classification automatique,VAL-006,2026-09-11 14:53:28.840085,2026-12-10 14:53:28.840085
CLS-001003,CRD-001003,CLI-000801,2024-12-20,Saine,B,Stage 1,0,0.0136,0.366,2478.46,12.32,13.14,13.02,0.0,0,,0,,Normal,Classification automatique,VAL-018,2026-09-11 14:53:28.842087,2026-12-10 14:53:28.842087
CLS-001004,CRD-001004,CLI-003672,2026-07-26,Saine,C,Stage 1,0,0.0102,0.3007,1319022.62,4039.54,4840.56,4793.43,0.0,1,,0,,Normal,Classification automatique,VAL-016,2026-09-11 14:53:28.845083,2026-12-10 14:53:28.845083
CLS-001005,CRD-001005,CLI-004194,2026-06-22,Compromise,D,Stage 3,385,0.734,0.4968,473795.07,172762.51,195335.03,190314.03,1.0,0,,1,2027-06-28,Retard de paiement,Classification automatique,VAL-005,2026-09-11 14:53:28.848083,2026-12-10 14:53:28.848083
CLS-001006,CRD-001006,CLI-002969,2022-04-16,Saine,C,Stage 1,0,0.0094,0.3614,12260.09,41.52,43.44,42.75,0.0,0,,0,,Normal,Classification automatique,VAL-019,2026-09-11 14:53:28.851082,2026-12-10 14:53:28.851082
CLS-001007,CRD-001007,CLI-004794,2024-01-09,Saine,B,Stage 1,0,0.0164,0.4183,2008.1,13.78,14.09,13.7,0.0,0,,0,,Normal,Classification automatique,VAL-005,2026-09-11 14:53:28.853082,2026-12-10 14:53:28.853082
CLS-001008,CRD-001008,CLI-004369,2024-05-19,Saine,C,Stage 1,0,0.0188,0.353,1718.73,11.42,12.76,12.62,0.0,0,,0,,Normal,Classification automatique,VAL-016,2026-09-11 14:53:28.856082,2026-12-10 14:53:28.856082
CLS-001009,CRD-001009,CLI-002777,2024-08-23,Saine,A,Stage 1,0,0.0182,0.7107,0.0,0.0,0.0,0.0,0.0,0,,0,,Normal,Classification automatique,VAL-010,2026-09-11 14:53:28.858083,2026-12-10 14:53:28.858083
CLS-001010,CRD-001010,CLI-002971,2024-03-26,Saine,C,Stage 1,0,0.0112,0.36,84153.84,338.27,375.41,371.53,0.0,0,,0,,Normal,Classification automatique,VAL-008,2026-09-11 14:53:28.861086,2026-12-10 14:53:28.861086
CLS-001011,CRD-001011,CLI-003868,2024-02-01,Saine,C,Stage 1,0,0.0171,0.3212,11746.17,64.57,76.04,75.79,0.0,0,,0,,Normal,Classification automatique,VAL-008,2026-09-11 14:53:28.864087,2026-12-10 14:53:28.864087
CLS-001012,CRD-001012,CLI-001744,2023-10-01,Saine,B,Stage 1,0,0.0176,0.4055,2955302.91,21088.08,23524.9,23428.79,0.0,0,,0,,Normal,Classification automatique,VAL-005,2026-09-11 14:53:28.867085,2026-12-10 14:53:28.867085
CLS-001013,CRD-001013,CLI-003949,2025-12-16,Pré-douteuse,D,Stage 3,99,0.2223,0.4453,142372.38,14092.94,14508.15,14451.8,0.2,0,,0,,Retard de paiement,Classification automatique,VAL-001,2026-09-11 14:53:28.870086,2026-12-10 14:53:28.870086
CLS-001014,CRD-001014,CLI-003803,2025-03-12,Saine,B,Stage 1,0,0.0094,0.5417,5161.44,26.39,29.22,29.12,0.0,0,,0,,Normal,Classification automatique,VAL-020,2026-09-11 14:53:28.872085,2026-12-10 14:53:28.872085
CLS-001015,CRD-001015,CLI-002025,2027-03-23,Saine,A,Stage 1,0,0.0191,0.428,0.0,0.0,0.0,0.0,0.0,0,,0,,Normal,Classification automatique,VAL-016,2026-09-11 14:53:28.875085,2026-12-10 14:53:28.875085
CLS-001016,CRD-001016,CLI-002275,2026-04-15,Saine,A,Stage 1,0,0.0193,0.4999,8088.28,78.04,79.32,79.07,0.0,0,,0,,Normal,Classification automatique,VAL-015,2026-09-11 14:53:28.878103,2026-12-10 14:53:28.878103
CLS-001017,CRD-001017,CLI-000100,2024-03-20,Saine,C,Stage 1,0,0.0105,0.2243,154476.68,363.59,386.5,367.44,0.0,0,,0,,Normal,Classification automatique,VAL-004,2026-09-11 14:53:28.880106,2026-12-10 14:53:28.880106
CLS-001018,CRD-001018,CLI-004922,2022-11-20,Saine,C,Stage 1,0,0.0054,0.5347,100183.83,290.76,323.07,309.31,0.0,0,,0,,Normal,Classification automatique,VAL-018,2026-09-11 14:53:28.883105,2026-12-10 14:53:28.883105
CLS-001019,CRD-001019,CLI-003408,2025-05-19,Saine,C,Stage 1,0,0.0189,0.6341,23166.4,277.83,281.47,281.36,0.0,0,,0,,Normal,Classification automatique,VAL-013,2026-09-11 14:53:28.885106,2026-12-10 14:53:28.885106
CLS-001020,CRD-001020,CLI-004246,2024-07-15,Saine,C,Stage 1,0,0.0123,0.6136,29364.78,220.75,256.82,249.76,0.0,0,,0,,Normal,Classification automatique,VAL-003,2026-09-11 14:53:28.888102,2026-12-10 14:53:28.888102
CLS-001021,CRD-001021,CLI-004620,2022-12-11,Saine,B,Stage 1,0,0.0064,0.3715,16979.87,40.17,45.32,45.26,0.0,0,,0,,Normal,Classification automatique,VAL-006,2026-09-11 14:53:28.891365,2026-12-10 14:53:28.891365
CLS-001022,CRD-001022,CLI-004917,2024-09-24,Saine,C,Stage 1,0,0.0109,0.4476,276191.83,1348.66,1422.1,1419.75,0.0,0,,0,,Normal,Classification automatique,VAL-014,2026-09-11 14:53:28.894388,2026-12-10 14:53:28.894388
CLS-001023,CRD-001023,CLI-000192,2024-10-11,Saine,A,Stage 1,0,0.0114,0.6221,9313.54,66.17,75.69,73.63,0.0,0,,0,,Normal,Classification automatique,VAL-015,2026-09-11 14:53:28.897389,2026-12-10 14:53:28.897389
CLS-001024,CRD-001024,CLI-004697,2023-07-02,Saine,C,Stage 1,0,0.0191,0.6055,66147.52,766.23,910.91,889.74,0.0,0,,0,,Normal,Classification automatique,VAL-015,2026-09-11 14:53:28.899390,2026-12-10 14:53:28.899390
CLS-001025,CRD-001025,CLI-001785,2022-06-10,Saine,C,Stage 1,0,0.0105,0.3677,3401.97,13.13,14.03,13.96,0.0,0,,0,,Normal,Classification automatique,VAL-014,2026-09-11 14:53:28.902391,2026-12-10 14:53:28.902391
CLS-001026,CRD-001026,CLI-001533,2025-10-22,Saine,C,Stage 1,0,0.008,0.2832,9350.88,21.15,21.48,21.05,0.0,0,,0,,Normal,Classification automatique,VAL-010,2026-09-11 14:53:28.905388,2026-12-10 14:53:28.905388
CLS-001027,CRD-001027,CLI-002835,2024-03-08,Douteuse,D,Stage 3,262,0.5944,0.4173,6662.84,1652.78,1837.05,1828.28,0.5,0,,1,2024-01-08,Retard de paiement,Classification automatique,VAL-020,2026-09-11 14:53:28.907392,2026-12-10 14:53:28.907392
CLS-001028,CRD-001028,CLI-004445,2025-06-03,Saine,B,Stage 1,0,0.0167,0.4429,3582.53,26.46,26.72,26.66,0.0,0,,0,,Normal,Classification automatique,VAL-001,2026-09-11 14:53:28.910376,2026-12-10 14:53:28.910376
CLS-001029,CRD-001029,CLI-004916,2024-10-12,Saine,C,Stage 1,0,0.0199,0.4826,5037.76,48.28,51.53,49.39,0.0,1,,0,,Normal,Classification automatique,VAL-013,2026-09-11 14:53:28.913372,2026-12-10 14:53:28.913372
CLS-001030,CRD-001030,CLI-001599,2024-11-30,Saine,A,Stage 1,0,0.0158,0.3801,9470.37,56.81,58.65,56.26,0.0,0,,0,,Normal,Classification automatique,VAL-001,2026-09-11 14:53:28.916058,2026-12-10 14:53:28.916058
CLS-001031,CRD-001031,CLI-001780,2025-12-07,Saine,A,Stage 1,0,0.0124,0.4449,171718.1,945.42,1127.18,1095.96,0.0,0,,0,,Normal,Classification automatique,VAL-008,2026-09-11 14:53:28.919074,2026-12-10 14:53:28.919074
CLS-001032,CRD-001032,CLI-004901,2025-07-25,Saine,B,Stage 1,0,0.0118,0.4903,40441.43,233.01,246.5,240.33,0.0,0,,0,,Normal,Classification automatique,VAL-018,2026-09-11 14:53:28.921074,2026-12-10 14:53:28.921074
CLS-001033,CRD-001033,CLI-002575,2026-12-14,Saine,B,Stage 1,0,0.0143,0.4067,240127.91,1398.96,1604.31,1589.83,0.0,0,,0,,Normal,Classification automatique,VAL-011,2026-09-11 14:53:28.924257,2026-12-10 14:53:28.924257
CLS-001034,CRD-001034,CLI-003399,2025-03-10,Saine,C,Stage 1,0,0.0072,0.4477,40817.56,132.33,153.36,150.53,0.0,0,,0,,Normal,Classification automatique,VAL-008,2026-09-11 14:53:28.926260,2026-12-10 14:53:28.926260
CLS-001035,CRD-001035,CLI-003976,2025-12-19,Saine,C,Stage 1,0,0.0103,0.4188,127104.2,548.41,581.18,555.05,0.0,0,,0,,Normal,Classification automatique,VAL-007,2026-09-11 14:53:28.929260,2026-12-10 14:53:28.929260
CLS-001036,CRD-001036,CLI-003771,2026-09-13,Saine,B,Stage 1,0,0.0164,0.3483,2573.88,14.69,17.47,17.37,0.0,0,,0,,Normal,Classification automatique,VAL-005,2026-09-11 14:53:28.932259,2026-12-10 14:53:28.932259
CLS-001037,CRD-001037,CLI-000167,2024-09-11,Saine,A,Stage 1,0,0.02,0.5967,203063.8,2417.64,2575.93,2551.51,0.0,0,,0,,Normal,Classification automatique,VAL-008,2026-09-11 14:53:28.935260,2026-12-10 14:53:28.935260
CLS-001038,CRD-001038,CLI-001752,2023-05-29,Saine,C,Stage 1,0,0.006,0.6434,10056.17,38.62,40.81,40.52,0.0,0,,0,,Normal,Classification automatique,VAL-005,2026-09-11 14:53:28.938260,2026-12-10 14:53:28.938260
CLS-001039,CRD-001039,CLI-001480,2025-07-09,Saine,B,Stage 1,0,0.0103,0.723,12687.75,94.36,95.83,91.8,0.0,0,,0,,Normal,Classification automatique,VAL-020,2026-09-11 14:53:28.940448,2026-12-10 14:53:28.940448
CLS-001040,CRD-001040,CLI-001025,2026-03-06,Saine,B,Stage 1,0,0.0146,0.4886,9595.68,68.64,76.67,73.29,0.0,0,,0,,Normal,Classification automatique,VAL-003,2026-09-11 14:53:28.943451,2026-12-10 14:53:28.943451
CLS-001041,CRD-001041,CLI-001789,2026-05-26,Saine,B,Stage 1,0,0.0124,0.2935,3455.23,12.59,14.94,14.61,0.0,0,2026-04-24,0,,Normal,Classification automatique,VAL-007,2026-09-11 14:53:28.946451,2026-12-10 14:53:28.946451
CLS-001042,CRD-001042,CLI-002265,2025-01-07,Douteuse,D,Stage 3,332,0.5278,0.2307,440184.48,53593.26,58908.36,58116.82,0.5,1,,1,2025-03-16,Retard de paiement,Classification automatique,VAL-007,2026-09-11 14:53:28.949451,2026-12-10 14:53:28.949451
CLS-001043,CRD-001043,CLI-002474,2026-08-17,Saine,C,Stage 1,0,0.0075,0.5247,12729.44,49.95,59.04,57.72,0.0,0,,0,,Normal,Classification automatique,VAL-014,2026-09-11 14:53:28.951451,2026-12-10 14:53:28.951451
CLS-001044,CRD-001044,CLI-001823,2027-01-04,Saine,B,Stage 1,0,0.0125,0.4439,81270.15,449.53,508.88,499.09,0.0,0,,0,,Normal,Classification automatique,VAL-002,2026-09-11 14:53:28.954452,2026-12-10 14:53:28.954452
CLS-001045,CRD-001045,CLI-001221,2023-08-05,Saine,C,Stage 1,0,0.015,0.3672,1097111.13,6062.13,6247.04,6197.73,0.0,0,,0,,Normal,Classification automatique,VAL-017,2026-09-11 14:53:28.957451,2026-12-10 14:53:28.957451
CLS-001046,CRD-001046,CLI-001667,2024-01-29,Saine,C,Stage 1,0,0.0161,0.4948,4290.38,34.2,38.09,37.48,0.0,0,,0,,Normal,Classification automatique,VAL-010,2026-09-11 14:53:28.960451,2026-12-10 14:53:28.960451
CLS-001047,CRD-001047,CLI-002961,2021-11-23,Saine,C,Stage 2,47,0.0728,0.6798,32628.68,1614.37,1775.09,1695.76,0.0,0,,0,,Retard de paiement,Classification automatique,VAL-004,2026-09-11 14:53:28.963464,2026-12-10 14:53:28.963464
CLS-001048,CRD-001048,CLI-000153,2024-01-06,Pré-douteuse,D,Stage 3,169,0.253,0.5151,2540.17,330.99,385.66,372.57,0.2,0,,0,,Retard de paiement,Classification automatique,VAL-015,2026-09-11 14:53:28.965577,2026-12-10 14:53:28.965577
CLS-001049,CRD-001049,CLI-002535,2027-02-11,Saine,A,Stage 1,0,0.0168,0.4696,15109.18,119.0,131.0,127.18,0.0,0,,0,,Normal,Classification automatique,VAL-017,2026-09-11 14:53:28.968602,2026-12-10 14:53:28.968602
CLS-001050,CRD-001050,CLI-004689,2025-01-17,Saine,A,Stage 1,0,0.0058,0.4779,224015.47,626.1,682.66,659.59,0.0,0,,0,,Normal,Classification automatique,VAL-009,2026-09-11 14:53:28.970602,2026-12-10 14:53:28.970602
CLS-001051,CRD-001051,CLI-001979,2025-10-21,Saine,A,Stage 1,0,0.0058,0.6045,622155.72,2184.07,2348.79,2336.95,0.0,0,,0,,Normal,Classification automatique,VAL-009,2026-09-11 14:53:28.973739,2026-12-10 14:53:28.973739
CLS-001052,CRD-001052,CLI-001470,2026-11-15,Saine,B,Stage 1,0,0.0051,0.3889,66047.42,131.69,157.21,155.99,0.0,0,,0,,Normal,Classification automatique,VAL-017,2026-09-11 14:53:28.976759,2026-12-10 14:53:28.976759
CLS-001053,CRD-001053,CLI-002808,2027-02-22,Saine,C,Stage 1,0,0.016,0.3103,81498.13,404.8,456.39,451.8,0.0,0,,0,,Normal,Classification automatique,VAL-014,2026-09-11 14:53:28.978764,2026-12-10 14:53:28.978764
CLS-001054,CRD-001054,CLI-002513,2024-08-06,Pré-douteuse,D,Stage 3,118,0.349,0.5148,6888.78,1237.74,1335.84,1269.9,0.2,0,,0,,Retard de paiement,Classification automatique,VAL-006,2026-09-11 14:53:28.981763,2026-12-10 14:53:28.981763
CLS-001055,CRD-001055,CLI-002944,2025-03-10,Saine,B,Stage 1,0,0.0181,0.4847,55056.25,482.51,527.48,501.81,0.0,0,,0,,Normal,Classification automatique,VAL-005,2026-09-11 14:53:28.984763,2026-12-10 14:53:28.984763
CLS-001056,CRD-001056,CLI-002981,2024-02-05,Saine,B,Stage 1,0,0.0176,0.7354,18453.38,239.19,273.32,264.23,0.0,0,,0,,Normal,Classification automatique,VAL-014,2026-09-11 14:53:28.986764,2026-12-10 14:53:28.986764
CLS-001057,CRD-001057,CLI-004823,2022-05-09,Pré-douteuse,D,Stage 3,106,0.2381,0.4255,8249.72,835.75,889.29,878.21,0.2,0,,0,,Retard de paiement,Classification automatique,VAL-003,2026-09-11 14:53:28.989936,2026-12-10 14:53:28.989936
CLS-001058,CRD-001058,CLI-003018,2022-02-06,Pré-douteuse,D,Stage 3,133,0.1809,0.2251,8593.6,349.9,394.74,378.9,0.2,1,,0,,Retard de paiement,Classification automatique,VAL-012,2026-09-11 14:53:28.991960,2026-12-10 14:53:28.991960
CLS-001059,CRD-001059,CLI-001567,2025-01-12,Saine,B,Stage 1,0,0.0153,0.3993,133896.16,817.85,867.9,827.4,0.0,0,,0,,Normal,Classification automatique,VAL-007,2026-09-11 14:53:28.994961,2026-12-10 14:53:28.994961
CLS-001060,CRD-001060,CLI-000032,2023-03-02,Saine,B,Stage 1,0,0.0057,0.6398,19474.6,70.56,82.06,79.95,0.0,0,,0,,Normal,Classification automatique,VAL-010,2026-09-11 14:53:28.997960,2026-12-10 14:53:28.997960
CLS-001061,CRD-001061,CLI-000938,2023-05-19,Saine,B,Stage 1,0,0.009,0.3645,19419.35,63.54,64.64,62.01,0.0,0,,0,,Normal,Classification automatique,VAL-002,2026-09-11 14:53:29.001341,2026-12-10 14:53:29.001341
CLS-001062,CRD-001062,CLI-001216,2024-12-03,Saine,A,Stage 1,0,0.0119,0.5139,14493.46,88.89,106.35,105.53,0.0,0,,0,,Normal,Classification automatique,VAL-013,2026-09-11 14:53:29.004341,2026-12-10 14:53:29.004341
CLS-001063,CRD-001063,CLI-001938,2024-01-03,Saine,A,Stage 1,0,0.0142,0.2677,11600.68,44.08,50.64,48.34,0.0,0,,0,,Normal,Classification automatique,VAL-017,2026-09-11 14:53:29.007341,2026-12-10 14:53:29.007341
CLS-001064,CRD-001064,CLI-001130,2026-10-20,Saine,C,Stage 1,0,0.0136,0.5122,201626.51,1401.72,1660.24,1600.54,0.0,0,,0,,Normal,Classification automatique,VAL-016,2026-09-11 14:53:29.009342,2026-12-10 14:53:29.009342
CLS-001065,CRD-001065,CLI-000310,2023-01-10,Saine,C,Stage 1,0,0.0073,0.4721,12056.88,41.39,48.29,46.55,0.0,1,,0,,Normal,Classification automatique,VAL-003,2026-09-11 14:53:29.012341,2026-12-10 14:53:29.012341
CLS-001066,CRD-001066,CLI-004902,2022-11-25,Saine,C,Stage 1,0,0.0091,0.3095,567611.87,1592.55,1637.38,1630.93,0.0,0,,0,,Normal,Classification automatique,VAL-014,2026-09-11 14:53:29.015341,2026-12-10 14:53:29.015341
CLS-001067,CRD-001067,CLI-002169,2022-03-12,Saine,C,Stage 1,0,0.0068,0.4437,494.44,1.49,1.67,1.65,0.0,0,,0,,Normal,Classification automatique,VAL-001,2026-09-11 14:53:29.018340,2026-12-10 14:53:29.018340
CLS-001068,CRD-001068,CLI-003114,2026-08-22,Pré-douteuse,D,Stage 3,155,0.3065,0.3915,23616.22,2833.42,3211.82,3101.85,0.2,0,,0,,Retard de paiement,Classification automatique,VAL-019,2026-09-11 14:53:29.020341,2026-12-10 14:53:29.020341
CLS-001069,CRD-001069,CLI-000496,2024-07-30,Saine,B,Stage 1,0,0.0191,0.5916,504.91,5.72,6.85,6.71,0.0,1,,0,,Normal,Classification automatique,VAL-007,2026-09-11 14:53:29.023340,2026-12-10 14:53:29.023340
CLS-001070,CRD-001070,CLI-000206,2022-12-19,Saine,C,Stage 1,0,0.006,0.2923,14127.5,24.92,25.07,24.01,0.0,0,,0,,Normal,Classification automatique,VAL-010,2026-09-11 14:53:29.025341,2026-12-10 14:53:29.025341
CLS-001071,CRD-001071,CLI-002674,2025-06-08,Saine,C,Stage 2,59,0.1065,0.6367,273284.86,18537.85,20321.05,19909.93,0.0,0,,0,,Retard de paiement,Classification automatique,VAL-006,2026-09-11 14:53:29.028354,2026-12-10 14:53:29.028354
CLS-001072,CRD-001072,CLI-003358,2022-11-10,Saine,B,Stage 1,0,0.0131,0.3509,526.04,2.42,2.46,2.39,0.0,0,,0,,Normal,Classification automatique,VAL-003,2026-09-11 14:53:29.031358,2026-12-10 14:53:29.031358
CLS-001073,CRD-001073,CLI-003831,2026-09-14,Saine,A,Stage 1,0,0.0114,0.4748,2877.62,15.53,15.68,15.43,0.0,0,,0,,Normal,Classification automatique,VAL-020,2026-09-11 14:53:29.035359,2026-12-10 14:53:29.035359
CLS-001074,CRD-001074,CLI-000306,2026-07-05,Saine,C,Stage 1,0,0.0162,0.6928,1686.47,18.98,19.58,19.33,0.0,0,,0,,Normal,Classification automatique,VAL-019,2026-09-11 14:53:29.038359,2026-12-10 14:53:29.038359
CLS-001075,CRD-001075,CLI-003794,2025-10-18,Saine,C,Stage 1,0,0.0184,0.5502,185385.61,1876.93,2018.57,1938.57,0.0,0,,0,,Normal,Classification automatique,VAL-020,2026-09-11 14:53:29.040360,2026-12-10 14:53:29.040360
CLS-001076,CRD-001076,CLI-002202,2024-03-06,Saine,A,Stage 1,0,0.0195,0.5176,22585.56,228.31,253.82,244.12,0.0,0,,0,,Normal,Classification automatique,VAL-018,2026-09-11 14:53:29.043360,2026-12-10 14:53:29.043360
CLS-001077,CRD-001077,CLI-001062,2026-06-15,Saine,C,Stage 2,4,0.0381,0.5378,87223.5,1789.37,1998.28,1987.89,0.0,0,,0,,Normal,Classification automatique,VAL-012,2026-09-11 14:53:29.046359,2026-12-10 14:53:29.046359
CLS-001078,CRD-001078,CLI-000844,2025-10-10,Saine,C,Stage 1,0,0.0119,0.4684,34889.2,194.13,218.1,209.73,0.0,0,,0,,Normal,Classification automatique,VAL-003,2026-09-11 14:53:29.048361,2026-12-10 14:53:29.048361
CLS-001079,CRD-001079,CLI-003873,2022-08-28,Saine,A,Stage 1,0,0.0091,0.4155,89960.42,338.89,339.79,325.19,0.0,0,,0,,Normal,Classification automatique,VAL-006,2026-09-11 14:53:29.051358,2026-12-10 14:53:29.051358
CLS-001080,CRD-001080,CLI-002252,2026-05-07,Saine,A,Stage 1,0,0.018,0.7058,163392.59,2079.22,2295.92,2289.06,0.0,0,,0,,Normal,Classification automatique,VAL-009,2026-09-11 14:53:29.054359,2026-12-10 14:53:29.054359
CLS-001081,CRD-001081,CLI-000212,2025-01-18,Saine,C,Stage 1,0,0.0181,0.4714,85877.26,731.31,832.83,812.74,0.0,0,,0,,Normal,Classification automatique,VAL-008,2026-09-11 14:53:29.056359,2026-12-10 14:53:29.056359
CLS-001082,CRD-001082,CLI-003998,2023-02-12,Saine,C,Stage 1,0,0.0135,0.4817,0.0,0.0,0.0,0.0,0.0,0,,0,,Normal,Classification automatique,VAL-010,2026-09-11 14:53:29.059359,2026-12-10 14:53:29.059359
CLS-001083,CRD-001083,CLI-000680,2025-08-13,Saine,C,Stage 1,0,0.0113,0.7157,8224.45,66.76,75.78,74.13,0.0,0,,0,,Normal,Classification automatique,VAL-009,2026-09-11 14:53:29.062337,2026-12-10 14:53:29.062337
CLS-001084,CRD-001084,CLI-000566,2025-03-27,Saine,B,Stage 1,0,0.0119,0.3703,4789.33,21.19,25.09,24.89,0.0,0,,0,,Normal,Classification automatique,VAL-003,2026-09-11 14:53:29.065336,2026-12-10 14:53:29.065336
CLS-001085,CRD-001085,CLI-003291,2024-05-10,Saine,B,Stage 2,15,0.0435,0.4068,4659.46,82.39,94.45,91.97,0.0,0,,0,,Normal,Classification automatique,VAL-019,2026-09-11 14:53:29.067338,2026-12-10 14:53:29.067338
CLS-001086,CRD-001086,CLI-004355,2024-12-29,Saine,C,Stage 1,0,0.0172,0.3555,14206.25,86.74,103.07,98.36,0.0,0,,0,,Normal,Classification automatique,VAL-008,2026-09-11 14:53:29.070339,2026-12-10 14:53:29.070339
CLS-001087,CRD-001087,CLI-000681,2026-08-14,Saine,C,Stage 1,0,0.0166,0.6961,0.0,0.0,0.0,0.0,0.0,0,,0,,Normal,Classification automatique,VAL-007,2026-09-11 14:53:29.073337,2026-12-10 14:53:29.073337
CLS-001088,CRD-001088,CLI-000181,2024-12-21,Pré-douteuse,D,Stage 3,158,0.3066,0.4668,9436.77,1350.53,1608.15,1604.87,0.2,0,,0,,Retard de paiement,Classification automatique,VAL-018,2026-09-11 14:53:29.075339,2026-12-10 14:53:29.075339
CLS-001089,CRD-001089,CLI-004280,2022-02-17,Saine,C,Stage 1,0,0.011,0.2853,80778.07,254.05,282.33,279.19,0.0,0,,0,,Normal,Classification automatique,VAL-012,2026-09-11 14:53:29.078358,2026-12-10 14:53:29.078358
CLS-001090,CRD-001090,CLI-002496,2025-12-25,Saine,C,Stage 1,0,0.0163,0.2915,8822.99,41.96,42.92,41.81,0.0,1,,0,,Normal,Classification automatique,VAL-005,2026-09-11 14:53:29.081361,2026-12-10 14:53:29.081361
CLS-001091,CRD-001091,CLI-002317,2025-10-08,Saine,C,Stage 1,0,0.0099,0.5805,19772.83,113.26,113.91,112.34,0.0,0,,0,,Normal,Classification automatique,VAL-012,2026-09-11 14:53:29.084360,2026-12-10 14:53:29.084360
CLS-001092,CRD-001092,CLI-004274,2026-09-25,Saine,A,Stage 1,0,0.0063,0.7377,7333.58,34.08,36.59,35.73,0.0,0,2026-08-22,0,,Normal,Classification automatique,VAL-005,2026-09-11 14:53:29.086362,2026-12-10 14:53:29.086362
CLS-001093,CRD-001093,CLI-000279,2023-12-23,Saine,B,Stage 1,0,0.0162,0.4983,258389.89,2084.59,2485.01,2455.13,0.0,0,,0,,Normal,Classification automatique,VAL-005,2026-09-11 14:53:29.089356,2026-12-10 14:53:29.089356
CLS-001094,CRD-001094,CLI-003684,2023-05-16,Saine,B,Stage 1,0,0.0065,0.5068,5418.83,17.9,19.95,19.37,0.0,0,,0,,Normal,Classification automatique,VAL-014,2026-09-11 14:53:29.092492,2026-12-10 14:53:29.092492
CLS-001095,CRD-001095,CLI-004763,2023-10-20,Saine,C,Stage 1,0,0.0138,0.4562,33322.11,209.14,230.31,227.57,0.0,0,,0,,Normal,Classification automatique,VAL-014,2026-09-11 14:53:29.094487,2026-12-10 14:53:29.094487
CLS-001096,CRD-001096,CLI-000433,2024-04-15,Saine,C,Stage 1,0,0.0058,0.7159,1577.74,6.54,7.18,7.17,0.0,0,,0,,Normal,Classification automatique,VAL-004,2026-09-11 14:53:29.097491,2026-12-10 14:53:29.097491
CLS-001097,CRD-001097,CLI-000290,2024-06-23,Saine,C,Stage 1,0,0.0142,0.413,297.0,1.74,1.75,1.74,0.0,0,,0,,Normal,Classification automatique,VAL-007,2026-09-11 14:53:29.100624,2026-12-10 14:53:29.100624
CLS-001098,CRD-001098,CLI-001028,2022-05-24,Saine,B,Stage 1,0,0.0113,0.3873,1080975.38,4741.25,5328.79,5321.53,0.0,0,,0,,Normal,Classification automatique,VAL-010,2026-09-11 14:53:29.102625,2026-12-10 14:53:29.102625
CLS-001099,CRD-001099,CLI-000536,2024-08-04,Saine,B,Stage 1,0,0.0158,0.4261,2336.14,15.76,17.14,16.41,0.0,0,,0,,Normal,Classification automatique,VAL-016,2026-09-11 14:53:29.105625,2026-12-10 14:53:29.105625
CLS-001100,CRD-001100,CLI-003632,2022-08-14,Saine,C,Stage 1,0,0.0165,0.353,2309.52,13.41,14.42,14.18,0.0,0,,0,,Normal,Classification automatique,VAL-003,2026-09-11 14:53:29.107624,2026-12-10 14:53:29.107624
CLS-001101,CRD-001101,CLI-000189,2025-05-17,Saine,B,Stage 1,0,0.0116,0.3235,357916.26,1342.36,1525.1,1491.49,0.0,0,,0,,Normal,Classification automatique,VAL-005,2026-09-11 14:53:29.110620,2026-12-10 14:53:29.110620
CLS-001102,CRD-001102,CLI-002175,2024-10-19,Saine,C,Stage 1,0,0.0106,0.3166,272214.64,913.12,948.87,918.48,0.0,0,,0,,Normal,Classification automatique,VAL-019,2026-09-11 14:53:29.112625,2026-12-10 14:53:29.112625
CLS-001103,CRD-001103,CLI-003916,2024-06-29,Saine,C,Stage 1,0,0.0167,0.3092,28375.16,146.11,168.85,168.15,0.0,0,,0,,Normal,Classification automatique,VAL-018,2026-09-11 14:53:29.116599,2026-12-10 14:53:29.116599
CLS-001104,CRD-001104,CLI-001863,2024-01-15,Compromise,D,Stage 3,362,0.9286,0.3587,32942.82,10974.07,12276.05,11843.02,1.0,0,,1,2024-08-29,Retard de paiement,Classification automatique,VAL-020,2026-09-11 14:53:29.119631,2026-12-10 14:53:29.119631
CLS-001105,CRD-001105,CLI-000271,2025-01-20,Saine,B,Stage 1,0,0.0102,0.6035,28494.07,175.41,187.26,180.55,0.0,0,,0,,Normal,Classification automatique,VAL-001,2026-09-11 14:53:29.122631,2026-12-10 14:53:29.122631
CLS-001106,CRD-001106,CLI-001729,2024-07-25,Saine,C,Stage 1,0,0.0146,0.3775,7603.55,41.82,49.09,47.46,0.0,0,,0,,Normal,Classification automatique,VAL-016,2026-09-11 14:53:29.124633,2026-12-10 14:53:29.124633
CLS-001107,CRD-001107,CLI-004076,2023-11-29,Saine,C,Stage 1,0,0.0155,0.2512,7266.6,28.37,28.67,27.4,0.0,0,,0,,Normal,Classification automatique,VAL-004,2026-09-11 14:53:29.127627,2026-12-10 14:53:29.127627
CLS-001108,CRD-001108,CLI-002158,2024-06-28,Saine,C,Stage 1,0,0.0105,0.4751,25949.0,129.17,151.93,146.28,0.0,0,,0,,Normal,Classification automatique,VAL-019,2026-09-11 14:53:29.129634,2026-12-10 14:53:29.129634
CLS-001109,CRD-001109,CLI-003932,2022-06-14,Saine,C,Stage 1,0,0.0086,0.2681,483892.88,1117.86,1282.12,1280.51,0.0,0,,0,,Normal,Classification automatique,VAL-003,2026-09-11 14:53:29.133616,2026-12-10 14:53:29.133616
CLS-001110,CRD-001110,CLI-000112,2024-10-25,Saine,C,Stage 1,0,0.0143,0.2207,54873.38,173.01,177.95,177.84,0.0,0,,0,,Normal,Classification automatique,VAL-006,2026-09-11 14:53:29.136612,2026-12-10 14:53:29.136612
CLS-001111,CRD-001111,CLI-002385,2024-11-30,Saine,C,Stage 1,0,0.0155,0.6492,972.77,9.77,11.72,11.57,0.0,0,,0,,Normal,Classification automatique,VAL-010,2026-09-11 14:53:29.139612,2026-12-10 14:53:29.139612
CLS-001112,CRD-001112,CLI-000221,2023-04-02,Saine,C,Stage 1,0,0.0196,0.3095,25788.77,156.77,176.37,168.97,0.0,0,,0,,Normal,Classification automatique,VAL-017,2026-09-11 14:53:29.144616,2026-12-10 14:53:29.144616
CLS-001113,CRD-001113,CLI-000628,2023-01-05,Saine,B,Stage 1,0,0.0144,0.2875,93574.53,387.52,396.51,377.52,0.0,0,,0,,Normal,Classification automatique,VAL-016,2026-09-11 14:53:29.147612,2026-12-10 14:53:29.147612
CLS-001114,CRD-001114,CLI-001182,2023-03-26,Saine,C,Stage 1,0,0.0162,0.358,210427.21,1222.0,1406.87,1348.5,0.0,0,,0,,Normal,Classification automatique,VAL-008,2026-09-11 14:53:29.151867,2026-12-10 14:53:29.151867
CLS-001115,CRD-001115,CLI-003382,2023-07-23,Saine,B,Stage 1,0,0.0128,0.403,55051.93,282.91,322.67,315.06,0.0,0,,0,,Normal,Classification automatique,VAL-008,2026-09-11 14:53:29.154868,2026-12-10 14:53:29.154868
CLS-001116,CRD-001116,CLI-002423,2026-03-10,Saine,C,Stage 1,0,0.0171,0.5324,89291.02,813.3,820.29,798.19,0.0,0,,0,,Normal,Classification automatique,VAL-010,2026-09-11 14:53:29.158868,2026-12-10 14:53:29.158868
CLS-001117,CRD-001117,CLI-000791,2023-10-20,Saine,C,Stage 2,81,0.0863,0.4136,42512.99,1517.52,1564.54,1523.52,0.0,0,2024-11-23,0,,Retard de paiement,Classification automatique,VAL-017,2026-09-11 14:53:29.162865,2026-12-10 14:53:29.162865
CLS-001118,CRD-001118,CLI-004276,2023-08-15,Saine,C,Stage 1,0,0.0075,0.2279,11917.2,20.34,22.83,22.07,0.0,0,,0,,Normal,Classification automatique,VAL-006,2026-09-11 14:53:29.166052,2026-12-10 14:53:29.166052
CLS-001119,CRD-001119,CLI-000462,2023-07-06,Saine,A,Stage 1,0,0.0137,0.5623,818924.59,6323.81,7370.47,7149.64,0.0,0,,0,,Normal,Classification automatique,VAL-020,2026-09-11 14:53:29.170056,2026-12-10 14:53:29.170056
CLS-001120,CRD-001120,CLI-004403,2022-08-02,Pré-douteuse,D,Stage 3,145,0.3,0.2857,57117.27,4894.97,5734.54,5670.89,0.2,0,,0,,Retard de paiement,Classification automatique,VAL-003,2026-09-11 14:53:29.173052,2026-12-10 14:53:29.173052
CLS-001121,CRD-001121,CLI-000552,2024-10-31,Saine,C,Stage 1,0,0.0145,0.3633,380386.65,2001.52,2015.88,2015.42,0.0,0,,0,,Normal,Classification automatique,VAL-001,2026-09-11 14:53:29.176258,2026-12-10 14:53:29.176258
CLS-001122,CRD-001122,CLI-003130,2024-09-05,Saine,B,Stage 1,0,0.0185,0.4603,6119.33,52.0,55.53,53.38,0.0,0,,0,,Normal,Classification automatique,VAL-003,2026-09-11 14:53:29.181253,2026-12-10 14:53:29.181253
CLS-001123,CRD-001123,CLI-001445,2023-04-02,Saine,C,Stage 1,0,0.0185,0.3831,7165.63,50.68,54.4,52.04,0.0,0,,0,,Normal,Classification automatique,VAL-008,2026-09-11 14:53:29.186259,2026-12-10 14:53:29.186259
CLS-001124,CRD-001124,CLI-000199,2024-07-12,Saine,A,Stage 1,0,0.0184,0.4839,20397.28,181.88,216.5,211.52,0.0,0,,0,,Normal,Classification automatique,VAL-018,2026-09-11 14:53:29.190437,2026-12-10 14:53:29.190437
CLS-001125,CRD-001125,CLI-002590,2022-12-27,Saine,C,Stage 1,0,0.0133,0.2925,493278.35,1925.98,1927.05,1881.91,0.0,0,,0,,Normal,Classification automatique,VAL-016,2026-09-11 14:53:29.194443,2026-12-10 14:53:29.194443
CLS-001126,CRD-001126,CLI-000403,2022-09-09,Saine,B,Stage 2,11,0.0418,0.7094,514453.05,15242.14,16246.72,16058.72,0.0,0,,0,,Normal,Classification automatique,VAL-001,2026-09-11 14:53:29.199614,2026-12-10 14:53:29.199614
CLS-001127,CRD-001127,CLI-003960,2022-05-12,Saine,B,Stage 1,0,0.0083,0.4998,193668.83,807.39,911.89,891.55,0.0,0,,0,,Normal,Classification automatique,VAL-005,2026-09-11 14:53:29.202614,2026-12-10 14:53:29.202614
CLS-001128,CRD-001128,CLI-004190,2025-05-27,Pré-douteuse,D,Stage 3,121,0.3036,0.3187,97017.42,9387.05,10891.32,10752.91,0.2,0,2026-05-02,0,,Retard de paiement,Classification automatique,VAL-011,2026-09-11 14:53:29.205609,2026-12-10 14:53:29.205609
CLS-001129,CRD-001129,CLI-004764,2025-01-10,Saine,C,Stage 1,0,0.0105,0.6979,3393.19,24.77,28.99,28.48,0.0,0,,0,,Normal,Classification automatique,VAL-004,2026-09-11 14:53:29.209632,2026-12-10 14:53:29.209632
CLS-001130,CRD-001130,CLI-002096,2026-01-31,Saine,B,Stage 1,0,0.0191,0.6009,88503.38,1014.22,1083.49,1034.55,0.0,1,,0,,Normal,Classification automatique,VAL-010,2026-09-11 14:53:29.213608,2026-12-10 14:53:29.213608
CLS-001131,CRD-001131,CLI-002901,2027-04-18,Saine,C,Stage 2,85,0.0501,0.4476,28898.69,648.0,762.85,754.12,0.0,0,,0,,Retard de paiement,Classification automatique,VAL-002,2026-09-11 14:53:29.216607,2026-12-10 14:53:29.216607
CLS-001132,CRD-001132,CLI-004463,2023-10-30,Saine,A,Stage 1,0,0.0069,0.3661,42695.15,108.37,124.87,121.43,0.0,0,,0,,Normal,Classification automatique,VAL-003,2026-09-11 14:53:29.220607,2026-12-10 14:53:29.220607
CLS-001133,CRD-001133,CLI-000651,2024-05-04,Saine,C,Stage 1,0,0.0082,0.5922,2011.52,9.73,11.49,11.29,0.0,0,,0,,Normal,Classification automatique,VAL-010,2026-09-11 14:53:29.223611,2026-12-10 14:53:29.223611
CLS-001134,CRD-001134,CLI-000709,2023-10-16,Saine,C,Stage 1,0,0.0109,0.2067,5512.79,12.43,14.84,14.53,0.0,0,,0,,Normal,Classification automatique,VAL-004,2026-09-11 14:53:29.229612,2026-12-10 14:53:29.229612
CLS-001135,CRD-001135,CLI-001481,2024-03-14,Saine,B,Stage 1,0,0.01,0.3537,42864.86,151.33,171.27,165.21,0.0,0,,0,,Normal,Classification automatique,VAL-010,2026-09-11 14:53:29.233619,2026-12-10 14:53:29.233619
CLS-001136,CRD-001136,CLI-004415,2026-07-23,Saine,B,Stage 1,0,0.0067,0.5134,208270.98,721.07,847.67,811.61,0.0,0,,0,,Normal,Classification automatique,VAL-014,2026-09-11 14:53:29.236619,2026-12-10 14:53:29.236619
CLS-001137,CRD-001137,CLI-003066,2023-08-29,Pré-douteuse,D,Stage 3,179,0.188,0.6874,2100.59,271.44,305.18,291.31,0.2,0,,0,,Retard de paiement,Classification automatique,VAL-015,2026-09-11 14:53:29.239614,2026-12-10 14:53:29.239614
CLS-001138,CRD-001138,CLI-002396,2023-09-12,Saine,C,Stage 1,0,0.0133,0.2836,20241.21,76.49,80.05,76.24,0.0,0,,0,,Normal,Classification automatique,VAL-004,2026-09-11 14:53:29.242614,2026-12-10 14:53:29.242614
CLS-001139,CRD-001139,CLI-001770,2023-04-15,Saine,C,Stage 1,0,0.0104,0.3252,2263.94,7.65,7.66,7.3,0.0,0,,0,,Normal,Classification automatique,VAL-002,2026-09-11 14:53:29.245614,2026-12-10 14:53:29.245614
CLS-001140,CRD-001140,CLI-000315,2027-07-07,Pré-douteuse,D,Stage 3,94,0.2675,0.2893,68671.54,5315.06,6265.38,6173.0,0.2,0,,0,,Retard de paiement,Classification automatique,VAL-006,2026-09-11 14:53:29.248613,2026-12-10 14:53:29.248613
CLS-001141,CRD-001141,CLI-003762,2024-10-23,Saine,C,Stage 1,0,0.0129,0.4883,377905.8,2386.82,2847.54,2709.62,0.0,0,,0,,Normal,Classification automatique,VAL-020,2026-09-11 14:53:29.250616,2026-12-10 14:53:29.250616
CLS-001142,CRD-001142,CLI-004910,2024-05-16,Saine,C,Stage 1,0,0.0071,0.3107,15005.47,33.23,35.72,35.32,0.0,0,,0,,Normal,Classification automatique,VAL-018,2026-09-11 14:53:29.253613,2026-12-10 14:53:29.253613
CLS-001143,CRD-001143,CLI-000114,2022-03-29,Saine,C,Stage 1,0,0.0102,0.653,27128.89,180.33,209.66,202.01,0.0,0,,0,,Normal,Classification automatique,VAL-012,2026-09-11 14:53:29.256613,2026-12-10 14:53:29.256613
CLS-001144,CRD-001144,CLI-000961,2025-04-22,Saine,A,Stage 1,0,0.0169,0.4471,84864.54,642.33,747.69,730.99,0.0,0,,0,,Normal,Classification automatique,VAL-002,2026-09-11 14:53:29.258613,2026-12-10 14:53:29.258613
CLS-001145,CRD-001145,CLI-002911,2024-07-14,Saine,C,Stage 1,0,0.0197,0.5143,45778.2,464.67,546.47,527.67,0.0,0,,0,,Normal,Classification automatique,VAL-013,2026-09-11 14:53:29.261609,2026-12-10 14:53:29.261609
CLS-001146,CRD-001146,CLI-003406,2025-07-13,Saine,A,Stage 1,0,0.0085,0.4003,3069.95,10.43,11.86,11.63,0.0,0,,0,,Normal,Classification automatique,VAL-016,2026-09-11 14:53:29.264609,2026-12-10 14:53:29.264609
CLS-001147,CRD-001147,CLI-001624,2025-12-02,Saine,C,Stage 1,0,0.007,0.4829,24709.48,83.2,88.41,84.73,0.0,0,,0,,Normal,Classification automatique,VAL-019,2026-09-11 14:53:29.266799,2026-12-10 14:53:29.266799
CLS-001148,CRD-001148,CLI-003323,2024-07-19,Saine,C,Stage 1,0,0.0072,0.2628,63725.83,120.69,133.03,132.28,0.0,0,,0,,Normal,Classification automatique,VAL-011,2026-09-11 14:53:29.269797,2026-12-10 14:53:29.269797
CLS-001149,CRD-001149,CLI-005000,2025-08-12,Saine,C,Stage 1,0,0.0119,0.515,2377.43,14.59,16.82,16.46,0.0,0,,0,,Normal,Classification automatique,VAL-009,2026-09-11 14:53:29.271798,2026-12-10 14:53:29.271798
CLS-001150,CRD-001150,CLI-001819,2022-09-21,Saine,C,Stage 1,0,0.0194,0.4615,97223.58,871.92,906.16,900.13,0.0,0,,0,,Normal,Classification automatique,VAL-012,2026-09-11 14:53:29.274797,2026-12-10 14:53:29.274797
CLS-001151,CRD-001151,CLI-003195,2023-02-25,Saine,A,Stage 1,0,0.0187,0.365,4809.48,32.79,35.49,34.35,0.0,0,,0,,Normal,Classification automatique,VAL-018,2026-09-11 14:53:29.277796,2026-12-10 14:53:29.277796
CLS-001152,CRD-001152,CLI-003008,2025-04-06,Saine,A,Stage 1,0,0.0081,0.5786,116300.44,543.4,563.7,539.51,0.0,0,,0,,Normal,Classification automatique,VAL-006,2026-09-11 14:53:29.280798,2026-12-10 14:53:29.280798
CLS-001153,CRD-001153,CLI-003415,2026-06-07,Saine,C,Stage 1,0,0.0195,0.5497,24436.21,261.74,286.01,285.59,0.0,1,,0,,Normal,Classification automatique,VAL-020,2026-09-11 14:53:29.282799,2026-12-10 14:53:29.282799
CLS-001154,CRD-001154,CLI-004529,2022-06-12,Saine,C,Stage 1,0,0.0173,0.3926,102528.35,696.95,720.54,712.53,0.0,1,,0,,Normal,Classification automatique,VAL-020,2026-09-11 14:53:29.285798,2026-12-10 14:53:29.285798
CLS-001155,CRD-001155,CLI-001898,2026-11-30,Saine,C,Stage 1,0,0.0192,0.5716,5127.9,56.32,66.08,65.67,0.0,0,,0,,Normal,Classification automatique,VAL-009,2026-09-11 14:53:29.288800,2026-12-10 14:53:29.288800
CLS-001156,CRD-001156,CLI-001919,2024-02-20,Saine,B,Stage 1,0,0.011,0.5239,8339.51,47.87,57.22,54.99,0.0,0,,0,,Normal,Classification automatique,VAL-018,2026-09-11 14:53:29.291798,2026-12-10 14:53:29.291798
CLS-001157,CRD-001157,CLI-001271,2022-04-30,Saine,B,Stage 1,0,0.0076,0.2009,4510.87,6.85,7.32,7.17,0.0,0,,0,,Normal,Classification automatique,VAL-005,2026-09-11 14:53:29.293800,2026-12-10 14:53:29.293800
CLS-001158,CRD-001158,CLI-004177,2025-03-11,Douteuse,D,Stage 3,212,0.6312,0.4717,27742.79,8260.84,9242.84,8792.0,0.5,0,,1,2024-10-16,Retard de paiement,Classification automatique,VAL-010,2026-09-11 14:53:29.296799,2026-12-10 14:53:29.296799
CLS-001159,CRD-001159,CLI-004963,2023-08-31,Saine,B,Stage 1,0,0.0166,0.6127,18384.67,187.11,217.3,208.23,0.0,0,,0,,Normal,Classification automatique,VAL-017,2026-09-11 14:53:29.299869,2026-12-10 14:53:29.299869
CLS-001160,CRD-001160,CLI-004884,2022-12-04,Saine,B,Stage 1,0,0.0115,0.3068,110198.57,390.29,459.51,450.59,0.0,0,,0,,Normal,Classification automatique,VAL-012,2026-09-11 14:53:29.301961,2026-12-10 14:53:29.301961
CLS-001161,CRD-001161,CLI-004095,2025-06-16,Saine,C,Stage 1,0,0.0079,0.3506,34819.34,96.07,108.33,103.76,0.0,0,,0,,Normal,Classification automatique,VAL-003,2026-09-11 14:53:29.304964,2026-12-10 14:53:29.304964
CLS-001162,CRD-001162,CLI-003160,2025-10-13,Saine,B,Stage 1,0,0.0122,0.392,11390.28,54.63,61.62,59.87,0.0,0,,0,,Normal,Classification automatique,VAL-009,2026-09-11 14:53:29.307964,2026-12-10 14:53:29.307964
CLS-001163,CRD-001163,CLI-001814,2023-09-25,Saine,C,Stage 1,0,0.0086,0.3968,67158.97,229.45,247.78,236.36,0.0,0,,0,,Normal,Classification automatique,VAL-006,2026-09-11 14:53:29.309964,2026-12-10 14:53:29.309964
CLS-001164,CRD-001164,CLI-002427,2023-02-20,Saine,B,Stage 1,0,0.0052,0.6289,10575.47,34.5,40.33,38.56,0.0,1,,0,,Normal,Classification automatique,VAL-010,2026-09-11 14:53:29.312963,2026-12-10 14:53:29.312963
CLS-001165,CRD-001165,CLI-003951,2022-06-09,Pré-douteuse,D,Stage 3,93,0.3466,0.7027,12733.13,3101.29,3491.52,3411.35,0.2,0,,0,,Retard de paiement,Classification automatique,VAL-003,2026-09-11 14:53:29.315172,2026-12-10 14:53:29.315172
CLS-001166,CRD-001166,CLI-004429,2023-12-11,Saine,A,Stage 1,0,0.0084,0.6316,529.82,2.81,3.16,3.13,0.0,0,,0,,Normal,Classification automatique,VAL-014,2026-09-11 14:53:29.319177,2026-12-10 14:53:29.319177
CLS-001167,CRD-001167,CLI-002143,2027-04-15,Saine,C,Stage 1,0,0.0078,0.2417,68864.09,129.81,132.47,126.5,0.0,0,,0,,Normal,Classification automatique,VAL-015,2026-09-11 14:53:29.322198,2026-12-10 14:53:29.322198
CLS-001168,CRD-001168,CLI-001627,2026-01-14,Pré-douteuse,D,Stage 3,135,0.1966,0.7423,259019.31,37793.57,41344.16,39715.62,0.2,0,,0,,Retard de paiement,Classification automatique,VAL-002,2026-09-11 14:53:29.325324,2026-12-10 14:53:29.325324
CLS-001169,CRD-001169,CLI-000790,2025-08-20,Saine,C,Stage 1,0,0.0062,0.5731,34002.26,121.56,136.61,136.1,0.0,0,,0,,Normal,Classification automatique,VAL-014,2026-09-11 14:53:29.328310,2026-12-10 14:53:29.328310
CLS-001170,CRD-001170,CLI-003787,2026-02-03,Saine,A,Stage 1,0,0.0111,0.6051,19872.04,133.51,139.7,133.97,0.0,0,,0,,Normal,Classification automatique,VAL-020,2026-09-11 14:53:29.331307,2026-12-10 14:53:29.331307
CLS-001171,CRD-001171,CLI-001865,2026-04-10,Saine,C,Stage 1,0,0.0161,0.4061,50243.13,327.76,369.07,360.74,0.0,0,,0,,Normal,Classification automatique,VAL-006,2026-09-11 14:53:29.334307,2026-12-10 14:53:29.334307
CLS-001172,CRD-001172,CLI-002866,2023-02-03,Saine,B,Stage 1,0,0.006,0.6407,102604.35,395.85,474.53,451.04,0.0,0,,0,,Normal,Classification automatique,VAL-020,2026-09-11 14:53:29.336308,2026-12-10 14:53:29.336308
CLS-001173,CRD-001173,CLI-000872,2023-03-12,Saine,C,Stage 1,0,0.0161,0.4733,2372.9,18.11,18.71,18.49,0.0,0,,0,,Normal,Classification automatique,VAL-002,2026-09-11 14:53:29.339308,2026-12-10 14:53:29.339308
CLS-001174,CRD-001174,CLI-003272,2026-04-08,Saine,B,Stage 1,0,0.0096,0.4641,6722.87,29.86,34.45,34.14,0.0,0,,0,,Normal,Classification automatique,VAL-010,2026-09-11 14:53:29.343810,2026-12-10 14:53:29.343810
CLS-001175,CRD-001175,CLI-003834,2023-01-09,Saine,B,Stage 1,0,0.0094,0.516,7005.26,33.93,40.69,39.83,0.0,0,,0,,Normal,Classification automatique,VAL-007,2026-09-11 14:53:29.347814,2026-12-10 14:53:29.347814
CLS-001176,CRD-001176,CLI-000074,2026-03-04,Saine,B,Stage 1,0,0.0112,0.2793,0.0,0.0,0.0,0.0,0.0,0,,0,,Normal,Classification automatique,VAL-010,2026-09-11 14:53:29.350815,2026-12-10 14:53:29.350815
CLS-001177,CRD-001177,CLI-001753,2026-02-26,Saine,B,Stage 1,0,0.019,0.3398,5753.62,37.21,37.46,36.65,0.0,0,,0,,Normal,Classification automatique,VAL-008,2026-09-11 14:53:29.352816,2026-12-10 14:53:29.352816
CLS-001178,CRD-001178,CLI-001422,2026-08-02,Saine,B,Stage 1,0,0.0121,0.507,8583.56,52.47,59.03,56.27,0.0,0,,0,,Normal,Classification automatique,VAL-003,2026-09-11 14:53:29.355814,2026-12-10 14:53:29.355814
CLS-001179,CRD-001179,CLI-004222,2025-06-05,Saine,C,Stage 1,0,0.013,0.5934,7742.95,59.94,69.34,67.36,0.0,0,,0,,Normal,Classification automatique,VAL-020,2026-09-11 14:53:29.357814,2026-12-10 14:53:29.357814
CLS-001180,CRD-001180,CLI-004694,2024-02-04,Douteuse,D,Stage 3,327,0.6052,0.5336,9269.92,2993.24,3195.9,3121.04,0.5,0,,1,2024-07-30,Retard de paiement,Classification automatique,VAL-015,2026-09-11 14:53:29.360817,2026-12-10 14:53:29.360817
CLS-001181,CRD-001181,CLI-004370,2023-07-14,Saine,B,Stage 1,0,0.0076,0.4174,684988.81,2159.59,2263.17,2205.76,0.0,0,,0,,Normal,Classification automatique,VAL-020,2026-09-11 14:53:29.364833,2026-12-10 14:53:29.364833
CLS-001182,CRD-001182,CLI-004576,2023-07-17,Saine,C,Stage 1,0,0.0094,0.6301,7715.44,45.55,54.64,52.85,0.0,0,,0,,Normal,Classification automatique,VAL-018,2026-09-11 14:53:29.366836,2026-12-10 14:53:29.366836
CLS-001183,CRD-001183,CLI-003810,2023-12-24,Douteuse,D,Stage 3,353,0.4152,0.481,48762.04,9739.43,11444.52,11272.98,0.5,0,,1,2024-04-09,Retard de paiement,Classification automatique,VAL-016,2026-09-11 14:53:29.369836,2026-12-10 14:53:29.369836
CLS-001184,CRD-001184,CLI-002245,2022-11-07,Saine,C,Stage 1,0,0.0096,0.512,75582.76,370.98,437.05,422.52,0.0,0,,0,,Normal,Classification automatique,VAL-003,2026-09-11 14:53:29.371833,2026-12-10 14:53:29.371833
CLS-001185,CRD-001185,CLI-003048,2024-08-02,Saine,C,Stage 1,0,0.0113,0.4059,9816.97,44.96,45.29,45.28,0.0,0,,0,,Normal,Classification automatique,VAL-001,2026-09-11 14:53:29.374828,2026-12-10 14:53:29.374828
CLS-001186,CRD-001186,CLI-002446,2024-03-21,Pré-douteuse,D,Stage 3,167,0.3359,0.2186,68689.34,5044.57,5142.75,4981.98,0.2,0,,0,,Retard de paiement,Classification automatique,VAL-020,2026-09-11 14:53:29.377827,2026-12-10 14:53:29.377827
CLS-001187,CRD-001187,CLI-000495,2023-03-04,Saine,C,Stage 1,0,0.0196,0.2152,180247.49,761.94,811.12,798.3,0.0,0,,0,,Normal,Classification automatique,VAL-011,2026-09-11 14:53:29.380832,2026-12-10 14:53:29.380832
CLS-001188,CRD-001188,CLI-003131,2022-04-28,Saine,A,Stage 1,0,0.012,0.6062,53989.89,391.5,423.77,411.53,0.0,0,,0,,Normal,Classification automatique,VAL-003,2026-09-11 14:53:29.382832,2026-12-10 14:53:29.382832
CLS-001189,CRD-001189,CLI-004322,2026-05-30,Douteuse,D,Stage 3,195,0.5515,0.5274,54189.13,15762.06,17800.57,17086.02,0.5,0,,1,2026-12-02,Retard de paiement,Classification automatique,VAL-014,2026-09-11 14:53:29.385829,2026-12-10 14:53:29.385829
CLS-001190,CRD-001190,CLI-004398,2024-02-25,Saine,B,Stage 1,0,0.0088,0.5436,4134.68,19.8,23.3,22.52,0.0,0,,0,,Normal,Classification automatique,VAL-015,2026-09-11 14:53:29.387811,2026-12-10 14:53:29.387811
CLS-001191,CRD-001191,CLI-001165,2022-09-05,Saine,A,Stage 1,0,0.0099,0.5841,0.0,0.0,0.0,0.0,0.0,1,,0,,Normal,Classification automatique,VAL-019,2026-09-11 14:53:29.390832,2026-12-10 14:53:29.390832
CLS-001192,CRD-001192,CLI-003735,2025-07-17,Saine,A,Stage 1,0,0.0135,0.3697,18374.2,91.9,94.57,90.66,0.0,0,,0,,Normal,Classification automatique,VAL-010,2026-09-11 14:53:29.393810,2026-12-10 14:53:29.393810
CLS-001193,CRD-001193,CLI-001731,2024-10-12,Saine,B,Stage 1,0,0.0127,0.4968,697525.04,4411.21,5063.93,4854.3,0.0,0,,0,,Normal,Classification automatique,VAL-020,2026-09-11 14:53:29.396812,2026-12-10 14:53:29.396812
CLS-001194,CRD-001194,CLI-004813,2023-12-16,Douteuse,D,Stage 3,182,0.4229,0.5065,1964.36,420.73,490.27,479.42,0.5,1,,1,2023-12-01,Retard de paiement,Classification automatique,VAL-018,2026-09-11 14:53:29.399811,2026-12-10 14:53:29.399811
CLS-001195,CRD-001195,CLI-002403,2025-06-09,Saine,A,Stage 1,0,0.0068,0.2355,77864.98,124.06,130.57,126.79,0.0,0,,0,,Normal,Classification automatique,VAL-016,2026-09-11 14:53:29.401813,2026-12-10 14:53:29.401813
CLS-001196,CRD-001196,CLI-003404,2025-07-22,Saine,C,Stage 2,81,0.1314,0.4508,3530.67,209.19,211.15,210.76,0.0,0,,0,,Retard de paiement,Classification automatique,VAL-018,2026-09-11 14:53:29.404810,2026-12-10 14:53:29.404810
CLS-001197,CRD-001197,CLI-000619,2022-03-28,Saine,B,Stage 1,0,0.0096,0.5384,145258.55,754.16,781.45,776.36,0.0,0,,0,,Normal,Classification automatique,VAL-007,2026-09-11 14:53:29.406812,2026-12-10 14:53:29.406812
CLS-001198,CRD-001198,CLI-001698,2024-05-20,Saine,A,Stage 1,0,0.0094,0.5632,1276.75,6.74,7.35,7.1,0.0,0,,0,,Normal,Classification automatique,VAL-011,2026-09-11 14:53:29.409813,2026-12-10 14:53:29.409813
CLS-001199,CRD-001199,CLI-003594,2027-02-10,Saine,B,Stage 1,0,0.0061,0.3234,10818.87,21.38,22.43,22.12,0.0,0,,0,,Normal,Classification automatique,VAL-017,2026-09-11 14:53:29.412811,2026-12-10 14:53:29.412811
CLS-001200,CRD-001200,CLI-001958,2025-01-29,Saine,C,Stage 2,81,0.0696,0.4448,6113.77,189.32,192.83,187.82,0.0,1,,0,,Retard de paiement,Classification automatique,VAL-001,2026-09-11 14:53:29.414980,2026-12-10 14:53:29.414980
CLS-001201,CRD-001201,CLI-001222,2024-02-29,Saine,C,Stage 1,0,0.0148,0.3592,6790.42,36.13,40.44,38.45,0.0,0,,0,,Normal,Classification automatique,VAL-003,2026-09-11 14:53:29.418006,2026-12-10 14:53:29.418006
CLS-001202,CRD-001202,CLI-002074,2027-02-26,Saine,C,Stage 1,0,0.0076,0.509,8616.79,33.26,38.36,36.73,0.0,0,,0,,Normal,Classification automatique,VAL-020,2026-09-11 14:53:29.421005,2026-12-10 14:53:29.421005
CLS-001203,CRD-001203,CLI-003411,2026-08-09,Douteuse,D,Stage 3,327,0.5131,0.4132,10322.45,2188.83,2472.79,2472.64,0.5,1,,1,2027-03-06,Retard de paiement,Classification automatique,VAL-011,2026-09-11 14:53:29.424111,2026-12-10 14:53:29.424111
CLS-001204,CRD-001204,CLI-000870,2025-11-14,Saine,B,Stage 1,0,0.0122,0.3724,11775.72,53.32,60.78,60.46,0.0,1,,0,,Normal,Classification automatique,VAL-020,2026-09-11 14:53:29.427135,2026-12-10 14:53:29.427135
CLS-001205,CRD-001205,CLI-002719,2023-01-11,Saine,C,Stage 1,0,0.0107,0.6356,2129.25,14.54,15.38,15.1,0.0,0,,0,,Normal,Classification automatique,VAL-006,2026-09-11 14:53:29.429135,2026-12-10 14:53:29.429135
CLS-001206,CRD-001206,CLI-001043,2026-01-05,Saine,C,Stage 1,0,0.0162,0.4709,27458.25,209.77,241.62,231.82,0.0,0,,0,,Normal,Classification automatique,VAL-013,2026-09-11 14:53:29.432135,2026-12-10 14:53:29.432135
CLS-001207,CRD-001207,CLI-001362,2027-05-04,Saine,C,Stage 1,0,0.0129,0.4835,88179.44,550.26,634.39,615.96,0.0,0,,0,,Normal,Classification automatique,VAL-019,2026-09-11 14:53:29.434135,2026-12-10 14:53:29.434135
CLS-001208,CRD-001208,CLI-000357,2023-12-26,Saine,C,Stage 1,0,0.0184,0.4764,7687.82,67.47,76.03,73.76,0.0,0,,0,,Normal,Classification automatique,VAL-009,2026-09-11 14:53:29.437135,2026-12-10 14:53:29.437135
CLS-001209,CRD-001209,CLI-001163,2022-08-20,Saine,C,Stage 1,0,0.0112,0.4157,25947.37,121.12,126.28,123.15,0.0,0,,0,,Normal,Classification automatique,VAL-010,2026-09-11 14:53:29.441342,2026-12-10 14:53:29.441342
CLS-001210,CRD-001210,CLI-002766,2022-03-18,Saine,A,Stage 1,0,0.0138,0.2079,198040.38,569.79,649.88,624.57,0.0,0,,0,,Normal,Classification automatique,VAL-004,2026-09-11 14:53:29.443321,2026-12-10 14:53:29.443321
CLS-001211,CRD-001211,CLI-003253,2025-12-08,Saine,C,Stage 1,0,0.0121,0.5286,10168.27,65.26,71.85,70.99,0.0,0,,0,,Normal,Classification automatique,VAL-007,2026-09-11 14:53:29.446342,2026-12-10 14:53:29.446342
CLS-001212,CRD-001212,CLI-001439,2026-08-25,Saine,C,Stage 2,54,0.0714,0.3778,15184.98,409.52,458.21,452.64,0.0,0,,0,,Retard de paiement,Classification automatique,VAL-013,2026-09-11 14:53:29.449326,2026-12-10 14:53:29.449326
CLS-001213,CRD-001213,CLI-003604,2024-06-17,Saine,C,Stage 1,0,0.0192,0.4501,1180635.7,10203.84,10651.33,10511.16,0.0,0,,0,,Normal,Classification automatique,VAL-010,2026-09-11 14:53:29.453322,2026-12-10 14:53:29.453322
CLS-001214,CRD-001214,CLI-004941,2022-03-17,Saine,C,Stage 1,0,0.0066,0.356,69.15,0.16,0.17,0.16,0.0,0,,0,,Normal,Classification automatique,VAL-018,2026-09-11 14:53:29.456340,2026-12-10 14:53:29.456340
CLS-001215,CRD-001215,CLI-004594,2025-01-26,Douteuse,D,Stage 3,356,0.5025,0.3645,117971.55,21606.19,25606.52,24705.58,0.5,1,,1,2025-01-23,Retard de paiement,Classification automatique,VAL-019,2026-09-11 14:53:29.458339,2026-12-10 14:53:29.458339
CLS-001216,CRD-001216,CLI-003640,2024-05-20,Saine,C,Stage 1,0,0.0153,0.4305,13710.43,90.41,104.15,100.55,0.0,0,,0,,Normal,Classification automatique,VAL-018,2026-09-11 14:53:29.461325,2026-12-10 14:53:29.461325
CLS-001217,CRD-001217,CLI-001254,2026-06-23,Douteuse,D,Stage 3,209,0.4488,0.6228,44577.07,12458.13,13046.14,13005.0,0.5,0,,1,2026-04-05,Retard de paiement,Classification automatique,VAL-010,2026-09-11 14:53:29.464324,2026-12-10 14:53:29.464324
CLS-001218,CRD-001218,CLI-003366,2022-03-17,Saine,B,Stage 1,0,0.0125,0.5067,406.94,2.58,2.75,2.67,0.0,0,,0,,Normal,Classification automatique,VAL-007,2026-09-11 14:53:29.467322,2026-12-10 14:53:29.467322
CLS-001219,CRD-001219,CLI-000333,2023-02-17,Saine,C,Stage 1,0,0.0058,0.238,726087.97,1007.6,1059.35,1037.82,0.0,0,,0,,Normal,Classification automatique,VAL-008,2026-09-11 14:53:29.469322,2026-12-10 14:53:29.469322
CLS-001220,CRD-001220,CLI-003695,2026-08-06,Saine,C,Stage 1,0,0.0127,0.4118,14479.91,75.47,86.2,82.2,0.0,0,,0,,Normal,Classification automatique,VAL-003,2026-09-11 14:53:29.472324,2026-12-10 14:53:29.472324
CLS-001221,CRD-001221,CLI-003569,2023-05-14,Saine,C,Stage 2,53,0.1064,0.4456,25640.5,1215.07,1415.76,1369.98,0.0,0,,0,,Retard de paiement,Classification automatique,VAL-013,2026-09-11 14:53:29.475323,2026-12-10 14:53:29.475323
CLS-001222,CRD-001222,CLI-002729,2022-08-15,Pré-douteuse,D,Stage 3,106,0.2763,0.2903,21157.45,1696.86,1699.62,1677.62,0.2,0,,0,,Retard de paiement,Classification automatique,VAL-006,2026-09-11 14:53:29.478341,2026-12-10 14:53:29.478341
CLS-001223,CRD-001223,CLI-003668,2024-09-13,Pré-douteuse,D,Stage 3,173,0.348,0.4599,2778.25,444.64,485.37,476.51,0.2,0,,0,,Retard de paiement,Classification automatique,VAL-005,2026-09-11 14:53:29.481340,2026-12-10 14:53:29.481340
CLS-001224,CRD-001224,CLI-001631,2023-09-06,Saine,C,Stage 1,0,0.0167,0.52,6448.77,55.99,56.54,55.48,0.0,0,,0,,Normal,Classification automatique,VAL-017,2026-09-11 14:53:29.483341,2026-12-10 14:53:29.483341
CLS-001225,CRD-001225,CLI-001117,2023-04-20,Saine,C,Stage 1,0,0.0089,0.3828,417285.7,1425.7,1672.8,1667.03,0.0,0,,0,,Normal,Classification automatique,VAL-006,2026-09-11 14:53:29.486340,2026-12-10 14:53:29.486340
CLS-001226,CRD-001226,CLI-001850,2024-10-07,Saine,C,Stage 1,0,0.0176,0.5739,84678.86,854.5,962.61,941.55,0.0,0,,0,,Normal,Classification automatique,VAL-007,2026-09-11 14:53:29.489340,2026-12-10 14:53:29.489340
CLS-001227,CRD-001227,CLI-003555,2024-05-16,Saine,C,Stage 1,0,0.0137,0.2663,15725.33,57.19,62.2,59.51,0.0,0,,0,,Normal,Classification automatique,VAL-020,2026-09-11 14:53:29.491335,2026-12-10 14:53:29.491335
CLS-001228,CRD-001228,CLI-003154,2023-05-21,Saine,C,Stage 1,0,0.0195,0.4438,16119.68,139.22,158.76,156.49,0.0,0,,0,,Normal,Classification automatique,VAL-005,2026-09-11 14:53:29.494335,2026-12-10 14:53:29.494335
CLS-001229,CRD-001229,CLI-003266,2022-12-30,Saine,B,Stage 1,0,0.0095,0.5627,15196.91,81.07,89.69,88.43,0.0,0,,0,,Normal,Classification automatique,VAL-014,2026-09-11 14:53:29.496340,2026-12-10 14:53:29.496340
CLS-001230,CRD-001230,CLI-001666,2026-11-05,Saine,B,Stage 1,0,0.0116,0.4295,29966.01,149.22,164.26,161.67,0.0,0,,0,,Normal,Classification automatique,VAL-013,2026-09-11 14:53:29.499336,2026-12-10 14:53:29.499336
CLS-001231,CRD-001231,CLI-000446,2022-05-06,Saine,C,Stage 1,0,0.0085,0.4967,15738.64,66.11,70.22,68.65,0.0,0,,0,,Normal,Classification automatique,VAL-012,2026-09-11 14:53:29.502340,2026-12-10 14:53:29.502340
CLS-001232,CRD-001232,CLI-002246,2026-02-19,Saine,C,Stage 1,0,0.0188,0.6904,434553.12,5641.09,6510.63,6191.95,0.0,0,,0,,Normal,Classification automatique,VAL-011,2026-09-11 14:53:29.504340,2026-12-10 14:53:29.504340
CLS-001233,CRD-001233,CLI-000453,2025-04-01,Saine,B,Stage 1,0,0.012,0.7265,35287.85,306.97,307.27,303.39,0.0,0,,0,,Normal,Classification automatique,VAL-003,2026-09-11 14:53:29.507340,2026-12-10 14:53:29.507340
CLS-001234,CRD-001234,CLI-001552,2023-04-04,Saine,B,Stage 1,0,0.0072,0.5125,5798.87,21.28,24.74,24.46,0.0,0,,0,,Normal,Classification automatique,VAL-006,2026-09-11 14:53:29.510340,2026-12-10 14:53:29.510340
CLS-001235,CRD-001235,CLI-004435,2026-10-30,Saine,B,Stage 1,0,0.0123,0.4998,1880.39,11.52,12.06,11.73,0.0,0,,0,,Normal,Classification automatique,VAL-006,2026-09-11 14:53:29.512340,2026-12-10 14:53:29.512340
CLS-001236,CRD-001236,CLI-002955,2022-08-15,Saine,B,Stage 1,0,0.0162,0.3565,48813.88,281.92,325.61,315.03,0.0,0,,0,,Normal,Classification automatique,VAL-005,2026-09-11 14:53:29.515340,2026-12-10 14:53:29.515340
CLS-001237,CRD-001237,CLI-000015,2021-12-30,Saine,A,Stage 1,0,0.0188,0.3847,56416.4,408.61,446.99,436.81,0.0,0,,0,,Normal,Classification automatique,VAL-015,2026-09-11 14:53:29.517535,2026-12-10 14:53:29.517535
CLS-001238,CRD-001238,CLI-003629,2023-06-16,Saine,C,Stage 1,0,0.0109,0.2995,10475.59,34.13,40.39,40.09,0.0,0,,0,,Normal,Classification automatique,VAL-014,2026-09-11 14:53:29.520540,2026-12-10 14:53:29.520540
CLS-001239,CRD-001239,CLI-000946,2023-07-02,Pré-douteuse,D,Stage 3,156,0.2169,0.6479,1910340.44,268489.82,295210.96,292862.1,0.2,0,,0,,Retard de paiement,Classification automatique,VAL-019,2026-09-11 14:53:29.523540,2026-12-10 14:53:29.523540
CLS-001240,CRD-001240,CLI-000248,2023-01-24,Pré-douteuse,D,Stage 3,173,0.1857,0.5271,5394.91,528.17,544.7,524.59,0.2,0,,0,,Retard de paiement,Classification automatique,VAL-018,2026-09-11 14:53:29.525737,2026-12-10 14:53:29.525737
CLS-001241,CRD-001241,CLI-004698,2024-12-21,Pré-douteuse,D,Stage 3,167,0.1545,0.7095,24831.12,2722.17,2748.42,2741.61,0.2,0,,0,,Retard de paiement,Classification automatique,VAL-004,2026-09-11 14:53:29.528738,2026-12-10 14:53:29.528738
CLS-001242,CRD-001242,CLI-000361,2027-02-09,Saine,B,Stage 1,0,0.0095,0.2534,9030.71,21.77,22.71,22.14,0.0,0,,0,,Normal,Classification automatique,VAL-004,2026-09-11 14:53:29.530738,2026-12-10 14:53:29.530738
CLS-001243,CRD-001243,CLI-004657,2023-09-16,Saine,C,Stage 1,0,0.0084,0.3892,7273.24,23.87,27.86,27.25,0.0,0,,0,,Normal,Classification automatique,VAL-018,2026-09-11 14:53:29.533717,2026-12-10 14:53:29.533717
CLS-001244,CRD-001244,CLI-001615,2025-09-01,Saine,A,Stage 1,0,0.0082,0.6906,4204.06,23.68,27.48,27.02,0.0,0,,0,,Normal,Classification automatique,VAL-013,2026-09-11 14:53:29.536715,2026-12-10 14:53:29.536715
CLS-001245,CRD-001245,CLI-002304,2023-02-26,Saine,B,Stage 1,0,0.0072,0.5445,9033.58,35.33,40.56,39.47,0.0,0,,0,,Normal,Classification automatique,VAL-013,2026-09-11 14:53:29.538717,2026-12-10 14:53:29.538717
CLS-001246,CRD-001246,CLI-004142,2027-01-01,Saine,A,Stage 1,0,0.0126,0.5,70830.72,447.74,532.61,528.79,0.0,1,,0,,Normal,Classification automatique,VAL-006,2026-09-11 14:53:29.541901,2026-12-10 14:53:29.541901
CLS-001247,CRD-001247,CLI-003169,2023-11-10,Saine,A,Stage 1,0,0.0104,0.4693,41328.75,201.07,201.86,198.36,0.0,0,,0,,Normal,Classification automatique,VAL-010,2026-09-11 14:53:29.543904,2026-12-10 14:53:29.543904
CLS-001248,CRD-001248,CLI-002479,2023-05-14,Saine,C,Stage 1,0,0.006,0.4904,42320.24,124.5,141.16,138.95,0.0,0,,0,,Normal,Classification automatique,VAL-004,2026-09-11 14:53:29.546902,2026-12-10 14:53:29.546902
CLS-001249,CRD-001249,CLI-004215,2021-11-29,Saine,B,Stage 1,0,0.0154,0.4989,238.36,1.83,1.96,1.95,0.0,0,,0,,Normal,Classification automatique,VAL-020,2026-09-11 14:53:29.550084,2026-12-10 14:53:29.550084
CLS-001250,CRD-001250,CLI-004181,2025-08-03,Saine,C,Stage 1,0,0.0064,0.3768,45056.87,109.33,125.54,121.8,0.0,0,,0,,Normal,Classification automatique,VAL-004,2026-09-11 14:53:29.552087,2026-12-10 14:53:29.552087
CLS-001251,CRD-001251,CLI-004885,2025-07-20,Saine,B,Stage 1,0,0.0182,0.4262,32610.31,253.34,302.32,301.95,0.0,0,,0,,Normal,Classification automatique,VAL-004,2026-09-11 14:53:29.555089,2026-12-10 14:53:29.555089
CLS-001252,CRD-001252,CLI-003164,2022-03-11,Saine,C,Stage 1,0,0.0199,0.4748,1565980.16,14779.24,17061.18,16725.76,0.0,0,,0,,Normal,Classification automatique,VAL-010,2026-09-11 14:53:29.557087,2026-12-10 14:53:29.557087
CLS-001253,CRD-001253,CLI-000491,2027-05-21,Saine,C,Stage 1,0,0.02,0.4283,694.71,5.95,6.1,5.99,0.0,0,,0,,Normal,Classification automatique,VAL-004,2026-09-11 14:53:29.560087,2026-12-10 14:53:29.560087
CLS-001254,CRD-001254,CLI-000863,2024-01-16,Saine,C,Stage 1,0,0.0187,0.3258,15754.11,96.2,96.22,95.56,0.0,0,,0,,Normal,Classification automatique,VAL-017,2026-09-11 14:53:29.563085,2026-12-10 14:53:29.563085
CLS-001255,CRD-001255,CLI-001741,2025-04-12,Saine,C,Stage 1,0,0.0078,0.4884,4950.96,18.93,20.79,20.31,0.0,0,,0,,Normal,Classification automatique,VAL-012,2026-09-11 14:53:29.566688,2026-12-10 14:53:29.566688
CLS-001256,CRD-001256,CLI-004100,2026-06-14,Saine,C,Stage 1,0,0.0095,0.2843,4575.33,12.38,12.5,11.89,0.0,0,,0,,Normal,Classification automatique,VAL-006,2026-09-11 14:53:29.568714,2026-12-10 14:53:29.568714
CLS-001257,CRD-001257,CLI-004386,2023-05-10,Saine,A,Stage 1,0,0.0147,0.2532,150184.91,558.9,583.86,565.48,0.0,0,,0,,Normal,Classification automatique,VAL-005,2026-09-11 14:53:29.571712,2026-12-10 14:53:29.571712
CLS-001258,CRD-001258,CLI-002448,2027-01-04,Saine,C,Stage 1,0,0.0089,0.6788,15827.78,95.55,114.0,112.07,0.0,0,,0,,Normal,Classification automatique,VAL-004,2026-09-11 14:53:29.574709,2026-12-10 14:53:29.574709
CLS-001259,CRD-001259,CLI-004231,2025-04-09,Saine,C,Stage 1,0,0.0166,0.5824,10494.95,101.35,120.31,117.09,0.0,0,,0,,Normal,Classification automatique,VAL-008,2026-09-11 14:53:29.577712,2026-12-10 14:53:29.577712
CLS-001260,CRD-001260,CLI-000507,2022-10-09,Saine,A,Stage 1,0,0.0052,0.4838,226053.24,571.74,582.95,571.25,0.0,1,,0,,Normal,Classification automatique,VAL-020,2026-09-11 14:53:29.579715,2026-12-10 14:53:29.579715
CLS-001261,CRD-001261,CLI-002678,2025-12-11,Saine,C,Stage 1,0,0.0178,0.4409,117699.74,924.62,947.95,908.3,0.0,0,,0,,Normal,Classification automatique,VAL-003,2026-09-11 14:53:29.582713,2026-12-10 14:53:29.582713
CLS-001262,CRD-001262,CLI-002996,2026-02-01,Saine,A,Stage 1,0,0.0131,0.3206,206845.78,868.41,914.69,869.16,0.0,0,,0,,Normal,Classification automatique,VAL-003,2026-09-11 14:53:29.585714,2026-12-10 14:53:29.585714
CLS-001263,CRD-001263,CLI-001943,2022-12-16,Saine,C,Stage 1,0,0.0135,0.6737,166328.74,1507.95,1724.95,1684.08,0.0,0,,0,,Normal,Classification automatique,VAL-018,2026-09-11 14:53:29.587715,2026-12-10 14:53:29.587715
CLS-001264,CRD-001264,CLI-001223,2024-08-25,Saine,A,Stage 1,0,0.0189,0.4391,653881.35,5418.1,5635.56,5374.54,0.0,0,,0,,Normal,Classification automatique,VAL-017,2026-09-11 14:53:29.590713,2026-12-10 14:53:29.590713
CLS-001265,CRD-001265,CLI-001114,2023-08-11,Saine,A,Stage 1,0,0.0162,0.2065,5898.68,19.71,23.58,22.41,0.0,0,,0,,Normal,Classification automatique,VAL-012,2026-09-11 14:53:29.593694,2026-12-10 14:53:29.593694
CLS-001266,CRD-001266,CLI-001906,2024-09-28,Compromise,D,Stage 3,384,0.9178,0.3823,174430.43,61202.37,62906.29,60375.01,1.0,0,,1,2025-07-08,Retard de paiement,Classification automatique,VAL-018,2026-09-11 14:53:29.596694,2026-12-10 14:53:29.596694
CLS-001267,CRD-001267,CLI-003424,2024-12-16,Saine,C,Stage 1,0,0.0146,0.5631,42544.16,349.51,376.87,370.88,0.0,0,,0,,Normal,Classification automatique,VAL-017,2026-09-11 14:53:29.598695,2026-12-10 14:53:29.598695
CLS-001268,CRD-001268,CLI-001878,2024-07-26,Saine,C,Stage 1,0,0.0064,0.6524,1748.75,7.33,7.65,7.3,0.0,0,,0,,Normal,Classification automatique,VAL-011,2026-09-11 14:53:29.601955,2026-12-10 14:53:29.601955
CLS-001269,CRD-001269,CLI-004673,2022-07-27,Pré-douteuse,D,Stage 3,122,0.2494,0.373,4010.14,373.08,414.83,403.51,0.2,0,,0,,Retard de paiement,Classification automatique,VAL-013,2026-09-11 14:53:29.604953,2026-12-10 14:53:29.604953
CLS-001270,CRD-001270,CLI-000434,2022-10-14,Saine,B,Stage 1,0,0.0184,0.4607,7183.45,61.0,67.09,63.98,0.0,0,,0,,Normal,Classification automatique,VAL-015,2026-09-11 14:53:29.606956,2026-12-10 14:53:29.606956
CLS-001271,CRD-001271,CLI-002365,2023-07-12,Saine,C,Stage 1,0,0.0169,0.2593,289028.56,1266.53,1360.81,1344.15,0.0,0,,0,,Normal,Classification automatique,VAL-020,2026-09-11 14:53:29.609954,2026-12-10 14:53:29.609954
CLS-001272,CRD-001272,CLI-003155,2023-08-12,Saine,B,Stage 1,0,0.0128,0.308,75850.19,299.08,325.49,317.95,0.0,0,,0,,Normal,Classification automatique,VAL-016,2026-09-11 14:53:29.611957,2026-12-10 14:53:29.611957
CLS-001273,CRD-001273,CLI-002836,2022-09-23,Saine,C,Stage 1,0,0.0079,0.2988,91828.65,217.49,247.81,246.19,0.0,0,,0,,Normal,Classification automatique,VAL-017,2026-09-11 14:53:29.615052,2026-12-10 14:53:29.615052
CLS-001274,CRD-001274,CLI-002093,2025-08-23,Saine,B,Stage 1,0,0.0112,0.2215,10769.17,26.75,29.27,28.76,0.0,0,2025-12-13,0,,Normal,Classification automatique,VAL-002,2026-09-11 14:53:29.618074,2026-12-10 14:53:29.618074
CLS-001275,CRD-001275,CLI-003011,2023-02-22,Saine,A,Stage 1,0,0.0189,0.5235,22206.54,219.38,245.41,234.11,0.0,0,,0,,Normal,Classification automatique,VAL-014,2026-09-11 14:53:29.620081,2026-12-10 14:53:29.620081
CLS-001276,CRD-001276,CLI-003163,2022-03-23,Saine,A,Stage 1,0,0.0154,0.5258,12813.42,103.51,118.02,116.3,0.0,0,,0,,Normal,Classification automatique,VAL-015,2026-09-11 14:53:29.623078,2026-12-10 14:53:29.623078
CLS-001277,CRD-001277,CLI-002946,2025-07-10,Saine,B,Stage 1,0,0.0081,0.7056,54871.67,314.95,351.72,342.71,0.0,0,,0,,Normal,Classification automatique,VAL-010,2026-09-11 14:53:29.626236,2026-12-10 14:53:29.626236
CLS-001278,CRD-001278,CLI-003917,2026-03-20,Saine,B,Stage 1,0,0.0052,0.7182,118.36,0.44,0.48,0.47,0.0,0,,0,,Normal,Classification automatique,VAL-013,2026-09-11 14:53:29.629237,2026-12-10 14:53:29.629237
CLS-001279,CRD-001279,CLI-002917,2024-03-19,Saine,B,Stage 1,0,0.0125,0.5382,469915.38,3149.41,3614.55,3468.49,0.0,0,,0,,Normal,Classification automatique,VAL-004,2026-09-11 14:53:29.633258,2026-12-10 14:53:29.633258
CLS-001280,CRD-001280,CLI-001103,2025-02-23,Saine,C,Stage 1,0,0.0163,0.5166,49691.92,417.9,493.7,481.91,0.0,0,,0,,Normal,Classification automatique,VAL-009,2026-09-11 14:53:29.636259,2026-12-10 14:53:29.636259
CLS-001281,CRD-001281,CLI-001449,2026-10-25,Saine,C,Stage 1,0,0.0089,0.5228,150230.59,698.02,761.85,741.58,0.0,0,,0,,Normal,Classification automatique,VAL-010,2026-09-11 14:53:29.638259,2026-12-10 14:53:29.638259
CLS-001282,CRD-001282,CLI-001721,2023-04-25,Saine,B,Stage 1,0,0.018,0.3762,26224.04,177.9,197.98,194.16,0.0,0,,0,,Normal,Classification automatique,VAL-008,2026-09-11 14:53:29.641255,2026-12-10 14:53:29.641255
CLS-001283,CRD-001283,CLI-004519,2024-01-08,Saine,C,Stage 1,0,0.0139,0.2839,42799.06,169.2,172.52,166.55,0.0,0,,0,,Normal,Classification automatique,VAL-006,2026-09-11 14:53:29.644254,2026-12-10 14:53:29.644254
CLS-001284,CRD-001284,CLI-003843,2026-01-22,Saine,A,Stage 1,0,0.0113,0.5116,13942.25,80.74,84.42,80.49,0.0,0,,0,,Normal,Classification automatique,VAL-017,2026-09-11 14:53:29.647258,2026-12-10 14:53:29.647258
CLS-001285,CRD-001285,CLI-000157,2024-09-27,Saine,C,Stage 1,0,0.0187,0.4923,2197842.55,20187.8,21471.27,20761.68,0.0,0,,0,,Normal,Classification automatique,VAL-002,2026-09-11 14:53:29.650255,2026-12-10 14:53:29.650255
CLS-001286,CRD-001286,CLI-002979,2023-07-11,Saine,C,Stage 1,0,0.0196,0.4471,86035.18,752.87,793.59,774.31,0.0,0,,0,,Normal,Classification automatique,VAL-002,2026-09-11 14:53:29.653259,2026-12-10 14:53:29.653259
CLS-001287,CRD-001287,CLI-001774,2023-03-30,Saine,A,Stage 1,0,0.0194,0.4946,98009.13,939.45,1016.64,1002.06,0.0,0,,0,,Normal,Classification automatique,VAL-011,2026-09-11 14:53:29.656258,2026-12-10 14:53:29.656258
CLS-001288,CRD-001288,CLI-000616,2025-11-27,Saine,C,Stage 1,0,0.0173,0.3777,41202.83,269.09,282.85,269.2,0.0,0,,0,,Normal,Classification automatique,VAL-018,2026-09-11 14:53:29.659258,2026-12-10 14:53:29.659258
CLS-001289,CRD-001289,CLI-000644,2025-09-23,Saine,C,Stage 1,0,0.0116,0.4375,11633.07,59.13,68.95,66.82,0.0,0,,0,,Normal,Classification automatique,VAL-011,2026-09-11 14:53:29.662241,2026-12-10 14:53:29.662241
CLS-001290,CRD-001290,CLI-001936,2026-01-09,Saine,A,Stage 1,0,0.0098,0.3429,176601.24,592.21,710.39,691.98,0.0,0,,0,,Normal,Classification automatique,VAL-002,2026-09-11 14:53:29.665240,2026-12-10 14:53:29.665240
CLS-001291,CRD-001291,CLI-004278,2022-12-22,Saine,B,Stage 1,0,0.0143,0.2947,28595.06,120.27,126.36,122.57,0.0,0,,0,,Normal,Classification automatique,VAL-013,2026-09-11 14:53:29.668442,2026-12-10 14:53:29.668442
CLS-001292,CRD-001292,CLI-001069,2024-04-26,Saine,B,Stage 1,0,0.0084,0.418,6436.19,22.59,24.44,24.31,0.0,0,,0,,Normal,Classification automatique,VAL-008,2026-09-11 14:53:29.670441,2026-12-10 14:53:29.670441
CLS-001293,CRD-001293,CLI-004455,2026-02-13,Saine,C,Stage 1,0,0.0114,0.4465,0.0,0.0,0.0,0.0,0.0,0,,0,,Normal,Classification automatique,VAL-016,2026-09-11 14:53:29.673727,2026-12-10 14:53:29.673727
CLS-001294,CRD-001294,CLI-004155,2024-04-23,Saine,C,Stage 1,0,0.0094,0.4427,52664.08,218.46,249.25,239.38,0.0,0,,0,,Normal,Classification automatique,VAL-017,2026-09-11 14:53:29.677838,2026-12-10 14:53:29.677838
CLS-001295,CRD-001295,CLI-004240,2024-09-27,Saine,C,Stage 1,0,0.0133,0.2471,14173.02,46.51,48.28,46.44,0.0,0,,0,,Normal,Classification automatique,VAL-011,2026-09-11 14:53:29.680842,2026-12-10 14:53:29.680842
CLS-001296,CRD-001296,CLI-004869,2026-11-30,Saine,C,Stage 1,0,0.0143,0.4071,269214.96,1566.3,1622.43,1586.63,0.0,0,,0,,Normal,Classification automatique,VAL-006,2026-09-11 14:53:29.682843,2026-12-10 14:53:29.682843
CLS-001297,CRD-001297,CLI-000331,2023-12-03,Saine,A,Stage 1,0,0.0123,0.4242,49597.87,258.89,305.84,298.97,0.0,0,,0,,Normal,Classification automatique,VAL-004,2026-09-11 14:53:29.685842,2026-12-10 14:53:29.685842
CLS-001298,CRD-001298,CLI-002058,2022-10-18,Saine,B,Stage 1,0,0.0155,0.4732,9540.13,69.75,75.9,73.0,0.0,0,,0,,Normal,Classification automatique,VAL-003,2026-09-11 14:53:29.687816,2026-12-10 14:53:29.687816
CLS-001299,CRD-001299,CLI-002647,2022-09-21,Saine,C,Stage 1,0,0.0171,0.7345,191480.52,2400.95,2871.5,2843.85,0.0,0,,0,,Normal,Classification automatique,VAL-002,2026-09-11 14:53:29.690842,2026-12-10 14:53:29.690842
CLS-001300,CRD-001300,CLI-002192,2025-10-17,Saine,C,Stage 1,0,0.0104,0.52,2579.01,13.97,15.99,15.4,0.0,0,,0,,Normal,Classification automatique,VAL-005,2026-09-11 14:53:29.693841,2026-12-10 14:53:29.693841
CLS-001301,CRD-001301,CLI-000623,2025-08-05,Saine,C,Stage 1,0,0.0081,0.617,30171.5,149.97,164.44,159.61,0.0,0,,0,,Normal,Classification automatique,VAL-007,2026-09-11 14:53:29.696842,2026-12-10 14:53:29.696842
CLS-001302,CRD-001302,CLI-001596,2022-12-25,Saine,A,Stage 1,0,0.0174,0.4085,3912.64,27.84,31.31,30.3,0.0,0,,0,,Normal,Classification automatique,VAL-020,2026-09-11 14:53:29.698845,2026-12-10 14:53:29.698845
CLS-001303,CRD-001303,CLI-002916,2026-10-14,Saine,C,Stage 1,0,0.0067,0.3726,32602.48,81.21,82.6,82.0,0.0,0,,0,,Normal,Classification automatique,VAL-011,2026-09-11 14:53:29.701838,2026-12-10 14:53:29.701838
CLS-001304,CRD-001304,CLI-004822,2023-08-08,Saine,C,Stage 1,0,0.0152,0.2242,13363.08,45.59,50.43,48.24,0.0,0,,0,,Normal,Classification automatique,VAL-012,2026-09-11 14:53:29.703844,2026-12-10 14:53:29.703844
CLS-001305,CRD-001305,CLI-003899,2024-05-15,Saine,B,Stage 2,30,0.0329,0.5251,3514.12,60.77,67.49,67.35,0.0,0,,0,,Normal,Classification automatique,VAL-003,2026-09-11 14:53:29.708819,2026-12-10 14:53:29.708819
CLS-001306,CRD-001306,CLI-001920,2026-04-09,Saine,B,Stage 1,0,0.0118,0.5055,67816.41,405.13,421.44,401.35,0.0,0,,0,,Normal,Classification automatique,VAL-013,2026-09-11 14:53:29.712841,2026-12-10 14:53:29.712841
CLS-001307,CRD-001307,CLI-004174,2025-11-17,Douteuse,D,Stage 3,238,0.572,0.3576,42720.1,8738.48,9863.43,9655.79,0.5,0,,1,2026-02-07,Retard de paiement,Classification automatique,VAL-018,2026-09-11 14:53:29.715841,2026-12-10 14:53:29.715841
CLS-001308,CRD-001308,CLI-004478,2023-03-12,Saine,B,Stage 1,0,0.0152,0.3666,3013.89,16.78,18.5,17.92,0.0,0,,0,,Normal,Classification automatique,VAL-015,2026-09-11 14:53:29.717842,2026-12-10 14:53:29.717842
CLS-001309,CRD-001309,CLI-000756,2024-08-23,Saine,B,Stage 1,0,0.0093,0.4569,26629.85,113.59,115.79,110.79,0.0,0,,0,,Normal,Classification automatique,VAL-018,2026-09-11 14:53:29.720843,2026-12-10 14:53:29.720843
CLS-001310,CRD-001310,CLI-000519,2025-06-09,Saine,B,Stage 1,0,0.0052,0.4619,91596.54,218.25,244.75,236.12,0.0,0,,0,,Normal,Classification automatique,VAL-010,2026-09-11 14:53:29.722843,2026-12-10 14:53:29.722843
CLS-001311,CRD-001311,CLI-003804,2025-12-05,Saine,C,Stage 1,0,0.0082,0.4308,811864.91,2858.32,3228.87,3108.33,0.0,0,,0,,Normal,Classification automatique,VAL-013,2026-09-11 14:53:29.725838,2026-12-10 14:53:29.725838
CLS-001312,CRD-001312,CLI-000033,2025-04-11,Saine,C,Stage 1,0,0.0194,0.3621,3922.52,27.56,30.17,29.78,0.0,0,,0,,Normal,Classification automatique,VAL-007,2026-09-11 14:53:29.728823,2026-12-10 14:53:29.728823
CLS-001313,CRD-001313,CLI-002938,2023-03-29,Douteuse,D,Stage 3,202,0.4102,0.3852,6692.91,1057.34,1267.07,1249.9,0.5,0,,1,2023-05-07,Retard de paiement,Classification automatique,VAL-015,2026-09-11 14:53:29.731825,2026-12-10 14:53:29.731825
CLS-001314,CRD-001314,CLI-001158,2023-10-23,Saine,B,Stage 1,0,0.0192,0.2953,235513.0,1334.94,1584.41,1523.9,0.0,0,,0,,Normal,Classification automatique,VAL-003,2026-09-11 14:53:29.734823,2026-12-10 14:53:29.734823
CLS-001315,CRD-001315,CLI-000745,2022-11-22,Saine,A,Stage 1,0,0.012,0.2702,342170.91,1108.72,1136.72,1080.19,0.0,0,,0,,Normal,Classification automatique,VAL-012,2026-09-11 14:53:29.736823,2026-12-10 14:53:29.736823
CLS-001316,CRD-001316,CLI-001498,2026-04-19,Saine,B,Stage 1,0,0.0141,0.4792,10428.16,70.49,76.63,73.33,0.0,0,,0,,Normal,Classification automatique,VAL-020,2026-09-11 14:53:29.739822,2026-12-10 14:53:29.739822
CLS-001317,CRD-001317,CLI-003460,2026-12-05,Saine,A,Stage 1,0,0.0164,0.4042,2620.43,17.35,18.41,17.62,0.0,0,,0,,Normal,Classification automatique,VAL-005,2026-09-11 14:53:29.742823,2026-12-10 14:53:29.742823
CLS-001318,CRD-001318,CLI-003756,2024-04-17,Saine,C,Stage 1,0,0.0193,0.6825,3437.48,45.23,47.3,46.4,0.0,0,,0,,Normal,Classification automatique,VAL-009,2026-09-11 14:53:29.744822,2026-12-10 14:53:29.744822
CLS-001319,CRD-001319,CLI-002592,2023-07-13,Saine,B,Stage 1,0,0.0151,0.5087,840624.57,6470.55,7135.36,6995.64,0.0,0,,0,,Normal,Classification automatique,VAL-020,2026-09-11 14:53:29.747822,2026-12-10 14:53:29.747822
CLS-001320,CRD-001320,CLI-000784,2023-05-26,Saine,C,Stage 1,0,0.0091,0.5363,3179.27,15.48,17.04,16.96,0.0,0,,0,,Normal,Classification automatique,VAL-007,2026-09-11 14:53:29.751085,2026-12-10 14:53:29.751085
CLS-001321,CRD-001321,CLI-003494,2026-05-06,Saine,C,Stage 1,0,0.0108,0.4625,296990.7,1486.19,1494.16,1431.57,0.0,0,,0,,Normal,Classification automatique,VAL-014,2026-09-11 14:53:29.753084,2026-12-10 14:53:29.753084
CLS-001322,CRD-001322,CLI-002950,2024-01-01,Douteuse,D,Stage 3,269,0.3662,0.3635,7976.17,1061.87,1169.04,1139.36,0.5,0,,1,2023-12-02,Retard de paiement,Classification automatique,VAL-003,2026-09-11 14:53:29.756084,2026-12-10 14:53:29.756084
CLS-001323,CRD-001323,CLI-000230,2023-06-26,Saine,C,Stage 1,0,0.0152,0.3331,1089.22,5.51,5.54,5.28,0.0,0,,0,,Normal,Classification automatique,VAL-014,2026-09-11 14:53:29.759085,2026-12-10 14:53:29.759085
CLS-001324,CRD-001324,CLI-000858,2023-01-12,Saine,B,Stage 1,0,0.0138,0.2052,14730.59,41.59,45.11,42.88,0.0,0,,0,,Normal,Classification automatique,VAL-001,2026-09-11 14:53:29.761085,2026-12-10 14:53:29.761085
CLS-001325,CRD-001325,CLI-002267,2022-09-04,Pré-douteuse,D,Stage 3,95,0.3406,0.4965,145379.49,24582.18,27360.48,26932.92,0.2,0,,0,,Retard de paiement,Classification automatique,VAL-018,2026-09-11 14:53:29.764085,2026-12-10 14:53:29.764085
CLS-001326,CRD-001326,CLI-004275,2023-04-19,Saine,B,Stage 1,0,0.0197,0.6657,782383.68,10241.76,11228.57,10977.37,0.0,0,,0,,Normal,Classification automatique,VAL-001,2026-09-11 14:53:29.766340,2026-12-10 14:53:29.766340
CLS-001327,CRD-001327,CLI-000409,2027-01-30,Saine,C,Stage 1,0,0.0147,0.4611,3332.4,22.66,26.6,25.61,0.0,0,,0,,Normal,Classification automatique,VAL-002,2026-09-11 14:53:29.769359,2026-12-10 14:53:29.769359
CLS-001328,CRD-001328,CLI-000171,2024-04-02,Saine,C,Stage 1,0,0.0183,0.2292,1167.99,4.91,5.43,5.27,0.0,0,,0,,Normal,Classification automatique,VAL-015,2026-09-11 14:53:29.772358,2026-12-10 14:53:29.772358
CLS-001329,CRD-001329,CLI-000541,2024-02-28,Saine,C,Stage 1,0,0.0082,0.3618,194675.16,580.37,694.1,662.17,0.0,0,,0,,Normal,Classification automatique,VAL-014,2026-09-11 14:53:29.774602,2026-12-10 14:53:29.774602
CLS-001330,CRD-001330,CLI-002211,2023-05-08,Saine,B,Stage 1,0,0.0188,0.458,4764.0,41.0,43.12,42.0,0.0,0,,0,,Normal,Classification automatique,VAL-012,2026-09-11 14:53:29.777606,2026-12-10 14:53:29.777606
CLS-001331,CRD-001331,CLI-002305,2025-07-15,Saine,B,Stage 1,0,0.0194,0.435,464891.38,3925.97,4319.88,4154.69,0.0,0,,0,,Normal,Classification automatique,VAL-006,2026-09-11 14:53:29.779607,2026-12-10 14:53:29.779607
CLS-001332,CRD-001332,CLI-002568,2026-08-17,Saine,C,Stage 1,0,0.0154,0.3202,365961.45,1805.03,2022.87,1927.97,0.0,0,,0,,Normal,Classification automatique,VAL-010,2026-09-11 14:53:29.782601,2026-12-10 14:53:29.782601
CLS-001333,CRD-001333,CLI-000614,2025-06-14,Pré-douteuse,D,Stage 3,100,0.2568,0.4197,33467.74,3606.97,3821.38,3705.84,0.2,0,,0,,Retard de paiement,Classification automatique,VAL-006,2026-09-11 14:53:29.784608,2026-12-10 14:53:29.784608
CLS-001334,CRD-001334,CLI-002102,2023-04-01,Saine,C,Stage 1,0,0.0073,0.4879,12608.33,44.88,51.51,49.52,0.0,0,,0,,Normal,Classification automatique,VAL-016,2026-09-11 14:53:29.787606,2026-12-10 14:53:29.787606
CLS-001335,CRD-001335,CLI-001809,2024-09-16,Saine,B,Stage 1,0,0.0134,0.3864,176217.89,912.57,953.78,933.74,0.0,0,,0,,Normal,Classification automatique,VAL-007,2026-09-11 14:53:29.789845,2026-12-10 14:53:29.789845
CLS-001336,CRD-001336,CLI-003439,2024-07-11,Saine,C,Stage 1,0,0.0086,0.359,490209.45,1520.66,1816.15,1727.44,0.0,0,,0,,Normal,Classification automatique,VAL-016,2026-09-11 14:53:29.793879,2026-12-10 14:53:29.793879
CLS-001337,CRD-001337,CLI-001162,2026-11-12,Saine,C,Stage 1,0,0.0196,0.3527,4033.75,27.92,30.33,28.99,0.0,0,,0,,Normal,Classification automatique,VAL-020,2026-09-11 14:53:29.797879,2026-12-10 14:53:29.797879
CLS-001338,CRD-001338,CLI-004226,2023-03-01,Saine,B,Stage 1,0,0.0155,0.3007,269957.6,1259.12,1495.84,1461.01,0.0,0,,0,,Normal,Classification automatique,VAL-008,2026-09-11 14:53:29.801878,2026-12-10 14:53:29.801878
CLS-001339,CRD-001339,CLI-003120,2026-05-19,Saine,C,Stage 1,0,0.0103,0.2448,638546.15,1608.46,1622.56,1612.16,0.0,0,,0,,Normal,Classification automatique,VAL-012,2026-09-11 14:53:29.805878,2026-12-10 14:53:29.805878
CLS-001340,CRD-001340,CLI-003653,2022-08-26,Saine,B,Stage 1,0,0.0097,0.7057,608669.21,4157.67,4266.23,4240.25,0.0,0,,0,,Normal,Classification automatique,VAL-003,2026-09-11 14:53:29.808901,2026-12-10 14:53:29.808901
CLS-001341,CRD-001341,CLI-001611,2025-09-15,Saine,B,Stage 1,0,0.0143,0.6458,2166.25,20.06,21.02,20.63,0.0,0,,0,,Normal,Classification automatique,VAL-004,2026-09-11 14:53:29.811879,2026-12-10 14:53:29.811879
CLS-001342,CRD-001342,CLI-001933,2022-04-29,Saine,C,Stage 1,0,0.0136,0.5547,23383.95,176.78,200.62,196.92,0.0,0,,0,,Normal,Classification automatique,VAL-020,2026-09-11 14:53:29.814885,2026-12-10 14:53:29.814885
CLS-001343,CRD-001343,CLI-003028,2027-02-28,Saine,C,Stage 1,0,0.0163,0.2989,7379.89,35.94,40.72,39.27,0.0,0,,0,,Normal,Classification automatique,VAL-017,2026-09-11 14:53:29.819883,2026-12-10 14:53:29.819883
CLS-001344,CRD-001344,CLI-000565,2026-01-08,Saine,C,Stage 1,0,0.0061,0.5096,1036.87,3.22,3.72,3.56,0.0,0,,0,,Normal,Classification automatique,VAL-003,2026-09-11 14:53:29.822883,2026-12-10 14:53:29.822883
CLS-001345,CRD-001345,CLI-003572,2022-07-24,Saine,A,Stage 1,0,0.0074,0.3506,35643.77,92.0,109.77,106.37,0.0,0,,0,,Normal,Classification automatique,VAL-020,2026-09-11 14:53:29.824886,2026-12-10 14:53:29.824886
CLS-001346,CRD-001346,CLI-004248,2026-08-11,Saine,B,Stage 1,0,0.0107,0.5168,16289.11,89.92,92.54,88.14,0.0,0,,0,,Normal,Classification automatique,VAL-008,2026-09-11 14:53:29.828883,2026-12-10 14:53:29.828883
CLS-001347,CRD-001347,CLI-002389,2025-05-19,Saine,C,Stage 1,0,0.015,0.4792,1099.99,7.91,9.15,8.9,0.0,0,,0,,Normal,Classification automatique,VAL-012,2026-09-11 14:53:29.831880,2026-12-10 14:53:29.831880
CLS-001348,CRD-001348,CLI-001472,2024-08-17,Saine,C,Stage 1,0,0.0158,0.5475,4085.74,35.27,37.68,36.41,0.0,0,,0,,Normal,Classification automatique,VAL-010,2026-09-11 14:53:29.834879,2026-12-10 14:53:29.834879
CLS-001349,CRD-001349,CLI-002631,2025-03-09,Saine,C,Stage 1,0,0.0076,0.205,79405.48,123.75,134.8,131.0,0.0,0,,0,,Normal,Classification automatique,VAL-013,2026-09-11 14:53:29.836881,2026-12-10 14:53:29.836881
CLS-001350,CRD-001350,CLI-001836,2024-09-06,Saine,B,Stage 1,0,0.013,0.5669,8456.13,62.34,69.97,69.72,0.0,0,,0,,Normal,Classification automatique,VAL-004,2026-09-11 14:53:29.839880,2026-12-10 14:53:29.839880
CLS-001351,CRD-001351,CLI-004929,2026-03-07,Saine,C,Stage 1,0,0.007,0.4365,79086.0,240.85,280.31,276.72,0.0,0,,0,,Normal,Classification automatique,VAL-005,2026-09-11 14:53:29.841881,2026-12-10 14:53:29.841881
CLS-001352,CRD-001352,CLI-003476,2026-06-27,Saine,C,Stage 1,0,0.0198,0.2068,136903.23,561.27,668.11,663.14,0.0,0,,0,,Normal,Classification automatique,VAL-017,2026-09-11 14:53:29.845879,2026-12-10 14:53:29.845879
CLS-001353,CRD-001353,CLI-001534,2023-05-25,Saine,C,Stage 1,0,0.017,0.4138,252895.01,1782.58,1973.45,1877.51,0.0,0,,0,,Normal,Classification automatique,VAL-002,2026-09-11 14:53:29.848884,2026-12-10 14:53:29.848884
CLS-001354,CRD-001354,CLI-004328,2026-07-22,Saine,C,Stage 1,0,0.014,0.6229,346592.27,3018.56,3150.74,3052.22,0.0,0,,0,,Normal,Classification automatique,VAL-015,2026-09-11 14:53:29.850885,2026-12-10 14:53:29.850885
CLS-001355,CRD-001355,CLI-002485,2023-08-16,Saine,B,Stage 1,0,0.0077,0.5045,2338.64,9.08,9.25,9.16,0.0,0,,0,,Normal,Classification automatique,VAL-011,2026-09-11 14:53:29.853885,2026-12-10 14:53:29.853885
CLS-001356,CRD-001356,CLI-004208,2026-12-29,Saine,A,Stage 1,0,0.0066,0.5863,137448.12,532.52,571.86,548.98,0.0,0,,0,,Normal,Classification automatique,VAL-004,2026-09-11 14:53:29.855885,2026-12-10 14:53:29.855885
CLS-001357,CRD-001357,CLI-001173,2024-12-08,Saine,C,Stage 1,0,0.0125,0.4532,4224.98,23.87,27.6,26.29,0.0,0,,0,,Normal,Classification automatique,VAL-005,2026-09-11 14:53:29.858877,2026-12-10 14:53:29.858877
CLS-001358,CRD-001358,CLI-001428,2026-01-24,Saine,C,Stage 1,0,0.01,0.5358,18615.0,99.45,110.95,109.45,0.0,0,,0,,Normal,Classification automatique,VAL-011,2026-09-11 14:53:29.861902,2026-12-10 14:53:29.861902
CLS-001359,CRD-001359,CLI-000326,2025-06-25,Saine,A,Stage 1,0,0.0149,0.4967,415127.96,3069.63,3567.07,3517.95,0.0,0,,0,,Normal,Classification automatique,VAL-012,2026-09-11 14:53:29.865015,2026-12-10 14:53:29.865015
CLS-001360,CRD-001360,CLI-001052,2026-01-14,Saine,A,Stage 1,0,0.0153,0.6167,23824.98,224.65,245.33,236.56,0.0,0,,0,,Normal,Classification automatique,VAL-017,2026-09-11 14:53:29.867042,2026-12-10 14:53:29.867042
CLS-001361,CRD-001361,CLI-003320,2024-04-29,Saine,B,Stage 1,0,0.0065,0.683,65348.11,289.26,341.25,325.94,0.0,1,,0,,Normal,Classification automatique,VAL-004,2026-09-11 14:53:29.870037,2026-12-10 14:53:29.870037
CLS-001362,CRD-001362,CLI-004722,2025-01-12,Saine,C,Stage 1,0,0.0177,0.4546,45903.69,369.55,410.42,404.41,0.0,0,,0,,Normal,Classification automatique,VAL-017,2026-09-11 14:53:29.873040,2026-12-10 14:53:29.873040
CLS-001363,CRD-001363,CLI-003865,2024-09-10,Saine,B,Stage 1,0,0.0173,0.4908,5856.81,49.62,57.82,56.23,0.0,0,,0,,Normal,Classification automatique,VAL-003,2026-09-11 14:53:29.875208,2026-12-10 14:53:29.875208
CLS-001364,CRD-001364,CLI-002604,2025-10-05,Saine,C,Stage 1,0,0.0183,0.4873,129927.2,1157.57,1298.28,1296.5,0.0,0,2026-04-27,0,,Normal,Classification automatique,VAL-003,2026-09-11 14:53:29.878206,2026-12-10 14:53:29.878206
CLS-001365,CRD-001365,CLI-001739,2026-08-04,Saine,B,Stage 2,2,0.0292,0.4957,10689.58,154.54,177.65,176.67,0.0,0,,0,,Normal,Classification automatique,VAL-020,2026-09-11 14:53:29.881210,2026-12-10 14:53:29.881210
CLS-001366,CRD-001366,CLI-001197,2023-11-07,Saine,A,Stage 1,0,0.0179,0.5049,870427.47,7857.87,8081.73,7967.09,0.0,0,,0,,Normal,Classification automatique,VAL-004,2026-09-11 14:53:29.883209,2026-12-10 14:53:29.883209
CLS-001367,CRD-001367,CLI-000621,2026-09-13,Saine,A,Stage 1,0,0.0188,0.4172,267048.06,2093.58,2463.92,2451.86,0.0,0,,0,,Normal,Classification automatique,VAL-006,2026-09-11 14:53:29.886211,2026-12-10 14:53:29.886211
CLS-001368,CRD-001368,CLI-001375,2024-12-27,Saine,C,Stage 1,0,0.008,0.4493,7204.54,26.05,26.12,24.83,0.0,0,,0,,Normal,Classification automatique,VAL-004,2026-09-11 14:53:29.888206,2026-12-10 14:53:29.888206
CLS-001369,CRD-001369,CLI-002880,2026-02-17,Saine,C,Stage 1,0,0.0179,0.7471,14533.67,193.99,210.01,204.64,0.0,0,,0,,Normal,Classification automatique,VAL-016,2026-09-11 14:53:29.891341,2026-12-10 14:53:29.891341
CLS-001370,CRD-001370,CLI-001190,2024-01-27,Saine,A,Stage 1,0,0.0133,0.5122,577.87,3.93,4.65,4.52,0.0,0,,0,,Normal,Classification automatique,VAL-014,2026-09-11 14:53:29.893345,2026-12-10 14:53:29.893345
CLS-001371,CRD-001371,CLI-000329,2025-09-06,Saine,A,Stage 1,0,0.008,0.3388,9034.21,24.61,25.26,24.5,0.0,0,,0,,Normal,Classification automatique,VAL-009,2026-09-11 14:53:29.896345,2026-12-10 14:53:29.896345
CLS-001372,CRD-001372,CLI-000649,2023-04-29,Saine,C,Stage 1,0,0.008,0.5314,79564.23,337.14,363.41,348.96,0.0,0,,0,,Normal,Classification automatique,VAL-002,2026-09-11 14:53:29.899504,2026-12-10 14:53:29.899504
CLS-001373,CRD-001373,CLI-000898,2025-11-25,Saine,B,Stage 1,0,0.0089,0.6116,11501.97,62.54,71.38,71.28,0.0,0,,0,,Normal,Classification automatique,VAL-020,2026-09-11 14:53:29.901542,2026-12-10 14:53:29.901542
CLS-001374,CRD-001374,CLI-003883,2023-11-23,Saine,B,Stage 1,0,0.0058,0.3524,95218.24,194.79,231.61,221.73,0.0,0,,0,,Normal,Classification automatique,VAL-017,2026-09-11 14:53:29.904539,2026-12-10 14:53:29.904539
CLS-001375,CRD-001375,CLI-001124,2023-02-16,Saine,A,Stage 1,0,0.0121,0.3736,50312.81,226.73,240.42,237.08,0.0,0,,0,,Normal,Classification automatique,VAL-004,2026-09-11 14:53:29.907541,2026-12-10 14:53:29.907541
CLS-001376,CRD-001376,CLI-001892,2022-07-10,Saine,C,Stage 1,0,0.0055,0.2525,39134.58,54.03,57.58,57.57,0.0,0,,0,,Normal,Classification automatique,VAL-001,2026-09-11 14:53:29.910554,2026-12-10 14:53:29.910554
CLS-001377,CRD-001377,CLI-004644,2023-08-04,Saine,C,Stage 1,0,0.0066,0.4231,5664.76,15.73,15.85,15.12,0.0,0,,0,,Normal,Classification automatique,VAL-002,2026-09-11 14:53:29.913558,2026-12-10 14:53:29.913558
CLS-001378,CRD-001378,CLI-004792,2023-07-07,Saine,A,Stage 1,0,0.0114,0.4364,15318.9,76.05,85.08,81.49,0.0,0,,0,,Normal,Classification automatique,VAL-015,2026-09-11 14:53:29.915559,2026-12-10 14:53:29.915559
CLS-001379,CRD-001379,CLI-004530,2025-12-07,Saine,B,Stage 1,0,0.0124,0.4815,19489.42,116.54,130.78,128.89,0.0,0,,0,,Normal,Classification automatique,VAL-008,2026-09-11 14:53:29.918560,2026-12-10 14:53:29.918560
CLS-001380,CRD-001380,CLI-004235,2022-12-06,Saine,C,Stage 1,0,0.0118,0.2118,0.0,0.0,0.0,0.0,0.0,0,,0,,Normal,Classification automatique,VAL-020,2026-09-11 14:53:29.921558,2026-12-10 14:53:29.921558
CLS-001381,CRD-001381,CLI-001594,2023-10-17,Saine,C,Stage 1,0,0.0106,0.275,84678.87,245.84,273.62,270.93,0.0,0,,0,,Normal,Classification automatique,VAL-003,2026-09-11 14:53:29.923560,2026-12-10 14:53:29.923560
CLS-001382,CRD-001382,CLI-003313,2024-04-26,Saine,C,Stage 1,0,0.0089,0.4033,170631.13,611.55,657.93,631.73,0.0,0,,0,,Normal,Classification automatique,VAL-020,2026-09-11 14:53:29.926536,2026-12-10 14:53:29.926536
CLS-001383,CRD-001383,CLI-002548,2025-12-15,Pré-douteuse,D,Stage 3,136,0.1563,0.2683,3065.02,128.51,132.23,129.39,0.2,0,,0,,Retard de paiement,Classification automatique,VAL-017,2026-09-11 14:53:29.929537,2026-12-10 14:53:29.929537
CLS-001384,CRD-001384,CLI-001546,2023-12-28,Saine,C,Stage 1,0,0.0066,0.4603,695389.3,2110.49,2408.04,2370.74,0.0,0,,0,,Normal,Classification automatique,VAL-019,2026-09-11 14:53:29.932536,2026-12-10 14:53:29.932536
CLS-001385,CRD-001385,CLI-004337,2025-05-25,Saine,C,Stage 1,0,0.0198,0.4388,19675.17,171.35,205.19,198.95,0.0,0,,0,,Normal,Classification automatique,VAL-019,2026-09-11 14:53:29.934538,2026-12-10 14:53:29.934538
CLS-001386,CRD-001386,CLI-001024,2024-10-24,Saine,B,Stage 1,0,0.0183,0.471,156973.95,1353.07,1400.45,1340.03,0.0,0,,0,,Normal,Classification automatique,VAL-020,2026-09-11 14:53:29.937537,2026-12-10 14:53:29.937537
CLS-001387,CRD-001387,CLI-001972,2025-12-11,Saine,C,Stage 1,0,0.0163,0.5064,65855.86,542.2,574.84,558.81,0.0,0,,0,,Normal,Classification automatique,VAL-006,2026-09-11 14:53:29.940540,2026-12-10 14:53:29.940540
CLS-001388,CRD-001388,CLI-004989,2024-10-05,Saine,C,Stage 1,0,0.0094,0.2001,84833.32,158.99,176.96,173.01,0.0,0,,0,,Normal,Classification automatique,VAL-013,2026-09-11 14:53:29.942542,2026-12-10 14:53:29.942542
CLS-001389,CRD-001389,CLI-001715,2022-03-24,Saine,B,Stage 1,0,0.0199,0.5459,36786.07,398.82,429.98,409.14,0.0,0,,0,,Normal,Classification automatique,VAL-002,2026-09-11 14:53:29.945542,2026-12-10 14:53:29.945542
CLS-001390,CRD-001390,CLI-001718,2023-11-10,Saine,A,Stage 1,0,0.0058,0.3598,16771.86,35.2,35.78,35.78,0.0,0,,0,,Normal,Classification automatique,VAL-017,2026-09-11 14:53:29.948541,2026-12-10 14:53:29.948541
CLS-001391,CRD-001391,CLI-001478,2023-10-02,Saine,B,Stage 1,0,0.0101,0.3915,69375.69,273.07,273.72,265.84,0.0,1,,0,,Normal,Classification automatique,VAL-010,2026-09-11 14:53:29.950542,2026-12-10 14:53:29.950542
CLS-001392,CRD-001392,CLI-000810,2023-01-27,Saine,A,Stage 1,0,0.0116,0.72,22222.92,185.0,187.14,184.29,0.0,0,,0,,Normal,Classification automatique,VAL-011,2026-09-11 14:53:29.953541,2026-12-10 14:53:29.953541
CLS-001393,CRD-001393,CLI-002851,2023-08-15,Saine,C,Stage 1,0,0.0137,0.5173,4150.1,29.32,32.57,31.68,0.0,0,,0,,Normal,Classification automatique,VAL-008,2026-09-11 14:53:29.955540,2026-12-10 14:53:29.955540
CLS-001394,CRD-001394,CLI-000979,2026-12-02,Saine,C,Stage 1,0,0.0112,0.6598,96871.48,718.18,830.98,810.38,0.0,0,,0,,Normal,Classification automatique,VAL-010,2026-09-11 14:53:29.958540,2026-12-10 14:53:29.958540
CLS-001395,CRD-001395,CLI-004688,2026-02-22,Saine,C,Stage 1,0,0.0186,0.55,27456.53,281.01,294.64,290.74,0.0,0,,0,,Normal,Classification automatique,VAL-013,2026-09-11 14:53:29.960540,2026-12-10 14:53:29.960540
CLS-001396,CRD-001396,CLI-004896,2023-01-08,Saine,C,Stage 1,0,0.0104,0.4881,45075.61,228.36,250.09,244.9,0.0,0,,0,,Normal,Classification automatique,VAL-003,2026-09-11 14:53:29.963537,2026-12-10 14:53:29.963537
CLS-001397,CRD-001397,CLI-001685,2022-11-04,Saine,B,Stage 1,0,0.02,0.4469,79209.88,706.76,750.17,729.03,0.0,0,,0,,Normal,Classification automatique,VAL-012,2026-09-11 14:53:29.966537,2026-12-10 14:53:29.966537
CLS-001398,CRD-001398,CLI-004661,2024-10-16,Saine,C,Stage 1,0,0.0196,0.4648,1527.94,13.89,16.52,16.44,0.0,0,,0,,Normal,Classification automatique,VAL-016,2026-09-11 14:53:29.969536,2026-12-10 14:53:29.969536
CLS-001399,CRD-001399,CLI-001515,2022-06-11,Saine,C,Stage 1,0,0.0164,0.245,3453.4,13.87,15.83,15.82,0.0,0,,0,,Normal,Classification automatique,VAL-016,2026-09-11 14:53:29.971536,2026-12-10 14:53:29.971536
CLS-001400,CRD-001400,CLI-002405,2023-03-20,Saine,C,Stage 1,0,0.0184,0.4521,1091.17,9.06,9.99,9.84,0.0,0,,0,,Normal,Classification automatique,VAL-004,2026-09-11 14:53:29.974561,2026-12-10 14:53:29.974561
CLS-001401,CRD-001401,CLI-002022,2023-08-02,Saine,C,Stage 1,0,0.0088,0.4407,4005.72,15.47,15.83,15.06,0.0,0,,0,,Normal,Classification automatique,VAL-020,2026-09-11 14:53:29.977554,2026-12-10 14:53:29.977554
CLS-001402,CRD-001402,CLI-004554,2025-08-22,Saine,B,Stage 1,0,0.0085,0.2104,2268.15,4.08,4.8,4.69,0.0,0,,0,,Normal,Classification automatique,VAL-004,2026-09-11 14:53:29.980559,2026-12-10 14:53:29.980559
CLS-001403,CRD-001403,CLI-001768,2024-07-03,Saine,B,Stage 1,0,0.0169,0.2229,7406.68,27.9,30.78,29.59,0.0,0,,0,,Normal,Classification automatique,VAL-015,2026-09-11 14:53:29.982560,2026-12-10 14:53:29.982560
CLS-001404,CRD-001404,CLI-000175,2024-09-11,Saine,B,Stage 1,0,0.0145,0.4902,67675.62,481.71,553.5,536.03,0.0,0,,0,,Normal,Classification automatique,VAL-020,2026-09-11 14:53:29.985558,2026-12-10 14:53:29.985558
CLS-001405,CRD-001405,CLI-001555,2021-12-19,Saine,C,Stage 1,0,0.0157,0.5292,3589.1,29.82,33.16,32.72,0.0,0,,0,,Normal,Classification automatique,VAL-013,2026-09-11 14:53:29.987554,2026-12-10 14:53:29.987554
CLS-001406,CRD-001406,CLI-004216,2024-06-08,Saine,B,Stage 1,0,0.0132,0.2938,452400.18,1751.75,1789.9,1782.48,0.0,1,,0,,Normal,Classification automatique,VAL-009,2026-09-11 14:53:29.990558,2026-12-10 14:53:29.990558
CLS-001407,CRD-001407,CLI-001483,2024-12-29,Saine,B,Stage 1,0,0.0068,0.2399,29849.55,48.76,58.27,58.2,0.0,0,,0,,Normal,Classification automatique,VAL-008,2026-09-11 14:53:29.993536,2026-12-10 14:53:29.993536
CLS-001408,CRD-001408,CLI-004462,2022-10-21,Douteuse,D,Stage 3,263,0.448,0.4466,47227.87,9450.15,10992.07,10653.46,0.5,0,,1,2023-03-01,Retard de paiement,Classification automatique,VAL-015,2026-09-11 14:53:29.996537,2026-12-10 14:53:29.996537
CLS-001409,CRD-001409,CLI-000218,2025-07-18,Saine,C,Stage 1,0,0.0101,0.4359,134065.47,591.95,667.2,659.33,0.0,0,,0,,Normal,Classification automatique,VAL-015,2026-09-11 14:53:29.998538,2026-12-10 14:53:29.998538
CLS-001410,CRD-001410,CLI-003915,2023-10-09,Saine,A,Stage 1,0,0.0074,0.4068,6641.43,20.1,20.95,20.61,0.0,0,,0,,Normal,Classification automatique,VAL-012,2026-09-11 14:53:30.001745,2026-12-10 14:53:30.001745
CLS-001411,CRD-001411,CLI-003721,2022-11-13,Saine,C,Stage 1,0,0.0152,0.2452,353340.47,1318.48,1437.12,1386.27,0.0,0,2022-12-03,0,,Normal,Classification automatique,VAL-014,2026-09-11 14:53:30.004726,2026-12-10 14:53:30.004726
CLS-001412,CRD-001412,CLI-000691,2022-03-22,Saine,B,Stage 1,0,0.0183,0.5289,260436.68,2515.77,2794.05,2741.91,0.0,0,,0,,Normal,Classification automatique,VAL-001,2026-09-11 14:53:30.007727,2026-12-10 14:53:30.007727
CLS-001413,CRD-001413,CLI-002578,2022-03-29,Pré-douteuse,D,Stage 3,112,0.2621,0.4557,51321.24,6129.58,6433.63,6180.0,0.2,0,,0,,Retard de paiement,Classification automatique,VAL-013,2026-09-11 14:53:30.010726,2026-12-10 14:53:30.010726
CLS-001414,CRD-001414,CLI-002234,2024-01-09,Saine,A,Stage 1,0,0.0153,0.3943,5256.07,31.71,37.83,36.52,0.0,0,,0,,Normal,Classification automatique,VAL-011,2026-09-11 14:53:30.013726,2026-12-10 14:53:30.013726
CLS-001415,CRD-001415,CLI-002239,2022-10-28,Saine,C,Stage 1,0,0.0191,0.2428,63373.3,294.26,313.05,300.31,0.0,0,,0,,Normal,Classification automatique,VAL-019,2026-09-11 14:53:30.016727,2026-12-10 14:53:30.016727
CLS-001416,CRD-001416,CLI-001107,2022-12-22,Saine,B,Stage 1,0,0.0156,0.4958,14286.26,110.15,115.27,113.92,0.0,0,,0,,Normal,Classification automatique,VAL-001,2026-09-11 14:53:30.019745,2026-12-10 14:53:30.019745
CLS-001417,CRD-001417,CLI-001790,2024-11-09,Saine,A,Stage 1,0,0.016,0.2399,23898.13,91.46,101.23,100.03,0.0,0,,0,,Normal,Classification automatique,VAL-014,2026-09-11 14:53:30.022745,2026-12-10 14:53:30.022745
CLS-001418,CRD-001418,CLI-003189,2024-09-19,Pré-douteuse,D,Stage 3,104,0.3094,0.2096,4617.4,299.41,300.46,288.85,0.2,0,,0,,Retard de paiement,Classification automatique,VAL-008,2026-09-11 14:53:30.026740,2026-12-10 14:53:30.026740
CLS-001419,CRD-001419,CLI-002437,2025-12-10,Saine,A,Stage 1,0,0.0111,0.2468,4234.49,11.63,12.08,11.56,0.0,0,,0,,Normal,Classification automatique,VAL-019,2026-09-11 14:53:30.029737,2026-12-10 14:53:30.029737
CLS-001420,CRD-001420,CLI-000612,2022-12-26,Saine,B,Stage 1,0,0.0166,0.3785,27409.8,171.71,178.81,177.22,0.0,0,,0,,Normal,Classification automatique,VAL-004,2026-09-11 14:53:30.031746,2026-12-10 14:53:30.031746
CLS-001421,CRD-001421,CLI-003661,2026-10-15,Saine,B,Stage 1,0,0.0097,0.3306,1696.21,5.43,5.63,5.55,0.0,0,,0,,Normal,Classification automatique,VAL-020,2026-09-11 14:53:30.034746,2026-12-10 14:53:30.034746
CLS-001422,CRD-001422,CLI-003712,2023-02-25,Saine,B,Stage 1,0,0.0115,0.4349,14732.02,73.53,83.91,83.05,0.0,0,,0,,Normal,Classification automatique,VAL-004,2026-09-11 14:53:30.037747,2026-12-10 14:53:30.037747
CLS-001423,CRD-001423,CLI-000577,2027-08-02,Douteuse,D,Stage 3,278,0.3751,0.4967,376486.37,70150.08,77904.59,76055.66,0.5,0,,1,2027-06-03,Retard de paiement,Classification automatique,VAL-007,2026-09-11 14:53:30.039747,2026-12-10 14:53:30.039747
CLS-001424,CRD-001424,CLI-002064,2026-05-07,Saine,C,Stage 1,0,0.0063,0.6161,15625.91,61.11,71.76,69.4,0.0,0,,0,,Normal,Classification automatique,VAL-008,2026-09-11 14:53:30.043746,2026-12-10 14:53:30.043746
CLS-001425,CRD-001425,CLI-004436,2024-11-06,Saine,B,Stage 1,0,0.0194,0.3886,2896.68,21.85,21.86,20.79,0.0,0,,0,,Normal,Classification automatique,VAL-009,2026-09-11 14:53:30.045747,2026-12-10 14:53:30.045747
CLS-001426,CRD-001426,CLI-001181,2022-06-09,Saine,C,Stage 1,0,0.0069,0.3724,40322.94,104.24,109.56,108.0,0.0,0,,0,,Normal,Classification automatique,VAL-012,2026-09-11 14:53:30.048742,2026-12-10 14:53:30.048742
CLS-001427,CRD-001427,CLI-000889,2024-08-31,Saine,A,Stage 1,0,0.0102,0.5403,18083.03,99.32,111.58,111.0,0.0,0,,0,,Normal,Classification automatique,VAL-019,2026-09-11 14:53:30.051722,2026-12-10 14:53:30.051722
CLS-001428,CRD-001428,CLI-003129,2024-05-20,Saine,C,Stage 1,0,0.0093,0.5239,7188.52,34.95,38.77,38.7,0.0,0,,0,,Normal,Classification automatique,VAL-020,2026-09-11 14:53:30.053726,2026-12-10 14:53:30.053726
CLS-001429,CRD-001429,CLI-001733,2022-11-17,Saine,C,Stage 2,81,0.0608,0.4402,3585.43,95.89,107.3,102.46,0.0,0,,0,,Retard de paiement,Classification automatique,VAL-011,2026-09-11 14:53:30.056723,2026-12-10 14:53:30.056723
CLS-001430,CRD-001430,CLI-002664,2026-04-23,Saine,B,Stage 1,0,0.0103,0.2797,10849.57,31.37,36.3,34.77,0.0,0,,0,,Normal,Classification automatique,VAL-011,2026-09-11 14:53:30.059724,2026-12-10 14:53:30.059724
CLS-001431,CRD-001431,CLI-000818,2023-05-29,Saine,C,Stage 1,0,0.0075,0.4606,13723.64,47.28,54.36,52.06,0.0,0,,0,,Normal,Classification automatique,VAL-014,2026-09-11 14:53:30.061747,2026-12-10 14:53:30.061747
CLS-001432,CRD-001432,CLI-003278,2024-10-04,Saine,C,Stage 1,0,0.0146,0.403,367104.19,2159.86,2338.78,2223.51,0.0,0,,0,,Normal,Classification automatique,VAL-006,2026-09-11 14:53:30.064856,2026-12-10 14:53:30.064856
CLS-001433,CRD-001433,CLI-001860,2026-11-05,Saine,A,Stage 1,0,0.0074,0.7207,11570.23,61.84,69.1,68.5,0.0,0,,0,,Normal,Classification automatique,VAL-004,2026-09-11 14:53:30.067863,2026-12-10 14:53:30.067863
CLS-001434,CRD-001434,CLI-000209,2026-11-15,Pré-douteuse,D,Stage 3,155,0.2954,0.4709,370406.55,51519.73,53282.26,51639.22,0.2,0,,0,,Retard de paiement,Classification automatique,VAL-012,2026-09-11 14:53:30.070863,2026-12-10 14:53:30.070863
CLS-001435,CRD-001435,CLI-000294,2025-03-18,Saine,A,Stage 1,0,0.0196,0.5102,16872.95,169.16,185.48,182.56,0.0,0,,0,,Normal,Classification automatique,VAL-009,2026-09-11 14:53:30.072863,2026-12-10 14:53:30.072863
CLS-001436,CRD-001436,CLI-001120,2022-06-13,Saine,B,Stage 1,0,0.0137,0.584,901317.34,7203.51,7935.33,7647.95,0.0,0,,0,,Normal,Classification automatique,VAL-019,2026-09-11 14:53:30.076092,2026-12-10 14:53:30.076092
CLS-001437,CRD-001437,CLI-002214,2025-07-23,Saine,A,Stage 1,0,0.0136,0.3979,84144.43,456.66,503.08,489.82,0.0,0,,0,,Normal,Classification automatique,VAL-002,2026-09-11 14:53:30.079098,2026-12-10 14:53:30.079098
CLS-001438,CRD-001438,CLI-001610,2025-02-03,Saine,B,Stage 1,0,0.0166,0.4933,3700.5,30.25,30.52,29.45,0.0,0,,0,,Normal,Classification automatique,VAL-001,2026-09-11 14:53:30.081098,2026-12-10 14:53:30.081098
CLS-001439,CRD-001439,CLI-001265,2026-07-07,Douteuse,D,Stage 3,258,0.5589,0.526,68814.25,20231.82,24081.68,22989.1,0.5,0,,1,2026-10-12,Retard de paiement,Classification automatique,VAL-010,2026-09-11 14:53:30.084098,2026-12-10 14:53:30.084098
CLS-001440,CRD-001440,CLI-000991,2022-09-27,Saine,B,Stage 1,0,0.0097,0.4305,32695.0,136.38,144.32,141.14,0.0,0,2026-05-02,0,,Normal,Classification automatique,VAL-006,2026-09-11 14:53:30.087098,2026-12-10 14:53:30.087098
CLS-001441,CRD-001441,CLI-004198,2024-12-16,Saine,A,Stage 1,0,0.0096,0.2185,107766.75,225.49,265.64,264.59,0.0,0,,0,,Normal,Classification automatique,VAL-004,2026-09-11 14:53:30.089097,2026-12-10 14:53:30.089097
CLS-001442,CRD-001442,CLI-001617,2025-06-07,Saine,C,Stage 1,0,0.0169,0.5198,19257.44,169.23,180.45,176.38,0.0,0,,0,,Normal,Classification automatique,VAL-007,2026-09-11 14:53:30.092290,2026-12-10 14:53:30.092290
CLS-001443,CRD-001443,CLI-000354,2023-01-01,Saine,C,Stage 1,0,0.0176,0.4386,16561.4,127.6,128.61,126.81,0.0,0,,0,,Normal,Classification automatique,VAL-003,2026-09-11 14:53:30.094290,2026-12-10 14:53:30.094290
CLS-001444,CRD-001444,CLI-004558,2022-11-02,Saine,C,Stage 1,0,0.0188,0.3551,20229.71,134.74,152.92,146.59,0.0,0,,0,,Normal,Classification automatique,VAL-019,2026-09-11 14:53:30.097290,2026-12-10 14:53:30.097290
CLS-001445,CRD-001445,CLI-002023,2027-02-28,Saine,C,Stage 1,0,0.0124,0.3364,177843.73,744.14,836.11,802.08,0.0,0,,0,,Normal,Classification automatique,VAL-002,2026-09-11 14:53:30.100471,2026-12-10 14:53:30.100471
CLS-001446,CRD-001446,CLI-003691,2023-02-11,Saine,C,Stage 1,0,0.0128,0.5128,9763.52,63.89,71.35,71.21,0.0,0,,0,,Normal,Classification automatique,VAL-003,2026-09-11 14:53:30.102471,2026-12-10 14:53:30.102471
CLS-001447,CRD-001447,CLI-002556,2022-06-08,Saine,B,Stage 1,0,0.0186,0.5448,90377.94,917.72,1072.66,1060.96,0.0,0,,0,,Normal,Classification automatique,VAL-020,2026-09-11 14:53:30.105471,2026-12-10 14:53:30.105471
CLS-001448,CRD-001448,CLI-003049,2026-10-04,Saine,C,Stage 1,0,0.0065,0.4719,91677.2,283.21,304.46,289.68,0.0,0,,0,,Normal,Classification automatique,VAL-006,2026-09-11 14:53:30.108471,2026-12-10 14:53:30.108471
CLS-001449,CRD-001449,CLI-001229,2023-02-01,Saine,B,Stage 1,0,0.0094,0.6017,3594.11,20.33,22.06,21.92,0.0,0,,0,,Normal,Classification automatique,VAL-004,2026-09-11 14:53:30.110471,2026-12-10 14:53:30.110471
CLS-001450,CRD-001450,CLI-000260,2023-05-30,Saine,B,Stage 1,0,0.0192,0.3284,1863.11,11.74,14.01,13.52,0.0,0,,0,,Normal,Classification automatique,VAL-013,2026-09-11 14:53:30.113472,2026-12-10 14:53:30.113472
CLS-001451,CRD-001451,CLI-001520,2024-06-23,Saine,A,Stage 1,0,0.0158,0.5374,20187.5,171.68,204.02,200.71,0.0,0,,0,,Normal,Classification automatique,VAL-008,2026-09-11 14:53:30.116663,2026-12-10 14:53:30.116663
CLS-001452,CRD-001452,CLI-001778,2026-02-01,Saine,B,Stage 1,0,0.0113,0.4903,1437.94,7.98,8.62,8.49,0.0,0,,0,,Normal,Classification automatique,VAL-016,2026-09-11 14:53:30.119663,2026-12-10 14:53:30.119663
CLS-001453,CRD-001453,CLI-004740,2024-03-26,Saine,A,Stage 1,0,0.008,0.3568,25182.79,72.23,75.58,71.92,0.0,0,,0,,Normal,Classification automatique,VAL-014,2026-09-11 14:53:30.121662,2026-12-10 14:53:30.121662
CLS-001454,CRD-001454,CLI-001771,2025-02-17,Saine,B,Stage 1,0,0.0126,0.6993,2066.39,18.22,19.0,18.22,0.0,0,,0,,Normal,Classification automatique,VAL-008,2026-09-11 14:53:30.125119,2026-12-10 14:53:30.125119
CLS-001455,CRD-001455,CLI-004354,2023-10-16,Saine,B,Stage 1,0,0.0087,0.4952,391675.66,1695.96,1745.88,1704.34,0.0,0,,0,,Normal,Classification automatique,VAL-001,2026-09-11 14:53:30.129141,2026-12-10 14:53:30.129141
CLS-001456,CRD-001456,CLI-000053,2025-01-08,Saine,A,Stage 1,0,0.013,0.3058,31828.4,126.23,138.43,134.61,0.0,0,,0,,Normal,Classification automatique,VAL-018,2026-09-11 14:53:30.131144,2026-12-10 14:53:30.131144
CLS-001457,CRD-001457,CLI-003474,2026-04-13,Saine,B,Stage 1,0,0.0128,0.3559,90021.49,409.82,474.54,456.73,0.0,0,,0,,Normal,Classification automatique,VAL-005,2026-09-11 14:53:30.134142,2026-12-10 14:53:30.134142
CLS-001458,CRD-001458,CLI-004684,2022-12-17,Saine,C,Stage 1,0,0.0076,0.6783,922742.53,4726.95,5091.45,5090.34,0.0,0,,0,,Normal,Classification automatique,VAL-001,2026-09-11 14:53:30.136144,2026-12-10 14:53:30.136144
CLS-001459,CRD-001459,CLI-004412,2024-04-27,Saine,B,Stage 1,0,0.0173,0.4885,64019.94,541.89,614.13,585.64,0.0,0,,0,,Normal,Classification automatique,VAL-019,2026-09-11 14:53:30.139142,2026-12-10 14:53:30.139142
CLS-001460,CRD-001460,CLI-002410,2022-07-20,Saine,B,Stage 1,0,0.0094,0.7422,14228.26,99.57,114.68,111.76,0.0,1,,0,,Normal,Classification automatique,VAL-010,2026-09-11 14:53:30.141138,2026-12-10 14:53:30.142142
CLS-001461,CRD-001461,CLI-002788,2023-09-22,Saine,C,Stage 1,0,0.0176,0.6185,7038.26,76.81,89.56,89.35,0.0,0,,0,,Normal,Classification automatique,VAL-007,2026-09-11 14:53:30.145119,2026-12-10 14:53:30.145119
CLS-001462,CRD-001462,CLI-002345,2023-05-07,Saine,B,Stage 1,0,0.0077,0.2506,6290.97,12.11,14.1,13.78,0.0,0,,0,,Normal,Classification automatique,VAL-013,2026-09-11 14:53:30.147121,2026-12-10 14:53:30.147121
CLS-001463,CRD-001463,CLI-001034,2027-02-01,Saine,C,Stage 1,0,0.006,0.4302,4999.37,12.86,13.98,13.79,0.0,0,,0,,Normal,Classification automatique,VAL-008,2026-09-11 14:53:30.150120,2026-12-10 14:53:30.150120
CLS-001464,CRD-001464,CLI-001098,2021-12-01,Saine,C,Stage 1,0,0.0094,0.2418,0.0,0.0,0.0,0.0,0.0,0,,0,,Normal,Classification automatique,VAL-012,2026-09-11 14:53:30.152122,2026-12-10 14:53:30.152122
CLS-001465,CRD-001465,CLI-000544,2023-07-20,Saine,C,Stage 1,0,0.0104,0.509,5328.22,28.12,29.0,28.61,0.0,0,,0,,Normal,Classification automatique,VAL-018,2026-09-11 14:53:30.155119,2026-12-10 14:53:30.155119
CLS-001466,CRD-001466,CLI-001047,2023-09-22,Saine,A,Stage 1,0,0.0081,0.5811,1735.93,8.13,9.11,8.71,0.0,0,,0,,Normal,Classification automatique,VAL-006,2026-09-11 14:53:30.158119,2026-12-10 14:53:30.158119
CLS-001467,CRD-001467,CLI-001895,2027-05-11,Saine,C,Stage 1,0,0.0103,0.5998,4308.12,26.65,27.24,26.43,0.0,0,,0,,Normal,Classification automatique,VAL-003,2026-09-11 14:53:30.160121,2026-12-10 14:53:30.160121
CLS-001468,CRD-001468,CLI-004377,2025-10-07,Saine,B,Stage 1,0,0.0078,0.2153,6857.08,11.46,12.62,12.03,0.0,0,,0,,Normal,Classification automatique,VAL-018,2026-09-11 14:53:30.163120,2026-12-10 14:53:30.163120
CLS-001469,CRD-001469,CLI-000031,2025-08-23,Saine,C,Stage 1,0,0.0079,0.5177,970.47,3.98,4.77,4.72,0.0,0,,0,,Normal,Classification automatique,VAL-016,2026-09-11 14:53:30.165120,2026-12-10 14:53:30.165120
CLS-001470,CRD-001470,CLI-000726,2025-09-17,Saine,C,Stage 1,0,0.0062,0.4344,145920.41,394.92,425.57,417.11,0.0,0,,0,,Normal,Classification automatique,VAL-011,2026-09-11 14:53:30.168323,2026-12-10 14:53:30.168323
CLS-001471,CRD-001471,CLI-004962,2023-03-21,Saine,A,Stage 1,0,0.0088,0.4878,4161.58,17.76,19.88,19.27,0.0,0,,0,,Normal,Classification automatique,VAL-010,2026-09-11 14:53:30.170328,2026-12-10 14:53:30.170328
CLS-001472,CRD-001472,CLI-004719,2022-12-28,Saine,B,Stage 1,0,0.0055,0.2769,1313.67,1.98,2.1,2.08,0.0,0,,0,,Normal,Classification automatique,VAL-017,2026-09-11 14:53:30.173580,2026-12-10 14:53:30.173580
CLS-001473,CRD-001473,CLI-003904,2027-04-23,Saine,A,Stage 1,0,0.0114,0.518,249626.01,1468.35,1580.16,1531.4,0.0,0,,0,,Normal,Classification automatique,VAL-019,2026-09-11 14:53:30.176605,2026-12-10 14:53:30.176605
CLS-001474,CRD-001474,CLI-001427,2022-07-19,Saine,B,Stage 1,0,0.0089,0.6996,10418.01,64.83,73.71,72.68,0.0,0,,0,,Normal,Classification automatique,VAL-009,2026-09-11 14:53:30.178602,2026-12-10 14:53:30.178602
CLS-001475,CRD-001475,CLI-002498,2027-02-13,Saine,C,Stage 1,0,0.0104,0.5723,28231.94,167.79,180.09,175.63,0.0,1,,0,,Normal,Classification automatique,VAL-002,2026-09-11 14:53:30.181607,2026-12-10 14:53:30.181607
CLS-001476,CRD-001476,CLI-000437,2023-12-27,Saine,A,Stage 1,0,0.0126,0.7216,137281.23,1248.86,1378.76,1355.36,0.0,0,,0,,Normal,Classification automatique,VAL-009,2026-09-11 14:53:30.183603,2026-12-10 14:53:30.183603
CLS-001477,CRD-001477,CLI-002471,2024-02-04,Saine,A,Stage 1,0,0.0065,0.3124,241871.36,488.38,489.74,487.5,0.0,0,,0,,Normal,Classification automatique,VAL-008,2026-09-11 14:53:30.186604,2026-12-10 14:53:30.186604
CLS-001478,CRD-001478,CLI-000913,2025-01-27,Saine,C,Stage 1,0,0.0167,0.3984,10205.82,67.87,76.12,72.61,0.0,0,,0,,Normal,Classification automatique,VAL-003,2026-09-11 14:53:30.189747,2026-12-10 14:53:30.189747
CLS-001479,CRD-001479,CLI-004223,2024-04-21,Saine,C,Stage 1,0,0.0151,0.4856,59514.23,437.38,460.85,446.62,0.0,0,,0,,Normal,Classification automatique,VAL-001,2026-09-11 14:53:30.192752,2026-12-10 14:53:30.192752
CLS-001480,CRD-001480,CLI-004353,2022-12-29,Saine,B,Stage 1,0,0.0087,0.4013,7880.05,27.36,28.22,27.18,0.0,0,,0,,Normal,Classification automatique,VAL-010,2026-09-11 14:53:30.196749,2026-12-10 14:53:30.196749
CLS-001481,CRD-001481,CLI-004513,2024-09-12,Saine,C,Stage 1,0,0.0081,0.2114,10769.24,18.37,20.52,20.09,0.0,0,,0,,Normal,Classification automatique,VAL-001,2026-09-11 14:53:30.198900,2026-12-10 14:53:30.198900
CLS-001482,CRD-001482,CLI-004444,2025-04-03,Saine,B,Stage 1,0,0.0141,0.7484,273872.85,2892.71,3466.34,3348.73,0.0,0,,0,,Normal,Classification automatique,VAL-020,2026-09-11 14:53:30.202905,2026-12-10 14:53:30.202905
CLS-001483,CRD-001483,CLI-002288,2025-01-15,Saine,B,Stage 1,0,0.0109,0.6753,8411.46,62.14,69.41,68.4,0.0,0,,0,,Normal,Classification automatique,VAL-016,2026-09-11 14:53:30.208906,2026-12-10 14:53:30.208906
CLS-001484,CRD-001484,CLI-004598,2026-02-02,Saine,B,Stage 1,0,0.0108,0.3537,17978.68,68.68,77.91,74.63,0.0,0,,0,,Normal,Classification automatique,VAL-003,2026-09-11 14:53:30.214902,2026-12-10 14:53:30.214902
CLS-001485,CRD-001485,CLI-001239,2025-10-17,Saine,C,Stage 1,0,0.008,0.4799,15127.39,57.83,64.4,63.46,0.0,0,,0,,Normal,Classification automatique,VAL-010,2026-09-11 14:53:30.219907,2026-12-10 14:53:30.219907
CLS-001486,CRD-001486,CLI-000904,2024-12-17,Saine,A,Stage 1,0,0.0073,0.54,949.93,3.77,4.14,4.1,0.0,0,,0,,Normal,Classification automatique,VAL-012,2026-09-11 14:53:30.223902,2026-12-10 14:53:30.223902
CLS-001487,CRD-001487,CLI-003621,2023-08-13,Saine,A,Stage 1,0,0.0182,0.3793,89187.52,614.85,630.85,618.51,0.0,0,,0,,Normal,Classification automatique,VAL-008,2026-09-11 14:53:30.228904,2026-12-10 14:53:30.228904
CLS-001488,CRD-001488,CLI-003232,2026-06-10,Saine,C,Stage 1,0,0.0134,0.4548,185426.43,1127.33,1350.31,1294.02,0.0,0,,0,,Normal,Classification automatique,VAL-015,2026-09-11 14:53:30.232902,2026-12-10 14:53:30.232902
CLS-001489,CRD-001489,CLI-002860,2022-03-06,Saine,C,Stage 1,0,0.0075,0.5224,114440.74,450.19,468.94,464.8,0.0,0,,0,,Normal,Classification automatique,VAL-014,2026-09-11 14:53:30.235903,2026-12-10 14:53:30.235903
CLS-001490,CRD-001490,CLI-000508,2026-03-22,Saine,C,Stage 1,0,0.018,0.3763,30903.97,208.92,226.18,217.57,0.0,0,,0,,Normal,Classification automatique,VAL-020,2026-09-11 14:53:30.238902,2026-12-10 14:53:30.238902
CLS-001491,CRD-001491,CLI-003222,2022-03-18,Saine,C,Stage 1,0,0.0058,0.6275,2138.31,7.75,7.84,7.81,0.0,0,,0,,Normal,Classification automatique,VAL-003,2026-09-11 14:53:30.243901,2026-12-10 14:53:30.243901
CLS-001492,CRD-001492,CLI-000184,2022-06-26,Saine,A,Stage 1,0,0.0124,0.3914,5624.72,27.3,30.01,28.87,0.0,0,,0,,Normal,Classification automatique,VAL-002,2026-09-11 14:53:30.247907,2026-12-10 14:53:30.247907
CLS-001493,CRD-001493,CLI-001565,2023-10-12,Saine,B,Stage 1,0,0.0193,0.204,9996.28,39.45,45.08,43.72,0.0,0,,0,,Normal,Classification automatique,VAL-019,2026-09-11 14:53:30.251910,2026-12-10 14:53:30.251910
CLS-001494,CRD-001494,CLI-002705,2022-07-20,Saine,B,Stage 1,0,0.0164,0.4686,813920.25,6245.15,7407.41,7327.15,0.0,0,,0,,Normal,Classification automatique,VAL-003,2026-09-11 14:53:30.254905,2026-12-10 14:53:30.254905
CLS-001495,CRD-001495,CLI-000322,2024-02-26,Saine,A,Stage 1,0,0.0053,0.6539,106510.48,369.97,429.37,416.47,0.0,0,,0,,Normal,Classification automatique,VAL-001,2026-09-11 14:53:30.258906,2026-12-10 14:53:30.258906
CLS-001496,CRD-001496,CLI-003564,2025-03-23,Saine,C,Stage 1,0,0.0122,0.5199,88.48,0.56,0.6,0.58,0.0,0,,0,,Normal,Classification automatique,VAL-020,2026-09-11 14:53:30.262903,2026-12-10 14:53:30.262903
CLS-001497,CRD-001497,CLI-001539,2025-11-02,Saine,C,Stage 1,0,0.0075,0.4209,209889.57,662.13,748.4,737.84,0.0,0,,0,,Normal,Classification automatique,VAL-003,2026-09-11 14:53:30.267116,2026-12-10 14:53:30.267116
CLS-001498,CRD-001498,CLI-001838,2026-08-30,Saine,C,Stage 1,0,0.0062,0.4601,5313.63,15.18,17.19,16.4,0.0,0,,0,,Normal,Classification automatique,VAL-014,2026-09-11 14:53:30.271092,2026-12-10 14:53:30.271092
CLS-001499,CRD-001499,CLI-002381,2022-06-09,Saine,C,Stage 1,0,0.0178,0.2074,119894.13,443.7,509.74,495.49,0.0,0,,0,,Normal,Classification automatique,VAL-001,2026-09-11 14:53:30.276299,2026-12-10 14:53:30.276299
CLS-001500,CRD-001500,CLI-001913,2023-06-24,Pré-douteuse,D,Stage 3,132,0.3145,0.3665,12302.51,1418.2,1523.45,1516.14,0.2,0,,0,,Retard de paiement,Classification automatique,VAL-003,2026-09-11 14:53:30.280319,2026-12-10 14:53:30.280319
CLS-001501,CRD-001501,CLI-001841,2025-10-12,Saine,C,Stage 1,0,0.0153,0.2474,12949.89,49.16,51.27,50.81,0.0,0,,0,,Normal,Classification automatique,VAL-002,2026-09-11 14:53:30.284299,2026-12-10 14:53:30.284299
CLS-001502,CRD-001502,CLI-002116,2022-04-17,Saine,A,Stage 1,0,0.0106,0.5296,18316.11,102.92,119.31,113.4,0.0,0,,0,,Normal,Classification automatique,VAL-002,2026-09-11 14:53:30.287301,2026-12-10 14:53:30.287301
CLS-001503,CRD-001503,CLI-004438,2024-11-12,Saine,C,Stage 1,0,0.0084,0.4424,39804.12,148.6,156.18,155.1,0.0,0,,0,,Normal,Classification automatique,VAL-011,2026-09-11 14:53:30.290294,2026-12-10 14:53:30.290294
CLS-001504,CRD-001504,CLI-001147,2025-09-21,Saine,B,Stage 1,0,0.0147,0.3501,22529.43,116.34,133.51,126.93,0.0,0,,0,,Normal,Classification automatique,VAL-003,2026-09-11 14:53:30.293308,2026-12-10 14:53:30.293308
CLS-001505,CRD-001505,CLI-002487,2025-06-02,Saine,C,Stage 1,0,0.0096,0.5803,167873.31,932.56,1036.76,1000.11,0.0,0,,0,,Normal,Classification automatique,VAL-016,2026-09-11 14:53:30.296296,2026-12-10 14:53:30.296296
CLS-001506,CRD-001506,CLI-000045,2024-09-25,Saine,A,Stage 1,0,0.0167,0.4539,47490.21,360.92,425.59,420.24,0.0,1,,0,,Normal,Classification automatique,VAL-004,2026-09-11 14:53:30.300296,2026-12-10 14:53:30.300296
CLS-001507,CRD-001507,CLI-002155,2025-03-22,Saine,B,Stage 1,0,0.0077,0.6897,13070.68,69.32,78.86,78.21,0.0,0,,0,,Normal,Classification automatique,VAL-003,2026-09-11 14:53:30.303297,2026-12-10 14:53:30.303297
CLS-001508,CRD-001508,CLI-001527,2025-07-10,Saine,B,Stage 1,0,0.0154,0.5469,5684.16,47.79,51.98,51.74,0.0,0,,0,,Normal,Classification automatique,VAL-018,2026-09-11 14:53:30.306297,2026-12-10 14:53:30.306297
CLS-001509,CRD-001509,CLI-004856,2024-06-26,Saine,C,Stage 1,0,0.0171,0.4972,0.0,0.0,0.0,0.0,0.0,0,,0,,Normal,Classification automatique,VAL-018,2026-09-11 14:53:30.310318,2026-12-10 14:53:30.310318
CLS-001510,CRD-001510,CLI-001379,2022-12-29,Saine,B,Stage 1,0,0.0082,0.5181,10112.85,42.78,50.57,49.0,0.0,0,,0,,Normal,Classification automatique,VAL-017,2026-09-11 14:53:30.312319,2026-12-10 14:53:30.312319
CLS-001511,CRD-001511,CLI-001766,2025-07-10,Saine,C,Stage 2,17,0.0284,0.3115,7730.3,68.43,71.06,69.47,0.0,0,,0,,Normal,Classification automatique,VAL-015,2026-09-11 14:53:30.317522,2026-12-10 14:53:30.317522
CLS-001512,CRD-001512,CLI-003013,2026-10-31,Saine,A,Stage 1,0,0.0051,0.4691,1649.66,3.98,4.08,3.89,0.0,1,,0,,Normal,Classification automatique,VAL-009,2026-09-11 14:53:30.320522,2026-12-10 14:53:30.320522
CLS-001513,CRD-001513,CLI-000414,2027-08-03,Saine,A,Stage 1,0,0.0081,0.4618,759.39,2.85,2.94,2.79,0.0,0,,0,,Normal,Classification automatique,VAL-012,2026-09-11 14:53:30.323726,2026-12-10 14:53:30.323726
CLS-001514,CRD-001514,CLI-004285,2023-01-16,Saine,B,Stage 1,0,0.0159,0.5566,16188.6,143.49,171.22,168.81,0.0,0,,0,,Normal,Classification automatique,VAL-013,2026-09-11 14:53:30.326725,2026-12-10 14:53:30.326725
CLS-001515,CRD-001515,CLI-001408,2024-06-09,Saine,C,Stage 1,0,0.0138,0.5042,41559.54,288.34,322.03,309.23,0.0,0,,0,,Normal,Classification automatique,VAL-008,2026-09-11 14:53:30.329748,2026-12-10 14:53:30.329748
CLS-001516,CRD-001516,CLI-001659,2024-10-08,Saine,C,Stage 1,0,0.0117,0.4114,5263.45,25.33,28.12,27.57,0.0,0,,0,,Normal,Classification automatique,VAL-013,2026-09-11 14:53:30.332748,2026-12-10 14:53:30.332748
CLS-001517,CRD-001517,CLI-000802,2026-01-24,Saine,C,Stage 2,42,0.0989,0.2892,48479.35,1386.22,1603.86,1565.15,0.0,0,,0,,Retard de paiement,Classification automatique,VAL-013,2026-09-11 14:53:30.334750,2026-12-10 14:53:30.334750
CLS-001518,CRD-001518,CLI-001289,2023-06-14,Saine,C,Stage 1,0,0.0118,0.3661,5836.63,25.3,26.63,26.34,0.0,0,,0,,Normal,Classification automatique,VAL-007,2026-09-11 14:53:30.337750,2026-12-10 14:53:30.337750
CLS-001519,CRD-001519,CLI-002183,2025-12-25,Saine,C,Stage 1,0,0.0157,0.6124,10627.2,102.46,102.5,99.27,0.0,0,,0,,Normal,Classification automatique,VAL-013,2026-09-11 14:53:30.339749,2026-12-10 14:53:30.339749
CLS-001520,CRD-001520,CLI-002589,2023-08-16,Douteuse,D,Stage 3,246,0.5849,0.6778,18545.33,7351.84,7948.1,7641.84,0.5,1,,1,2023-12-14,Retard de paiement,Classification automatique,VAL-007,2026-09-11 14:53:30.342724,2026-12-10 14:53:30.342724
CLS-001521,CRD-001521,CLI-002616,2026-06-07,Saine,B,Stage 1,0,0.0064,0.6219,94506.62,373.57,403.39,400.16,0.0,0,,0,,Normal,Classification automatique,VAL-018,2026-09-11 14:53:30.346729,2026-12-10 14:53:30.346729
CLS-001522,CRD-001522,CLI-002319,2024-02-10,Saine,C,Stage 1,0,0.017,0.4962,377.22,3.18,3.62,3.62,0.0,0,,0,,Normal,Classification automatique,VAL-008,2026-09-11 14:53:30.349729,2026-12-10 14:53:30.349729
CLS-001523,CRD-001523,CLI-000257,2023-01-26,Saine,A,Stage 1,0,0.0179,0.3908,18237.57,127.55,140.12,133.47,0.0,0,,0,,Normal,Classification automatique,VAL-001,2026-09-11 14:53:30.352743,2026-12-10 14:53:30.352743
CLS-001524,CRD-001524,CLI-004542,2024-02-03,Saine,C,Stage 2,51,0.0575,0.4112,36720.07,868.7,885.4,884.93,0.0,0,,0,,Retard de paiement,Classification automatique,VAL-013,2026-09-11 14:53:30.355747,2026-12-10 14:53:30.355747
CLS-001525,CRD-001525,CLI-001730,2023-04-14,Saine,B,Stage 1,0,0.0139,0.2855,51910.75,206.66,211.67,208.56,0.0,1,,0,,Normal,Classification automatique,VAL-003,2026-09-11 14:53:30.358747,2026-12-10 14:53:30.358747
CLS-001526,CRD-001526,CLI-001152,2023-08-23,Saine,C,Stage 1,0,0.0153,0.3621,112237.04,620.0,669.87,656.64,0.0,0,,0,,Normal,Classification automatique,VAL-020,2026-09-11 14:53:30.361747,2026-12-10 14:53:30.361747
CLS-001527,CRD-001527,CLI-004145,2027-03-19,Saine,A,Stage 1,0,0.0066,0.4694,448805.67,1395.91,1664.69,1589.76,0.0,0,,0,,Normal,Classification automatique,VAL-016,2026-09-11 14:53:30.364747,2026-12-10 14:53:30.364747
CLS-001528,CRD-001528,CLI-000648,2025-12-22,Saine,B,Stage 1,0,0.0166,0.3646,166732.02,1006.7,1143.99,1110.98,0.0,0,,0,,Normal,Classification automatique,VAL-003,2026-09-11 14:53:30.367747,2026-12-10 14:53:30.367747
CLS-001529,CRD-001529,CLI-002909,2024-03-12,Saine,B,Stage 1,0,0.0136,0.3223,0.0,0.0,0.0,0.0,0.0,0,,0,,Normal,Classification automatique,VAL-019,2026-09-11 14:53:30.369747,2026-12-10 14:53:30.369747
CLS-001530,CRD-001530,CLI-001703,2022-09-03,Saine,B,Stage 1,0,0.0179,0.4461,9425.77,75.35,90.22,89.5,0.0,0,,0,,Normal,Classification automatique,VAL-018,2026-09-11 14:53:30.372747,2026-12-10 14:53:30.372747
CLS-001531,CRD-001531,CLI-001882,2024-02-11,Saine,B,Stage 1,0,0.0191,0.3675,19298.73,135.6,160.39,153.22,0.0,0,,0,,Normal,Classification automatique,VAL-018,2026-09-11 14:53:30.374743,2026-12-10 14:53:30.374743
CLS-001532,CRD-001532,CLI-003769,2026-01-09,Saine,A,Stage 1,0,0.0149,0.7481,4739.6,52.98,57.66,56.65,0.0,0,,0,,Normal,Classification automatique,VAL-017,2026-09-11 14:53:30.378729,2026-12-10 14:53:30.378729
CLS-001533,CRD-001533,CLI-001316,2023-12-17,Saine,B,Stage 1,0,0.0098,0.4156,7955.73,32.29,32.91,32.51,0.0,0,,0,,Normal,Classification automatique,VAL-013,2026-09-11 14:53:30.380728,2026-12-10 14:53:30.380728
CLS-001534,CRD-001534,CLI-002270,2026-04-07,Saine,B,Stage 1,0,0.0162,0.3037,105021.94,515.36,563.9,545.64,0.0,0,,0,,Normal,Classification automatique,VAL-011,2026-09-11 14:53:30.383729,2026-12-10 14:53:30.383729
CLS-001535,CRD-001535,CLI-001967,2023-05-12,Saine,C,Stage 2,73,0.0794,0.4758,198024.9,7478.67,7772.67,7577.22,0.0,0,,0,,Retard de paiement,Classification automatique,VAL-020,2026-09-11 14:53:30.386729,2026-12-10 14:53:30.386729
CLS-001536,CRD-001536,CLI-002466,2023-07-28,Saine,C,Stage 1,0,0.0061,0.4768,49058.99,141.72,147.14,146.5,0.0,0,,0,,Normal,Classification automatique,VAL-018,2026-09-11 14:53:30.388729,2026-12-10 14:53:30.388729
CLS-001537,CRD-001537,CLI-003856,2023-09-27,Saine,C,Stage 1,0,0.0165,0.2193,15051.91,54.33,62.75,59.84,0.0,0,,0,,Normal,Classification automatique,VAL-020,2026-09-11 14:53:30.392022,2026-12-10 14:53:30.392022
CLS-001538,CRD-001538,CLI-001351,2023-08-01,Saine,C,Stage 1,0,0.0196,0.5741,141346.5,1591.02,1802.1,1739.95,0.0,0,,0,,Normal,Classification automatique,VAL-015,2026-09-11 14:53:30.395023,2026-12-10 14:53:30.395023
CLS-001539,CRD-001539,CLI-003297,2024-01-28,Saine,A,Stage 1,0,0.0063,0.64,105464.94,427.99,483.12,480.36,0.0,0,,0,,Normal,Classification automatique,VAL-020,2026-09-11 14:53:30.397024,2026-12-10 14:53:30.397024
CLS-001540,CRD-001540,CLI-000113,2026-09-10,Saine,C,Stage 1,0,0.0107,0.4455,59710.73,284.24,307.75,304.43,0.0,0,,0,,Normal,Classification automatique,VAL-009,2026-09-11 14:53:30.400163,2026-12-10 14:53:30.400163
CLS-001541,CRD-001541,CLI-003134,2026-05-29,Saine,C,Stage 1,0,0.0192,0.5072,4153.44,40.53,43.86,43.58,0.0,0,,0,,Normal,Classification automatique,VAL-011,2026-09-11 14:53:30.402167,2026-12-10 14:53:30.402167
CLS-001542,CRD-001542,CLI-000264,2022-09-03,Saine,B,Stage 1,0,0.0117,0.3949,81825.9,376.81,386.84,376.09,0.0,0,,0,,Normal,Classification automatique,VAL-010,2026-09-11 14:53:30.405162,2026-12-10 14:53:30.405162
CLS-001543,CRD-001543,CLI-001394,2026-02-17,Douteuse,D,Stage 3,337,0.4385,0.5191,45433.66,10342.68,11219.14,11170.6,0.5,0,,1,2026-05-19,Retard de paiement,Classification automatique,VAL-010,2026-09-11 14:53:30.408144,2026-12-10 14:53:30.408144
CLS-001544,CRD-001544,CLI-001879,2023-10-13,Saine,A,Stage 1,0,0.0074,0.5212,502944.67,1943.27,1993.3,1938.94,0.0,0,,0,,Normal,Classification automatique,VAL-019,2026-09-11 14:53:30.411144,2026-12-10 14:53:30.411144
CLS-001545,CRD-001545,CLI-001187,2022-11-27,Saine,A,Stage 1,0,0.0106,0.2965,1874.99,5.88,6.59,6.57,0.0,0,,0,,Normal,Classification automatique,VAL-004,2026-09-11 14:53:30.413144,2026-12-10 14:53:30.413144
CLS-001546,CRD-001546,CLI-003072,2024-03-25,Pré-douteuse,C,Stage 2,90,0.0643,0.6989,31171.59,1401.79,1535.37,1530.34,0.2,0,,0,,Retard de paiement,Classification automatique,VAL-014,2026-09-11 14:53:30.416351,2026-12-10 14:53:30.416351
CLS-001547,CRD-001547,CLI-000057,2022-11-28,Saine,C,Stage 1,0,0.0173,0.5139,6367.2,56.58,63.11,62.55,0.0,0,,0,,Normal,Classification automatique,VAL-016,2026-09-11 14:53:30.419351,2026-12-10 14:53:30.419351
CLS-001548,CRD-001548,CLI-001310,2024-05-02,Saine,C,Stage 1,0,0.0152,0.6569,11003.33,109.97,116.32,114.35,0.0,0,,0,,Normal,Classification automatique,VAL-007,2026-09-11 14:53:30.421352,2026-12-10 14:53:30.421352
CLS-001549,CRD-001549,CLI-000696,2025-12-16,Saine,C,Stage 1,0,0.0063,0.457,6923.43,19.9,23.27,23.21,0.0,0,,0,,Normal,Classification automatique,VAL-012,2026-09-11 14:53:30.424536,2026-12-10 14:53:30.424536
CLS-001550,CRD-001550,CLI-002953,2023-02-15,Saine,C,Stage 1,0,0.0155,0.4954,0.0,0.0,0.0,0.0,0.0,0,,0,,Normal,Classification automatique,VAL-012,2026-09-11 14:53:30.427537,2026-12-10 14:53:30.427537
CLS-001551,CRD-001551,CLI-001727,2023-04-03,Saine,C,Stage 1,0,0.0101,0.4916,8168.79,40.38,45.99,45.03,0.0,0,,0,,Normal,Classification automatique,VAL-019,2026-09-11 14:53:30.430536,2026-12-10 14:53:30.430536
CLS-001552,CRD-001552,CLI-002092,2027-03-18,Saine,C,Stage 1,0,0.0079,0.7396,61416.37,359.76,369.93,362.02,0.0,0,,0,,Normal,Classification automatique,VAL-014,2026-09-11 14:53:30.433537,2026-12-10 14:53:30.433537
CLS-001553,CRD-001553,CLI-003870,2025-07-25,Saine,C,Stage 1,0,0.0198,0.4133,16714.04,136.94,147.57,140.37,0.0,1,,0,,Normal,Classification automatique,VAL-010,2026-09-11 14:53:30.435539,2026-12-10 14:53:30.435539
CLS-001554,CRD-001554,CLI-000320,2022-12-06,Saine,B,Stage 2,3,0.0443,0.7184,6025.59,191.75,199.82,194.46,0.0,0,,0,,Normal,Classification automatique,VAL-001,2026-09-11 14:53:30.438537,2026-12-10 14:53:30.438537
CLS-001555,CRD-001555,CLI-004321,2024-07-12,Saine,B,Stage 1,0,0.0066,0.7187,145782.65,696.29,751.45,750.23,0.0,1,,0,,Normal,Classification automatique,VAL-001,2026-09-11 14:53:30.441537,2026-12-10 14:53:30.441537
CLS-001556,CRD-001556,CLI-000683,2023-02-22,Saine,B,Stage 1,0,0.0166,0.4381,7643.01,55.65,57.18,56.48,0.0,0,,0,,Normal,Classification automatique,VAL-020,2026-09-11 14:53:30.444535,2026-12-10 14:53:30.444535
CLS-001557,CRD-001557,CLI-003842,2025-08-31,Saine,C,Stage 1,0,0.0074,0.3969,2217.54,6.49,7.25,7.13,0.0,0,,0,,Normal,Classification automatique,VAL-009,2026-09-11 14:53:30.446538,2026-12-10 14:53:30.446538
CLS-001558,CRD-001558,CLI-003214,2025-04-16,Saine,C,Stage 1,0,0.0181,0.6684,2488.78,30.09,31.93,30.79,0.0,0,,0,,Normal,Classification automatique,VAL-020,2026-09-11 14:53:30.449537,2026-12-10 14:53:30.449537
CLS-001559,CRD-001559,CLI-002003,2025-12-16,Saine,B,Stage 1,0,0.0193,0.6293,41887.67,508.7,593.18,565.58,0.0,0,,0,,Normal,Classification automatique,VAL-016,2026-09-11 14:53:30.452541,2026-12-10 14:53:30.452541
CLS-001560,CRD-001560,CLI-004783,2026-04-22,Saine,C,Stage 1,0,0.0079,0.71,475006.31,2666.61,2952.83,2946.48,0.0,0,,0,,Normal,Classification automatique,VAL-003,2026-09-11 14:53:30.454539,2026-12-10 14:53:30.454539
CLS-001561,CRD-001561,CLI-004151,2026-07-05,Saine,A,Stage 1,0,0.0167,0.4758,15188.7,120.84,133.96,133.45,0.0,0,,0,,Normal,Classification automatique,VAL-010,2026-09-11 14:53:30.457540,2026-12-10 14:53:30.457540
CLS-001562,CRD-001562,CLI-000287,2022-08-21,Saine,C,Stage 1,0,0.0133,0.4212,310340.78,1741.5,1941.21,1907.98,0.0,0,,0,,Normal,Classification automatique,VAL-004,2026-09-11 14:53:30.460558,2026-12-10 14:53:30.460558
CLS-001563,CRD-001563,CLI-001889,2023-04-09,Saine,C,Stage 1,0,0.0143,0.3829,49923.33,272.87,275.19,263.41,0.0,0,,0,,Normal,Classification automatique,VAL-017,2026-09-11 14:53:30.462560,2026-12-10 14:53:30.462560
CLS-001564,CRD-001564,CLI-002338,2026-03-10,Saine,A,Stage 1,0,0.0101,0.3889,19832.94,77.9,84.3,81.52,0.0,0,,0,,Normal,Classification automatique,VAL-012,2026-09-11 14:53:30.465827,2026-12-10 14:53:30.465827
CLS-001565,CRD-001565,CLI-002521,2026-05-14,Saine,C,Stage 1,0,0.017,0.208,11252.16,39.76,41.18,40.64,0.0,0,,0,,Normal,Classification automatique,VAL-016,2026-09-11 14:53:30.468827,2026-12-10 14:53:30.468827
CLS-001566,CRD-001566,CLI-002278,2025-05-21,Saine,A,Stage 1,0,0.0104,0.3387,4047.64,14.29,16.04,15.83,0.0,0,,0,,Normal,Classification automatique,VAL-004,2026-09-11 14:53:30.471826,2026-12-10 14:53:30.471826
CLS-001567,CRD-001567,CLI-002128,2022-11-15,Saine,C,Stage 1,0,0.0141,0.5142,34841.22,252.39,290.95,288.53,0.0,0,,0,,Normal,Classification automatique,VAL-018,2026-09-11 14:53:30.473827,2026-12-10 14:53:30.473827
CLS-001568,CRD-001568,CLI-003500,2025-03-18,Saine,A,Stage 1,0,0.0086,0.4075,3766.05,13.24,14.0,13.52,0.0,0,,0,,Normal,Classification automatique,VAL-001,2026-09-11 14:53:30.476827,2026-12-10 14:53:30.476827
CLS-001569,CRD-001569,CLI-004212,2023-03-20,Saine,C,Stage 1,0,0.0089,0.6121,56006.73,304.56,331.28,315.93,0.0,0,,0,,Normal,Classification automatique,VAL-007,2026-09-11 14:53:30.479826,2026-12-10 14:53:30.479826
CLS-001570,CRD-001570,CLI-002084,2026-03-27,Saine,A,Stage 1,0,0.0138,0.3165,51144.78,223.17,224.6,223.05,0.0,0,,0,,Normal,Classification automatique,VAL-008,2026-09-11 14:53:30.481827,2026-12-10 14:53:30.481827
CLS-001571,CRD-001571,CLI-000737,2024-11-21,Saine,C,Stage 1,0,0.0081,0.5092,11946.97,49.54,50.85,49.27,0.0,0,,0,,Normal,Classification automatique,VAL-010,2026-09-11 14:53:30.484826,2026-12-10 14:53:30.484826
CLS-001572,CRD-001572,CLI-004802,2025-02-20,Saine,A,Stage 1,0,0.0066,0.4377,44619.8,128.23,135.07,130.85,0.0,0,,0,,Normal,Classification automatique,VAL-007,2026-09-11 14:53:30.486829,2026-12-10 14:53:30.486829
CLS-001573,CRD-001573,CLI-000337,2022-06-02,Saine,A,Stage 1,0,0.0089,0.4802,5856.59,24.95,29.22,28.19,0.0,0,,0,,Normal,Classification automatique,VAL-010,2026-09-11 14:53:30.489826,2026-12-10 14:53:30.489826
CLS-001574,CRD-001574,CLI-002597,2023-11-16,Saine,B,Stage 1,0,0.0089,0.5143,7508.34,34.37,38.82,38.73,0.0,0,,0,,Normal,Classification automatique,VAL-003,2026-09-11 14:53:30.491826,2026-12-10 14:53:30.491826
CLS-001575,CRD-001575,CLI-002772,2023-06-12,Saine,C,Stage 1,0,0.0196,0.5431,16863.43,179.84,180.18,174.61,0.0,0,,0,,Normal,Classification automatique,VAL-018,2026-09-11 14:53:30.494842,2026-12-10 14:53:30.494842
CLS-001576,CRD-001576,CLI-003705,2023-07-30,Saine,C,Stage 1,0,0.0085,0.5395,151741.93,693.51,730.6,707.64,0.0,0,,0,,Normal,Classification automatique,VAL-003,2026-09-11 14:53:30.497846,2026-12-10 14:53:30.497846
CLS-001577,CRD-001577,CLI-004405,2023-04-05,Saine,C,Stage 1,0,0.0134,0.339,177986.54,807.35,861.93,824.56,0.0,0,,0,,Normal,Classification automatique,VAL-010,2026-09-11 14:53:30.500988,2026-12-10 14:53:30.500988
CLS-001578,CRD-001578,CLI-001072,2023-06-11,Saine,C,Stage 1,0,0.0183,0.4675,2810.84,24.07,26.06,24.81,0.0,0,,0,,Normal,Classification automatique,VAL-001,2026-09-11 14:53:30.502988,2026-12-10 14:53:30.502988
CLS-001579,CRD-001579,CLI-002291,2024-10-13,Saine,A,Stage 1,0,0.0162,0.71,1724.43,19.89,20.02,19.31,0.0,0,,0,,Normal,Classification automatique,VAL-013,2026-09-11 14:53:30.505984,2026-12-10 14:53:30.505984
CLS-001580,CRD-001580,CLI-001673,2024-04-10,Saine,C,Stage 1,0,0.0077,0.4034,8512.55,26.55,31.68,30.1,0.0,0,,0,,Normal,Classification automatique,VAL-012,2026-09-11 14:53:30.507988,2026-12-10 14:53:30.507988
CLS-001581,CRD-001581,CLI-004084,2024-07-26,Douteuse,D,Stage 3,299,0.5559,0.3834,199319.38,42480.02,48837.13,47947.06,0.5,0,,1,2024-06-01,Retard de paiement,Classification automatique,VAL-003,2026-09-11 14:53:30.510987,2026-12-10 14:53:30.510987
CLS-001582,CRD-001582,CLI-004251,2024-04-02,Saine,B,Stage 1,0,0.0175,0.3147,5494.7,30.2,34.03,33.61,0.0,0,,0,,Normal,Classification automatique,VAL-011,2026-09-11 14:53:30.513969,2026-12-10 14:53:30.513969
CLS-001583,CRD-001583,CLI-004114,2025-08-25,Saine,C,Stage 1,0,0.0093,0.6796,9022.39,57.33,59.44,59.22,0.0,0,,0,,Normal,Classification automatique,VAL-007,2026-09-11 14:53:30.519134,2026-12-10 14:53:30.519134
CLS-001584,CRD-001584,CLI-004409,2024-06-19,Saine,B,Stage 1,0,0.0195,0.4524,220247.53,1940.03,2099.82,2095.27,0.0,0,,0,,Normal,Classification automatique,VAL-014,2026-09-11 14:53:30.523135,2026-12-10 14:53:30.523135
CLS-001585,CRD-001585,CLI-003367,2023-05-23,Pré-douteuse,D,Stage 3,105,0.1945,0.6796,2094.73,276.87,297.46,293.87,0.2,0,,0,,Retard de paiement,Classification automatique,VAL-014,2026-09-11 14:53:30.527279,2026-12-10 14:53:30.527279
CLS-001586,CRD-001586,CLI-001489,2022-08-20,Saine,C,Stage 1,0,0.0053,0.4333,187.93,0.44,0.51,0.49,0.0,0,,0,,Normal,Classification automatique,VAL-018,2026-09-11 14:53:30.532278,2026-12-10 14:53:30.532278
CLS-001587,CRD-001587,CLI-000499,2023-06-17,Saine,A,Stage 1,0,0.0152,0.3274,15822.43,78.58,81.4,79.13,0.0,0,,0,,Normal,Classification automatique,VAL-005,2026-09-11 14:53:30.535279,2026-12-10 14:53:30.535279
CLS-001588,CRD-001588,CLI-004383,2027-05-25,Saine,B,Stage 1,0,0.0188,0.3871,40622.2,295.62,315.23,303.81,0.0,0,,0,,Normal,Classification automatique,VAL-016,2026-09-11 14:53:30.539280,2026-12-10 14:53:30.539280
CLS-001589,CRD-001589,CLI-003480,2023-11-14,Saine,B,Stage 1,0,0.0066,0.497,617.23,2.04,2.22,2.2,0.0,0,2023-06-29,0,,Normal,Classification automatique,VAL-016,2026-09-11 14:53:30.543469,2026-12-10 14:53:30.543469
CLS-001590,CRD-001590,CLI-002582,2023-06-28,Saine,C,Stage 1,0,0.0091,0.4078,36812.12,136.88,146.14,141.15,0.0,1,,0,,Normal,Classification automatique,VAL-007,2026-09-11 14:53:30.546469,2026-12-10 14:53:30.546469
CLS-001591,CRD-001591,CLI-003124,2023-12-12,Saine,B,Stage 1,0,0.0171,0.4993,153263.11,1308.83,1316.83,1275.31,0.0,0,,0,,Normal,Classification automatique,VAL-002,2026-09-11 14:53:30.550471,2026-12-10 14:53:30.550471
CLS-001592,CRD-001592,CLI-002922,2025-10-28,Saine,B,Stage 1,0,0.0186,0.632,0.0,0.0,0.0,0.0,0.0,0,,0,,Normal,Classification automatique,VAL-014,2026-09-11 14:53:30.554467,2026-12-10 14:53:30.554467
CLS-001593,CRD-001593,CLI-004378,2023-08-24,Saine,B,Stage 1,0,0.0173,0.3909,35018.24,236.5,263.45,257.89,0.0,0,,0,,Normal,Classification automatique,VAL-002,2026-09-11 14:53:30.557470,2026-12-10 14:53:30.557470
CLS-001594,CRD-001594,CLI-002645,2023-04-11,Saine,C,Stage 1,0,0.0056,0.4222,31961.1,75.13,88.86,86.07,0.0,0,,0,,Normal,Classification automatique,VAL-007,2026-09-11 14:53:30.561468,2026-12-10 14:53:30.561468
CLS-001595,CRD-001595,CLI-004287,2026-03-10,Saine,C,Stage 1,0,0.0085,0.2768,74965.58,176.15,186.25,178.0,0.0,0,,0,,Normal,Classification automatique,VAL-015,2026-09-11 14:53:30.566471,2026-12-10 14:53:30.566471
CLS-001596,CRD-001596,CLI-004041,2024-03-21,Saine,A,Stage 1,0,0.0076,0.4392,21701.65,72.84,74.25,70.91,0.0,0,,0,,Normal,Classification automatique,VAL-003,2026-09-11 14:53:30.569470,2026-12-10 14:53:30.569470
CLS-001597,CRD-001597,CLI-002035,2023-05-22,Saine,A,Stage 1,0,0.0196,0.5499,10896.68,117.34,121.91,119.77,0.0,0,,0,,Normal,Classification automatique,VAL-005,2026-09-11 14:53:30.577471,2026-12-10 14:53:30.577471
CLS-001598,CRD-001598,CLI-001023,2023-01-28,Saine,C,Stage 1,0,0.0107,0.4615,45603.28,224.89,235.79,224.8,0.0,0,,0,,Normal,Classification automatique,VAL-014,2026-09-11 14:53:30.581470,2026-12-10 14:53:30.581470
CLS-001599,CRD-001599,CLI-002283,2024-02-14,Saine,C,Stage 1,0,0.0155,0.3245,4297.65,21.68,23.09,22.88,0.0,0,,0,,Normal,Classification automatique,VAL-015,2026-09-11 14:53:30.586486,2026-12-10 14:53:30.586486
CLS-001600,CRD-001600,CLI-004887,2023-05-02,Saine,C,Stage 1,0,0.0065,0.5202,17572.04,59.66,68.04,66.62,0.0,0,,0,,Normal,Classification automatique,VAL-020,2026-09-11 14:53:30.592466,2026-12-10 14:53:30.592466
CLS-001601,CRD-001601,CLI-004220,2024-08-13,Saine,C,Stage 1,0,0.0172,0.2171,8610.99,32.07,38.13,36.93,0.0,0,,0,,Normal,Classification automatique,VAL-017,2026-09-11 14:53:30.597467,2026-12-10 14:53:30.597467
CLS-001602,CRD-001602,CLI-003064,2027-03-02,Saine,C,Stage 1,0,0.0054,0.5235,120435.41,342.76,352.1,343.28,0.0,0,,0,,Normal,Classification automatique,VAL-011,2026-09-11 14:53:30.601640,2026-12-10 14:53:30.601640
CLS-001603,CRD-001603,CLI-004366,2024-06-03,Saine,C,Stage 1,0,0.0082,0.4541,5304.37,19.81,22.85,22.26,0.0,0,,0,,Normal,Classification automatique,VAL-014,2026-09-11 14:53:30.605631,2026-12-10 14:53:30.605631
CLS-001604,CRD-001604,CLI-000666,2023-01-23,Saine,C,Stage 1,0,0.0131,0.386,3298.66,16.71,17.72,17.27,0.0,0,,0,,Normal,Classification automatique,VAL-005,2026-09-11 14:53:30.608632,2026-12-10 14:53:30.608632
CLS-001605,CRD-001605,CLI-003933,2025-02-10,Saine,C,Stage 2,65,0.0551,0.5275,116098.9,3375.68,3689.14,3560.94,0.0,0,,0,,Retard de paiement,Classification automatique,VAL-015,2026-09-11 14:53:30.612657,2026-12-10 14:53:30.612657
CLS-001606,CRD-001606,CLI-002639,2023-02-21,Saine,B,Stage 1,0,0.0062,0.3205,166424.61,330.08,339.1,328.81,0.0,0,,0,,Normal,Classification automatique,VAL-015,2026-09-11 14:53:30.616863,2026-12-10 14:53:30.616863
CLS-001607,CRD-001607,CLI-003177,2026-08-15,Compromise,D,Stage 3,376,0.6823,0.3917,8538.07,2282.04,2302.61,2286.45,1.0,1,,1,2027-05-17,Retard de paiement,Classification automatique,VAL-018,2026-09-11 14:53:30.622298,2026-12-10 14:53:30.622298
CLS-001608,CRD-001608,CLI-004266,2025-07-17,Pré-douteuse,D,Stage 3,116,0.3452,0.2235,8342.54,643.67,707.75,693.59,0.2,0,,0,,Retard de paiement,Classification automatique,VAL-001,2026-09-11 14:53:30.628358,2026-12-10 14:53:30.628358
CLS-001609,CRD-001609,CLI-003122,2027-06-15,Saine,B,Stage 1,0,0.0142,0.2744,253363.29,989.16,1143.13,1098.9,0.0,0,,0,,Normal,Classification automatique,VAL-012,2026-09-11 14:53:30.632867,2026-12-10 14:53:30.632867
CLS-001610,CRD-001610,CLI-001018,2027-04-13,Saine,C,Stage 1,0,0.0166,0.4608,602984.59,4601.6,5303.47,5056.91,0.0,0,,0,,Normal,Classification automatique,VAL-012,2026-09-11 14:53:30.638451,2026-12-10 14:53:30.638451
CLS-001611,CRD-001611,CLI-000558,2024-12-13,Saine,B,Stage 1,0,0.0092,0.5291,45344.27,220.81,223.63,221.59,0.0,0,,0,,Normal,Classification automatique,VAL-014,2026-09-11 14:53:30.643935,2026-12-10 14:53:30.643935
CLS-001612,CRD-001612,CLI-002400,2025-05-13,Saine,A,Stage 1,0,0.0125,0.5261,24915.08,163.86,191.52,185.61,0.0,0,,0,,Normal,Classification automatique,VAL-020,2026-09-11 14:53:30.648893,2026-12-10 14:53:30.648893
CLS-001613,CRD-001613,CLI-001208,2022-06-06,Saine,C,Stage 1,0,0.012,0.5722,8518.17,58.42,69.39,66.9,0.0,0,,0,,Normal,Classification automatique,VAL-012,2026-09-11 14:53:30.652953,2026-12-10 14:53:30.652953
CLS-001614,CRD-001614,CLI-002006,2023-05-11,Saine,B,Stage 1,0,0.0166,0.4725,57799.2,453.32,515.78,494.71,0.0,0,,0,,Normal,Classification automatique,VAL-004,2026-09-11 14:53:30.656956,2026-12-10 14:53:30.656956
CLS-001615,CRD-001615,CLI-002657,2024-05-22,Pré-douteuse,D,Stage 3,99,0.3488,0.4793,34635.7,5790.23,6855.47,6747.14,0.2,0,,0,,Retard de paiement,Classification automatique,VAL-014,2026-09-11 14:53:30.661973,2026-12-10 14:53:30.661973
CLS-001616,CRD-001616,CLI-002136,2026-02-12,Saine,B,Stage 1,0,0.0116,0.5451,97077.03,613.6,675.11,667.84,0.0,0,,0,,Normal,Classification automatique,VAL-013,2026-09-11 14:53:30.667934,2026-12-10 14:53:30.667934
CLS-001617,CRD-001617,CLI-001511,2023-01-22,Saine,B,Stage 1,0,0.0095,0.23,8188.7,17.82,20.13,19.44,0.0,0,,0,,Normal,Classification automatique,VAL-003,2026-09-11 14:53:30.670963,2026-12-10 14:53:30.670963
CLS-001618,CRD-001618,CLI-001737,2023-04-09,Saine,C,Stage 1,0,0.019,0.6559,3112.08,38.89,41.74,40.49,0.0,0,,0,,Normal,Classification automatique,VAL-002,2026-09-11 14:53:30.673963,2026-12-10 14:53:30.673963
CLS-001619,CRD-001619,CLI-000246,2022-06-26,Saine,C,Stage 1,0,0.0159,0.2688,389980.34,1669.34,1944.3,1850.36,0.0,0,,0,,Normal,Classification automatique,VAL-010,2026-09-11 14:53:30.676963,2026-12-10 14:53:30.676963
CLS-001620,CRD-001620,CLI-001164,2023-11-20,Pré-douteuse,D,Stage 3,179,0.1944,0.3208,11151.82,695.59,774.75,747.41,0.2,0,2026-02-04,0,,Retard de paiement,Classification automatique,VAL-017,2026-09-11 14:53:30.679963,2026-12-10 14:53:30.679963
CLS-001621,CRD-001621,CLI-003363,2024-11-28,Saine,B,Stage 2,16,0.0203,0.5436,47974.29,529.26,546.56,523.31,0.0,0,,0,,Normal,Classification automatique,VAL-015,2026-09-11 14:53:30.681960,2026-12-10 14:53:30.681960
CLS-001622,CRD-001622,CLI-000267,2023-03-22,Saine,C,Stage 1,0,0.0167,0.4347,804570.58,5851.26,6117.61,5981.34,0.0,0,,0,,Normal,Classification automatique,VAL-006,2026-09-11 14:53:30.684964,2026-12-10 14:53:30.684964
CLS-001623,CRD-001623,CLI-002367,2024-04-13,Saine,C,Stage 1,0,0.0066,0.5889,6284.96,24.37,24.95,23.84,0.0,0,,0,,Normal,Classification automatique,VAL-012,2026-09-11 14:53:30.687964,2026-12-10 14:53:30.687964
CLS-001624,CRD-001624,CLI-001115,2026-08-11,Saine,C,Stage 1,0,0.01,0.3134,147679.43,462.26,545.86,528.35,0.0,0,,0,,Normal,Classification automatique,VAL-002,2026-09-11 14:53:30.689963,2026-12-10 14:53:30.689963
CLS-001625,CRD-001625,CLI-000064,2024-07-31,Saine,B,Stage 1,0,0.0153,0.7178,0.0,0.0,0.0,0.0,0.0,0,,0,,Normal,Classification automatique,VAL-010,2026-09-11 14:53:30.695597,2026-12-10 14:53:30.695597
CLS-001626,CRD-001626,CLI-002593,2024-01-13,Saine,B,Stage 1,0,0.0136,0.4778,25491.17,165.63,173.78,173.05,0.0,0,,0,,Normal,Classification automatique,VAL-012,2026-09-11 14:53:30.698600,2026-12-10 14:53:30.698600
CLS-001627,CRD-001627,CLI-002789,2026-04-03,Saine,B,Stage 1,0,0.0184,0.4963,21722.13,198.16,225.0,216.95,0.0,0,,0,,Normal,Classification automatique,VAL-014,2026-09-11 14:53:30.701600,2026-12-10 14:53:30.701600
CLS-001628,CRD-001628,CLI-002758,2022-08-29,Saine,C,Stage 1,0,0.0146,0.5944,26868.6,233.7,236.68,235.3,0.0,0,,0,,Normal,Classification automatique,VAL-001,2026-09-11 14:53:30.704599,2026-12-10 14:53:30.704599
CLS-001629,CRD-001629,CLI-003012,2027-07-30,Saine,B,Stage 2,10,0.0302,0.3518,76670.97,813.7,864.21,854.37,0.0,0,,0,,Normal,Classification automatique,VAL-007,2026-09-11 14:53:30.706599,2026-12-10 14:53:30.706599
CLS-001630,CRD-001630,CLI-003077,2025-11-22,Saine,B,Stage 1,0,0.0054,0.4918,4411.73,11.62,13.4,13.31,0.0,0,,0,,Normal,Classification automatique,VAL-009,2026-09-11 14:53:30.710614,2026-12-10 14:53:30.710614
CLS-001631,CRD-001631,CLI-002999,2023-01-10,Saine,C,Stage 1,0,0.0098,0.2234,2810.91,6.14,6.25,6.19,0.0,0,,0,,Normal,Classification automatique,VAL-019,2026-09-11 14:53:30.713617,2026-12-10 14:53:30.713617
CLS-001632,CRD-001632,CLI-002816,2022-11-24,Saine,A,Stage 1,0,0.007,0.4554,4758.21,15.26,15.53,15.34,0.0,0,,0,,Normal,Classification automatique,VAL-015,2026-09-11 14:53:30.716617,2026-12-10 14:53:30.716617
CLS-001633,CRD-001633,CLI-002260,2022-05-31,Saine,A,Stage 1,0,0.0166,0.4195,6517.95,45.46,46.53,45.43,0.0,0,,0,,Normal,Classification automatique,VAL-010,2026-09-11 14:53:30.718617,2026-12-10 14:53:30.718617
CLS-001634,CRD-001634,CLI-004959,2026-05-01,Saine,C,Stage 1,0,0.0149,0.5008,91690.45,683.47,814.67,795.0,0.0,0,,0,,Normal,Classification automatique,VAL-004,2026-09-11 14:53:30.721617,2026-12-10 14:53:30.721617
CLS-001635,CRD-001635,CLI-003205,2025-05-03,Saine,C,Stage 1,0,0.0152,0.2122,11292.8,36.34,43.4,42.63,0.0,0,,0,,Normal,Classification automatique,VAL-019,2026-09-11 14:53:30.724621,2026-12-10 14:53:30.724621
CLS-001636,CRD-001636,CLI-001238,2023-07-12,Saine,C,Stage 1,0,0.0183,0.2943,60998.57,329.21,365.03,347.89,0.0,0,,0,,Normal,Classification automatique,VAL-007,2026-09-11 14:53:30.727635,2026-12-10 14:53:30.727635
CLS-001637,CRD-001637,CLI-000104,2027-01-24,Saine,B,Stage 1,0,0.0191,0.4825,5310.0,49.06,50.29,49.52,0.0,0,,0,,Normal,Classification automatique,VAL-007,2026-09-11 14:53:30.730635,2026-12-10 14:53:30.730635
CLS-001638,CRD-001638,CLI-002644,2022-11-12,Saine,B,Stage 1,0,0.0053,0.2811,27482.45,40.93,45.69,44.15,0.0,0,,0,,Normal,Classification automatique,VAL-017,2026-09-11 14:53:30.733636,2026-12-10 14:53:30.733636
CLS-001639,CRD-001639,CLI-000273,2024-03-02,Saine,B,Stage 1,0,0.0146,0.4389,106469.77,681.47,707.65,697.2,0.0,0,,0,,Normal,Classification automatique,VAL-018,2026-09-11 14:53:30.735635,2026-12-10 14:53:30.735635
CLS-001640,CRD-001640,CLI-000509,2024-07-03,Saine,B,Stage 1,0,0.0095,0.5874,15904.46,88.4,91.31,89.17,0.0,0,,0,,Normal,Classification automatique,VAL-007,2026-09-11 14:53:30.738635,2026-12-10 14:53:30.738635
CLS-001641,CRD-001641,CLI-002227,2023-12-14,Saine,C,Stage 1,0,0.0077,0.5468,3208.84,13.43,13.54,13.38,0.0,0,,0,,Normal,Classification automatique,VAL-001,2026-09-11 14:53:30.740808,2026-12-10 14:53:30.740808
CLS-001642,CRD-001642,CLI-004934,2024-10-19,Saine,B,Stage 1,0,0.008,0.329,15440.47,40.76,47.51,45.42,0.0,0,,0,,Normal,Classification automatique,VAL-020,2026-09-11 14:53:30.743808,2026-12-10 14:53:30.743808
CLS-001643,CRD-001643,CLI-002442,2027-06-04,Saine,A,Stage 1,0,0.0199,0.3598,278986.75,1996.27,2237.6,2220.18,0.0,0,,0,,Normal,Classification automatique,VAL-013,2026-09-11 14:53:30.746809,2026-12-10 14:53:30.746809
CLS-001644,CRD-001644,CLI-000866,2026-05-15,Saine,C,Stage 2,39,0.0906,0.7473,40082.75,2715.16,2909.4,2846.73,0.0,0,,0,,Retard de paiement,Classification automatique,VAL-013,2026-09-11 14:53:30.749039,2026-12-10 14:53:30.749039
CLS-001645,CRD-001645,CLI-003327,2026-09-12,Saine,C,Stage 1,0,0.0061,0.4753,29509.31,85.68,92.72,89.04,0.0,0,,0,,Normal,Classification automatique,VAL-013,2026-09-11 14:53:30.752041,2026-12-10 14:53:30.752041
CLS-001646,CRD-001646,CLI-000909,2025-04-27,Saine,A,Stage 1,0,0.0084,0.3728,8415.99,26.23,30.38,29.59,0.0,0,,0,,Normal,Classification automatique,VAL-018,2026-09-11 14:53:30.755042,2026-12-10 14:53:30.755042
CLS-001647,CRD-001647,CLI-002115,2024-09-01,Saine,C,Stage 1,0,0.0078,0.6222,13180.84,63.8,73.34,70.95,0.0,0,,0,,Normal,Classification automatique,VAL-014,2026-09-11 14:53:30.757041,2026-12-10 14:53:30.757041
CLS-001648,CRD-001648,CLI-003897,2026-11-27,Saine,B,Stage 1,0,0.0103,0.4259,7236.83,31.88,34.53,33.62,0.0,0,,0,,Normal,Classification automatique,VAL-005,2026-09-11 14:53:30.760042,2026-12-10 14:53:30.760042
CLS-001649,CRD-001649,CLI-001628,2026-09-17,Saine,A,Stage 1,0,0.0147,0.3197,15898.24,74.69,79.78,79.35,0.0,0,,0,,Normal,Classification automatique,VAL-006,2026-09-11 14:53:30.762041,2026-12-10 14:53:30.762041
CLS-001650,CRD-001650,CLI-002874,2026-06-26,Saine,B,Stage 1,0,0.0083,0.4156,40528.7,139.32,139.45,136.95,0.0,1,2026-02-06,0,,Normal,Classification automatique,VAL-016,2026-09-11 14:53:30.765318,2026-12-10 14:53:30.765318
CLS-001651,CRD-001651,CLI-001523,2024-11-25,Saine,C,Stage 1,0,0.0062,0.3658,9969.5,22.56,25.83,25.47,0.0,0,,0,,Normal,Classification automatique,VAL-020,2026-09-11 14:53:30.770323,2026-12-10 14:53:30.770323
CLS-001652,CRD-001652,CLI-000836,2022-12-04,Pré-douteuse,D,Stage 3,152,0.297,0.2461,77206.54,5643.65,5926.15,5684.36,0.2,0,,0,,Retard de paiement,Classification automatique,VAL-008,2026-09-11 14:53:30.773566,2026-12-10 14:53:30.773566
CLS-001653,CRD-001653,CLI-000359,2023-10-21,Saine,C,Stage 1,0,0.0098,0.5216,110119.97,560.28,576.17,570.99,0.0,0,,0,,Normal,Classification automatique,VAL-018,2026-09-11 14:53:30.776586,2026-12-10 14:53:30.776586
CLS-001654,CRD-001654,CLI-000139,2024-05-27,Saine,C,Stage 1,0,0.0158,0.5341,41179.78,346.63,410.95,399.58,0.0,0,,0,,Normal,Classification automatique,VAL-004,2026-09-11 14:53:30.779585,2026-12-10 14:53:30.779585
CLS-001655,CRD-001655,CLI-000300,2025-09-02,Saine,C,Stage 1,0,0.0187,0.2749,20136.09,103.27,122.28,116.39,0.0,0,,0,,Normal,Classification automatique,VAL-016,2026-09-11 14:53:30.781587,2026-12-10 14:53:30.781587
CLS-001656,CRD-001656,CLI-001557,2022-04-26,Saine,A,Stage 1,0,0.0199,0.2078,9177.2,38.0,44.9,44.31,0.0,0,,0,,Normal,Classification automatique,VAL-013,2026-09-11 14:53:30.784587,2026-12-10 14:53:30.784587
CLS-001657,CRD-001657,CLI-001004,2023-08-05,Saine,C,Stage 1,0,0.0098,0.4055,1827.41,7.24,7.45,7.25,0.0,1,,0,,Normal,Classification automatique,VAL-002,2026-09-11 14:53:30.787586,2026-12-10 14:53:30.787586
CLS-001658,CRD-001658,CLI-000383,2024-02-23,Saine,B,Stage 1,0,0.0113,0.6905,814.75,6.37,6.83,6.76,0.0,0,,0,,Normal,Classification automatique,VAL-016,2026-09-11 14:53:30.789709,2026-12-10 14:53:30.789709
CLS-001659,CRD-001659,CLI-000942,2022-11-02,Saine,B,Stage 1,0,0.0094,0.2329,8948.82,19.66,23.39,23.21,0.0,0,,0,,Normal,Classification automatique,VAL-008,2026-09-11 14:53:30.793709,2026-12-10 14:53:30.793709
CLS-001660,CRD-001660,CLI-004447,2024-09-29,Saine,A,Stage 1,0,0.0102,0.3256,51877.84,171.7,183.3,182.32,0.0,0,,0,,Normal,Classification automatique,VAL-011,2026-09-11 14:53:30.796711,2026-12-10 14:53:30.796711
CLS-001661,CRD-001661,CLI-004855,2025-11-09,Douteuse,D,Stage 3,286,0.5262,0.428,57619.35,12977.2,15437.0,15291.83,0.5,0,,1,2026-05-28,Retard de paiement,Classification automatique,VAL-018,2026-09-11 14:53:30.799709,2026-12-10 14:53:30.799709
CLS-001662,CRD-001662,CLI-000762,2024-12-03,Saine,C,Stage 1,0,0.016,0.4095,231939.59,1518.44,1637.47,1576.97,0.0,0,,0,,Normal,Classification automatique,VAL-002,2026-09-11 14:53:30.803802,2026-12-10 14:53:30.803802
CLS-001663,CRD-001663,CLI-001706,2023-12-10,Saine,C,Stage 1,0,0.0078,0.5606,10021.18,43.62,48.72,46.93,0.0,0,,0,,Normal,Classification automatique,VAL-001,2026-09-11 14:53:30.809807,2026-12-10 14:53:30.809807
CLS-001664,CRD-001664,CLI-001874,2026-04-24,Saine,C,Stage 1,0,0.0097,0.4281,22834.6,94.69,100.21,99.75,0.0,0,,0,,Normal,Classification automatique,VAL-007,2026-09-11 14:53:30.812808,2026-12-10 14:53:30.812808
CLS-001665,CRD-001665,CLI-002551,2023-07-17,Saine,B,Stage 2,4,0.0413,0.6686,320026.8,8835.88,10477.38,10413.45,0.0,0,,0,,Normal,Classification automatique,VAL-014,2026-09-11 14:53:30.815807,2026-12-10 14:53:30.815807
CLS-001666,CRD-001666,CLI-002087,2023-05-30,Saine,B,Stage 1,0,0.0194,0.5328,163586.27,1689.12,1884.78,1884.33,0.0,0,,0,,Normal,Classification automatique,VAL-003,2026-09-11 14:53:30.817806,2026-12-10 14:53:30.817806
CLS-001667,CRD-001667,CLI-002198,2024-01-18,Saine,C,Stage 1,0,0.0178,0.3908,30797.64,214.57,247.47,239.81,0.0,0,,0,,Normal,Classification automatique,VAL-018,2026-09-11 14:53:30.820820,2026-12-10 14:53:30.820820
CLS-001668,CRD-001668,CLI-000899,2022-07-17,Compromise,D,Stage 3,390,0.6527,0.2555,20833.65,3473.84,4167.28,4157.29,1.0,0,,1,2023-05-24,Retard de paiement,Classification automatique,VAL-005,2026-09-11 14:53:30.823824,2026-12-10 14:53:30.823824
CLS-001669,CRD-001669,CLI-004000,2022-12-31,Saine,B,Stage 1,0,0.0132,0.4876,1494.44,9.6,9.82,9.58,0.0,0,,0,,Normal,Classification automatique,VAL-016,2026-09-11 14:53:30.827825,2026-12-10 14:53:30.827825
CLS-001670,CRD-001670,CLI-003616,2024-08-15,Saine,C,Stage 1,0,0.0147,0.3645,66523.2,355.91,367.39,350.55,0.0,0,,0,,Normal,Classification automatique,VAL-003,2026-09-11 14:53:30.830827,2026-12-10 14:53:30.830827
CLS-001671,CRD-001671,CLI-001403,2026-07-22,Saine,B,Stage 1,0,0.0151,0.4457,89563.84,604.51,683.08,650.45,0.0,0,,0,,Normal,Classification automatique,VAL-015,2026-09-11 14:53:30.833825,2026-12-10 14:53:30.833825
CLS-001672,CRD-001672,CLI-003874,2024-11-26,Saine,A,Stage 1,0,0.0103,0.6088,5221.36,32.88,34.51,33.45,0.0,0,,0,,Normal,Classification automatique,VAL-006,2026-09-11 14:53:30.835826,2026-12-10 14:53:30.835826
CLS-001673,CRD-001673,CLI-003786,2023-04-28,Saine,B,Stage 1,0,0.0101,0.4432,89886.06,400.99,440.23,433.65,0.0,0,,0,,Normal,Classification automatique,VAL-017,2026-09-11 14:53:30.838821,2026-12-10 14:53:30.838821
CLS-001674,CRD-001674,CLI-004387,2026-01-15,Saine,C,Stage 1,0,0.0154,0.4536,6050.24,42.37,45.33,44.33,0.0,0,,0,,Normal,Classification automatique,VAL-004,2026-09-11 14:53:30.841825,2026-12-10 14:53:30.841825
CLS-001675,CRD-001675,CLI-002956,2023-08-21,Saine,B,Stage 1,0,0.0051,0.2118,3467.04,3.75,4.06,3.97,0.0,0,,0,,Normal,Classification automatique,VAL-018,2026-09-11 14:53:30.844803,2026-12-10 14:53:30.844803
CLS-001676,CRD-001676,CLI-001513,2024-05-18,Saine,A,Stage 1,0,0.0069,0.7201,4485.13,22.23,24.66,24.47,0.0,0,,0,,Normal,Classification automatique,VAL-009,2026-09-11 14:53:30.846804,2026-12-10 14:53:30.846804
CLS-001677,CRD-001677,CLI-001189,2023-01-20,Saine,C,Stage 1,0,0.0117,0.4329,2497.5,12.61,14.14,14.04,0.0,0,,0,,Normal,Classification automatique,VAL-016,2026-09-11 14:53:30.849803,2026-12-10 14:53:30.849803
CLS-001678,CRD-001678,CLI-002990,2026-08-24,Saine,B,Stage 1,0,0.0101,0.5988,10282.3,62.24,67.21,65.82,0.0,0,,0,,Normal,Classification automatique,VAL-006,2026-09-11 14:53:30.852802,2026-12-10 14:53:30.852802
CLS-001679,CRD-001679,CLI-002081,2027-08-04,Saine,B,Stage 1,0,0.0157,0.4354,22724.48,154.89,179.65,178.93,0.0,0,,0,,Normal,Classification automatique,VAL-004,2026-09-11 14:53:30.854802,2026-12-10 14:53:30.854802
CLS-001680,CRD-001680,CLI-004984,2026-03-25,Saine,C,Stage 1,0,0.0117,0.5254,104521.8,640.24,757.26,756.72,0.0,0,,0,,Normal,Classification automatique,VAL-007,2026-09-11 14:53:30.857804,2026-12-10 14:53:30.857804
CLS-001681,CRD-001681,CLI-003438,2024-09-11,Saine,B,Stage 1,0,0.0185,0.4664,70810.93,611.8,711.94,693.86,0.0,0,,0,,Normal,Classification automatique,VAL-008,2026-09-11 14:53:30.860825,2026-12-10 14:53:30.860825
CLS-001682,CRD-001682,CLI-000109,2024-09-09,Saine,B,Stage 1,0,0.0119,0.6268,250914.66,1877.76,1880.94,1879.79,0.0,0,,0,,Normal,Classification automatique,VAL-018,2026-09-11 14:53:30.862828,2026-12-10 14:53:30.862828
CLS-001683,CRD-001683,CLI-004699,2026-06-20,Saine,C,Stage 1,0,0.0128,0.3814,2501.09,12.21,14.17,13.78,0.0,0,,0,,Normal,Classification automatique,VAL-007,2026-09-11 14:53:30.865970,2026-12-10 14:53:30.865970
CLS-001684,CRD-001684,CLI-002828,2026-01-19,Saine,C,Stage 1,0,0.0139,0.4973,2135152.24,14766.7,17069.0,16736.88,0.0,0,,0,,Normal,Classification automatique,VAL-013,2026-09-11 14:53:30.868977,2026-12-10 14:53:30.868977
CLS-001685,CRD-001685,CLI-004748,2023-09-14,Pré-douteuse,D,Stage 3,124,0.2186,0.5374,5007.0,588.24,598.91,594.68,0.2,0,,0,,Retard de paiement,Classification automatique,VAL-008,2026-09-11 14:53:30.870977,2026-12-10 14:53:30.870977
CLS-001686,CRD-001686,CLI-000059,2024-09-22,Saine,C,Stage 1,0,0.0104,0.4353,60530.95,273.17,316.27,316.02,0.0,0,,0,,Normal,Classification automatique,VAL-017,2026-09-11 14:53:30.874099,2026-12-10 14:53:30.874099
CLS-001687,CRD-001687,CLI-000077,2023-11-15,Saine,C,Stage 1,0,0.0154,0.5344,9359.46,76.82,91.33,89.26,0.0,0,,0,,Normal,Classification automatique,VAL-019,2026-09-11 14:53:30.877103,2026-12-10 14:53:30.877103
CLS-001688,CRD-001688,CLI-000797,2023-06-23,Saine,C,Stage 1,0,0.0098,0.5163,2116.5,10.76,12.72,12.12,0.0,0,,0,,Normal,Classification automatique,VAL-018,2026-09-11 14:53:30.880103,2026-12-10 14:53:30.880103
CLS-001689,CRD-001689,CLI-000369,2023-08-22,Saine,C,Stage 1,0,0.0059,0.5071,108124.09,324.82,351.45,350.31,0.0,0,,0,,Normal,Classification automatique,VAL-010,2026-09-11 14:53:30.882105,2026-12-10 14:53:30.882105
CLS-001690,CRD-001690,CLI-004906,2024-10-04,Saine,B,Stage 1,0,0.0116,0.4349,34008.06,171.46,203.77,197.77,0.0,0,,0,,Normal,Classification automatique,VAL-001,2026-09-11 14:53:30.885106,2026-12-10 14:53:30.885106
CLS-001691,CRD-001691,CLI-000786,2024-11-20,Saine,A,Stage 1,0,0.005,0.5463,1723334.76,4716.65,5505.81,5375.07,0.0,0,,0,,Normal,Classification automatique,VAL-016,2026-09-11 14:53:30.888105,2026-12-10 14:53:30.888105
CLS-001692,CRD-001692,CLI-002089,2027-03-05,Saine,C,Stage 1,0,0.0093,0.5481,118601.82,605.61,652.79,641.98,0.0,0,,0,,Normal,Classification automatique,VAL-020,2026-09-11 14:53:30.890106,2026-12-10 14:53:30.890106
CLS-001693,CRD-001693,CLI-002315,2023-12-18,Saine,B,Stage 1,0,0.0054,0.2293,37380.76,46.02,54.18,53.3,0.0,0,,0,,Normal,Classification automatique,VAL-013,2026-09-11 14:53:30.893106,2026-12-10 14:53:30.893106
CLS-001694,CRD-001694,CLI-003385,2024-12-29,Saine,C,Stage 1,0,0.008,0.2702,120384.4,259.11,273.12,260.16,0.0,0,,0,,Normal,Classification automatique,VAL-018,2026-09-11 14:53:30.896106,2026-12-10 14:53:30.896106
CLS-001695,CRD-001695,CLI-003606,2025-01-08,Saine,C,Stage 1,0,0.0053,0.4714,587089.17,1477.75,1693.67,1644.28,0.0,0,,0,,Normal,Classification automatique,VAL-014,2026-09-11 14:53:30.899106,2026-12-10 14:53:30.899106
CLS-001696,CRD-001696,CLI-004112,2024-12-09,Saine,C,Stage 1,0,0.0084,0.5674,17121.13,81.67,93.54,89.8,0.0,0,,0,,Normal,Classification automatique,VAL-012,2026-09-11 14:53:30.901105,2026-12-10 14:53:30.901105
CLS-001697,CRD-001697,CLI-001903,2027-01-09,Saine,B,Stage 1,0,0.0066,0.7343,43626.92,212.38,223.29,219.13,0.0,0,,0,,Normal,Classification automatique,VAL-015,2026-09-11 14:53:30.904107,2026-12-10 14:53:30.904107
CLS-001698,CRD-001698,CLI-001704,2026-12-27,Saine,C,Stage 1,0,0.0187,0.2569,14244.11,68.32,74.66,73.97,0.0,0,,0,,Normal,Classification automatique,VAL-020,2026-09-11 14:53:30.907106,2026-12-10 14:53:30.907106
CLS-001699,CRD-001699,CLI-000122,2024-10-27,Douteuse,D,Stage 3,337,0.5354,0.5159,13614.77,3760.58,4083.3,3992.76,0.5,0,,1,2025-04-09,Retard de paiement,Classification automatique,VAL-016,2026-09-11 14:53:30.909104,2026-12-10 14:53:30.909104
CLS-001700,CRD-001700,CLI-001845,2025-08-15,Saine,C,Stage 1,0,0.0076,0.4078,8672.24,26.86,32.14,31.39,0.0,0,,0,,Normal,Classification automatique,VAL-012,2026-09-11 14:53:30.912126,2026-12-10 14:53:30.912126
CLS-001701,CRD-001701,CLI-002370,2021-12-16,Saine,C,Stage 1,0,0.0175,0.2198,7958.27,30.69,31.54,30.25,0.0,0,,0,,Normal,Classification automatique,VAL-010,2026-09-11 14:53:30.915363,2026-12-10 14:53:30.915363
CLS-001702,CRD-001702,CLI-003729,2024-07-27,Saine,B,Stage 1,0,0.0101,0.5294,110371.09,591.79,709.81,705.44,0.0,0,,0,,Normal,Classification automatique,VAL-013,2026-09-11 14:53:30.918489,2026-12-10 14:53:30.918489
CLS-001703,CRD-001703,CLI-000911,2027-03-21,Saine,C,Stage 1,0,0.0181,0.6946,435895.13,5481.13,6509.61,6260.9,0.0,0,,0,,Normal,Classification automatique,VAL-008,2026-09-11 14:53:30.920491,2026-12-10 14:53:30.920491
CLS-001704,CRD-001704,CLI-000125,2026-02-26,Saine,C,Stage 1,0,0.0172,0.4659,9735.44,77.84,78.24,76.29,0.0,0,,0,,Normal,Classification automatique,VAL-004,2026-09-11 14:53:30.923490,2026-12-10 14:53:30.923490
CLS-001705,CRD-001705,CLI-002573,2026-12-19,Saine,C,Stage 1,0,0.0107,0.2851,34717.1,106.15,119.24,116.97,0.0,0,,0,,Normal,Classification automatique,VAL-002,2026-09-11 14:53:30.926489,2026-12-10 14:53:30.926489
CLS-001706,CRD-001706,CLI-001587,2027-01-29,Saine,C,Stage 1,0,0.0169,0.5225,2034.61,17.98,21.22,20.98,0.0,0,,0,,Normal,Classification automatique,VAL-003,2026-09-11 14:53:30.928490,2026-12-10 14:53:30.928490
CLS-001707,CRD-001707,CLI-001258,2025-07-20,Saine,B,Stage 1,0,0.0187,0.3256,1284582.87,7833.15,9226.29,9136.65,0.0,0,,0,,Normal,Classification automatique,VAL-015,2026-09-11 14:53:30.931490,2026-12-10 14:53:30.931490
CLS-001708,CRD-001708,CLI-003442,2026-06-14,Saine,C,Stage 1,0,0.0074,0.347,10076.86,25.81,27.72,26.44,0.0,0,,0,,Normal,Classification automatique,VAL-003,2026-09-11 14:53:30.934488,2026-12-10 14:53:30.934488
CLS-001709,CRD-001709,CLI-003481,2024-04-17,Saine,B,Stage 1,0,0.0061,0.6025,4819.97,17.65,18.74,18.0,0.0,0,,0,,Normal,Classification automatique,VAL-011,2026-09-11 14:53:30.936491,2026-12-10 14:53:30.936491
CLS-001710,CRD-001710,CLI-004109,2026-01-22,Saine,B,Stage 1,0,0.006,0.3001,4201.49,7.57,8.62,8.23,0.0,0,,0,,Normal,Classification automatique,VAL-005,2026-09-11 14:53:30.939489,2026-12-10 14:53:30.939489
CLS-001711,CRD-001711,CLI-001179,2024-02-19,Saine,C,Stage 1,0,0.0089,0.4615,22353.09,92.15,100.93,97.67,0.0,0,,0,,Normal,Classification automatique,VAL-015,2026-09-11 14:53:30.942470,2026-12-10 14:53:30.942470
CLS-001712,CRD-001712,CLI-003464,2021-12-21,Saine,C,Stage 1,0,0.0132,0.6084,9787.74,78.49,87.9,86.76,0.0,0,,0,,Normal,Classification automatique,VAL-018,2026-09-11 14:53:30.944470,2026-12-10 14:53:30.944470
CLS-001713,CRD-001713,CLI-003470,2022-04-25,Saine,A,Stage 1,0,0.0164,0.4987,319588.66,2608.16,2621.57,2617.17,0.0,0,,0,,Normal,Classification automatique,VAL-002,2026-09-11 14:53:30.947470,2026-12-10 14:53:30.947470
CLS-001714,CRD-001714,CLI-003468,2024-09-03,Saine,C,Stage 1,0,0.0102,0.2289,235509.54,548.88,576.01,563.11,0.0,0,,0,,Normal,Classification automatique,VAL-007,2026-09-11 14:53:30.950728,2026-12-10 14:53:30.950728
CLS-001715,CRD-001715,CLI-002104,2021-12-08,Saine,B,Stage 1,0,0.0149,0.4352,2009.78,13.05,14.35,14.32,0.0,0,,0,,Normal,Classification automatique,VAL-009,2026-09-11 14:53:30.952728,2026-12-10 14:53:30.952728
CLS-001716,CRD-001716,CLI-000443,2023-01-26,Saine,A,Stage 1,0,0.0184,0.4377,22003.93,177.53,180.15,177.59,0.0,0,,0,,Normal,Classification automatique,VAL-018,2026-09-11 14:53:30.955728,2026-12-10 14:53:30.955728
CLS-001717,CRD-001717,CLI-002228,2024-06-03,Saine,A,Stage 1,0,0.0121,0.2761,13286.49,44.36,45.77,43.66,0.0,0,,0,,Normal,Classification automatique,VAL-015,2026-09-11 14:53:30.957728,2026-12-10 14:53:30.957728
CLS-001718,CRD-001718,CLI-004417,2025-05-22,Saine,B,Stage 1,0,0.0178,0.3708,37850.03,250.44,279.54,268.83,0.0,0,,0,,Normal,Classification automatique,VAL-001,2026-09-11 14:53:30.960728,2026-12-10 14:53:30.960728
CLS-001719,CRD-001719,CLI-000926,2027-04-09,Saine,C,Stage 1,0,0.0139,0.2378,86864.7,286.77,287.46,279.3,0.0,0,,0,,Normal,Classification automatique,VAL-009,2026-09-11 14:53:30.963729,2026-12-10 14:53:30.963729
CLS-001720,CRD-001720,CLI-004021,2024-11-07,Saine,B,Stage 1,0,0.0086,0.448,41571.4,159.53,188.05,187.72,0.0,0,,0,,Normal,Classification automatique,VAL-008,2026-09-11 14:53:30.966922,2026-12-10 14:53:30.966922
CLS-001721,CRD-001721,CLI-002146,2023-06-06,Saine,B,Stage 1,0,0.0133,0.3796,33219.15,167.92,192.65,192.06,0.0,0,,0,,Normal,Classification automatique,VAL-020,2026-09-11 14:53:30.968921,2026-12-10 14:53:30.968921
CLS-001722,CRD-001722,CLI-004771,2023-10-09,Saine,C,Stage 1,0,0.0171,0.2139,10804.26,39.58,42.21,42.18,0.0,0,,0,,Normal,Classification automatique,VAL-004,2026-09-11 14:53:30.971921,2026-12-10 14:53:30.971921
CLS-001723,CRD-001723,CLI-001412,2022-09-09,Saine,B,Stage 1,0,0.0166,0.4506,51694.39,386.71,394.82,387.18,0.0,0,,0,,Normal,Classification automatique,VAL-020,2026-09-11 14:53:30.975205,2026-12-10 14:53:30.975205
CLS-001724,CRD-001724,CLI-003467,2023-08-26,Saine,C,Stage 1,0,0.017,0.5369,544.75,4.98,5.56,5.5,0.0,0,,0,,Normal,Classification automatique,VAL-018,2026-09-11 14:53:30.978218,2026-12-10 14:53:30.978218
CLS-001725,CRD-001725,CLI-002073,2025-11-21,Saine,C,Stage 1,0,0.0119,0.5095,1695.61,10.25,11.28,11.13,0.0,0,,0,,Normal,Classification automatique,VAL-003,2026-09-11 14:53:30.980225,2026-12-10 14:53:30.980225
CLS-001726,CRD-001726,CLI-001510,2022-08-12,Saine,B,Stage 1,0,0.0111,0.5067,145173.72,816.74,965.5,947.74,0.0,0,,0,,Normal,Classification automatique,VAL-019,2026-09-11 14:53:30.983223,2026-12-10 14:53:30.983223
CLS-001727,CRD-001727,CLI-001228,2022-06-11,Douteuse,D,Stage 3,333,0.4829,0.7364,6892.43,2450.8,2853.17,2719.09,0.5,0,,1,2022-09-30,Retard de paiement,Classification automatique,VAL-003,2026-09-11 14:53:30.985226,2026-12-10 14:53:30.985226
CLS-001728,CRD-001728,CLI-004073,2022-04-25,Saine,C,Stage 1,0,0.0157,0.5129,3677.03,29.57,32.19,31.42,0.0,0,,0,,Normal,Classification automatique,VAL-014,2026-09-11 14:53:30.988224,2026-12-10 14:53:30.988224
CLS-001729,CRD-001729,CLI-002586,2026-07-23,Saine,B,Stage 1,0,0.0068,0.4347,31225.64,92.69,94.69,91.2,0.0,0,,0,,Normal,Classification automatique,VAL-015,2026-09-11 14:53:30.990344,2026-12-10 14:53:30.990344
CLS-001730,CRD-001730,CLI-004451,2024-04-08,Pré-douteuse,D,Stage 3,157,0.2918,0.3748,1424.46,155.79,170.07,169.92,0.2,0,,0,,Retard de paiement,Classification automatique,VAL-010,2026-09-11 14:53:30.994368,2026-12-10 14:53:30.994368
CLS-001731,CRD-001731,CLI-002952,2023-01-25,Saine,C,Stage 1,0,0.0168,0.7237,208207.05,2537.47,2696.97,2592.67,0.0,0,,0,,Normal,Classification automatique,VAL-017,2026-09-11 14:53:30.996368,2026-12-10 14:53:30.996368
CLS-001732,CRD-001732,CLI-003886,2022-06-29,Saine,C,Stage 2,83,0.132,0.5141,12489.83,847.74,926.31,917.7,0.0,0,,0,,Retard de paiement,Classification automatique,VAL-013,2026-09-11 14:53:30.999364,2026-12-10 14:53:30.999364
CLS-001733,CRD-001733,CLI-000325,2027-03-14,Saine,B,Stage 1,0,0.0156,0.3073,18577.46,88.9,105.13,101.92,0.0,0,,0,,Normal,Classification automatique,VAL-009,2026-09-11 14:53:31.002368,2026-12-10 14:53:31.002368
CLS-001734,CRD-001734,CLI-003978,2023-07-04,Saine,C,Stage 1,0,0.0179,0.4473,9972.17,79.68,87.31,85.89,0.0,0,,0,,Normal,Classification automatique,VAL-017,2026-09-11 14:53:31.004369,2026-12-10 14:53:31.004369
CLS-001735,CRD-001735,CLI-003577,2026-12-28,Saine,C,Stage 1,0,0.0172,0.2719,33677.57,157.46,163.64,159.45,0.0,0,,0,,Normal,Classification automatique,VAL-001,2026-09-11 14:53:31.007368,2026-12-10 14:53:31.007368
CLS-001736,CRD-001736,CLI-002212,2026-07-15,Pré-douteuse,D,Stage 3,177,0.1987,0.2967,19379.34,1142.39,1209.99,1150.74,0.2,0,,0,,Retard de paiement,Classification automatique,VAL-007,2026-09-11 14:53:31.010369,2026-12-10 14:53:31.010369
CLS-001737,CRD-001737,CLI-003299,2022-08-05,Saine,A,Stage 1,0,0.0139,0.3253,1581.88,7.15,8.32,8.27,0.0,0,,0,,Normal,Classification automatique,VAL-010,2026-09-11 14:53:31.012368,2026-12-10 14:53:31.012368
CLS-001738,CRD-001738,CLI-003036,2026-07-06,Saine,A,Stage 1,0,0.0123,0.292,4331.69,15.51,16.43,16.19,0.0,0,,0,,Normal,Classification automatique,VAL-011,2026-09-11 14:53:31.015368,2026-12-10 14:53:31.015368
CLS-001739,CRD-001739,CLI-001499,2023-03-03,Saine,B,Stage 1,0,0.0062,0.6272,1979.78,7.7,8.44,8.21,0.0,0,,0,,Normal,Classification automatique,VAL-002,2026-09-11 14:53:31.017528,2026-12-10 14:53:31.017528
CLS-001740,CRD-001740,CLI-001503,2023-10-05,Saine,B,Stage 1,0,0.0069,0.3767,10048.54,26.14,28.19,27.44,0.0,0,,0,,Normal,Classification automatique,VAL-002,2026-09-11 14:53:31.020533,2026-12-10 14:53:31.020533
CLS-001741,CRD-001741,CLI-001007,2022-02-07,Saine,B,Stage 1,0,0.0077,0.2424,0.0,0.0,0.0,0.0,0.0,0,,0,,Normal,Classification automatique,VAL-008,2026-09-11 14:53:31.023709,2026-12-10 14:53:31.023709
CLS-001742,CRD-001742,CLI-004180,2021-12-09,Saine,C,Stage 1,0,0.0188,0.3155,5830.89,34.59,38.96,38.26,0.0,0,,0,,Normal,Classification automatique,VAL-016,2026-09-11 14:53:31.026839,2026-12-10 14:53:31.026839
CLS-001743,CRD-001743,CLI-003014,2024-08-14,Saine,B,Stage 1,0,0.0163,0.5236,701302.54,6002.21,7054.33,6729.44,0.0,0,,0,,Normal,Classification automatique,VAL-010,2026-09-11 14:53:31.048819,2026-12-10 14:53:31.048819
CLS-001744,CRD-001744,CLI-003517,2025-02-03,Saine,B,Stage 1,0,0.0192,0.3788,22595.86,164.32,184.5,176.65,0.0,0,,0,,Normal,Classification automatique,VAL-009,2026-09-11 14:53:31.052820,2026-12-10 14:53:31.052820
CLS-001745,CRD-001745,CLI-001468,2024-04-03,Saine,A,Stage 1,0,0.0131,0.5361,66514.31,467.71,469.92,455.33,0.0,0,,0,,Normal,Classification automatique,VAL-004,2026-09-11 14:53:31.054820,2026-12-10 14:53:31.054820
CLS-001746,CRD-001746,CLI-001226,2024-02-19,Saine,C,Stage 1,0,0.0109,0.4825,71553.11,374.94,444.57,427.12,0.0,0,,0,,Normal,Classification automatique,VAL-010,2026-09-11 14:53:31.057823,2026-12-10 14:53:31.057823
CLS-001747,CRD-001747,CLI-003168,2024-12-08,Pré-douteuse,D,Stage 3,179,0.3215,0.4529,173407.01,25245.0,28079.75,27753.32,0.2,0,,0,,Retard de paiement,Classification automatique,VAL-020,2026-09-11 14:53:31.060840,2026-12-10 14:53:31.060840
CLS-001748,CRD-001748,CLI-002268,2024-04-27,Saine,B,Stage 1,0,0.0105,0.3783,19443.35,77.34,79.63,78.11,0.0,0,,0,,Normal,Classification automatique,VAL-012,2026-09-11 14:53:31.063839,2026-12-10 14:53:31.063839
CLS-001749,CRD-001749,CLI-003809,2024-12-27,Saine,C,Stage 1,0,0.0117,0.3748,587.48,2.57,2.76,2.74,0.0,0,,0,,Normal,Classification automatique,VAL-004,2026-09-11 14:53:31.065975,2026-12-10 14:53:31.065975
CLS-001750,CRD-001750,CLI-001217,2026-01-26,Saine,C,Stage 1,0,0.0058,0.6079,68240.54,239.05,277.12,276.64,0.0,0,,0,,Normal,Classification automatique,VAL-001,2026-09-11 14:53:31.068980,2026-12-10 14:53:31.068980
