credit_id,client_id,agence_id,compte_id,type_credit,montant_initial,montant_restant_du,taux_interet_nominal,taux_effectif_global,duree_totale_mois,duree_restante_mois,montant_mensualite,date_octroi,date_premiere_echeance,date_derniere_echeance,date_derniere_mensualite_payee,nombre_echeances_payees,nombre_echeances_impayees,jours_retard,statut_credit,garantie,valeur_garantie,objet_financement,score_risque_octroi,classification_bale,provision_constituee,date_dernier_incident,nombre_incidents_paiement,conseiller_credit_id,date_creation,date_derniere_maj
CRD-000001,CLI-001502,AG-FÈS-01,CPT-001930,Crédit équipement,9789.06,6254.12,0.0388,0.0522,36,23,288.49,2026-02-10,2026-03-12,2029-01-25,2027-03-07,13,23,0,En cours,Nantissement,6326.76,Achat immobilier,419,C,45.91,,0,CONS-002,2026-09-11 14:53:25.429531,2026-09-11 14:53:25.429531
CRD-000002,CLI-002587,AG-EL -01,CPT-003290,Crédit consommation,11691.47,7794.31,0.0454,0.0597,36,24,347.99,2024-12-25,2025-01-24,2027-12-10,2025-12-20,12,24,0,En cours,Hypothèque,6793.97,Achat immobilier,455,C,27.35,,0,CONS-048,2026-09-11 14:53:25.432534,2026-09-11 14:53:25.432534
CRD-000003,CLI-002654,AG-RAB-03,CPT-003378,Crédit immobilier,198769.8,103360.3,0.0621,0.0756,300,156,1306.31,2024-11-04,2024-12-04,2049-06-26,2036-09-02,144,156,0,En cours,Caution personnelle,180964.68,Équipement professionnel,544,C,977.28,,0,CONS-027,2026-09-11 14:53:25.435532,2026-09-11 14:53:25.435532
CRD-000004,CLI-001056,AG-LAÂ-01,CPT-001345,Crédit automobile,39809.93,9123.11,0.0705,0.0892,48,11,954.22,2023-01-05,2023-02-04,2026-12-15,2026-01-19,37,11,0,En cours,Sans garantie,0.0,Fonds de roulement,608,B,114.32,,0,CONS-028,2026-09-11 14:53:25.437534,2026-09-11 14:53:25.437534
CRD-000005,CLI-000706,AG-KHE-01,CPT-000896,Crédit professionnel,12909.0,8606.0,0.0367,0.0446,84,56,174.5,2023-06-15,2023-07-15,2030-05-09,2025-10-02,28,56,0,En cours,Hypothèque,11270.88,Travaux,676,B,37.26,,0,CONS-038,2026-09-11 14:53:25.441545,2026-09-11 14:53:25.441545
CRD-000006,CLI-000107,AG-SAF-01,CPT-000139,Crédit automobile,14166.12,2065.89,0.0761,0.0837,48,7,343.25,2025-06-04,2025-07-04,2029-05-14,2028-10-16,41,7,0,En cours,Garantie autonome,12811.51,Véhicule,535,C,19.61,,0,CONS-016,2026-09-11 14:53:25.443552,2026-09-11 14:53:25.443552
CRD-000007,CLI-000590,AG-KHE-01,CPT-000746,Crédit immobilier,980631.76,813924.36,0.0635,0.0723,300,249,6529.68,2024-04-04,2024-05-04,2048-11-24,2028-06-12,51,249,0,En cours,Sans garantie,0.0,Achat immobilier,581,C,2924.22,,0,CONS-008,2026-09-11 14:53:25.446545,2026-09-11 14:53:25.446545
CRD-000008,CLI-002469,AG-MOH-01,CPT-003141,Crédit consommation,14051.82,0.0,0.0752,0.0841,12,0,1219.23,2025-03-22,2025-04-21,2026-03-17,2026-03-17,12,0,0,En cours,Caution personnelle,12788.81,Investissement,760,A,0.0,,0,CONS-011,2026-09-11 14:53:25.449550,2026-09-11 14:53:25.449550
CRD-000009,CLI-002414,AG-TÉT-01,CPT-003070,Crédit automobile,51399.75,38549.81,0.0464,0.0579,48,36,1175.34,2024-06-05,2024-07-05,2028-05-15,2025-05-31,12,36,0,En cours,Hypothèque,49414.89,Travaux,738,A,109.58,,0,CONS-002,2026-09-11 14:53:25.451547,2026-09-11 14:53:25.451547
CRD-000010,CLI-001601,AG-KHE-01,CPT-002046,Crédit automobile,43375.89,27109.93,0.068,0.0803,48,30,1034.67,2024-05-14,2024-06-13,2028-04-23,2025-11-05,18,30,0,En cours,Nantissement,47391.28,Investissement,586,C,52.98,,0,CONS-013,2026-09-11 14:53:25.454546,2026-09-11 14:53:25.454546
CRD-000011,CLI-002465,AG-KHO-01,CPT-003137,Crédit immobilier,214402.05,51813.83,0.0558,0.0647,120,29,2335.33,2026-02-09,2026-03-11,2035-12-19,2033-08-01,91,29,0,En cours,Sans garantie,0.0,Achat immobilier,565,C,670.07,,0,CONS-040,2026-09-11 14:53:25.457545,2026-09-11 14:53:25.457545
CRD-000012,CLI-000229,AG-TAN-02,CPT-000288,Crédit immobilier,114860.33,37903.91,0.0456,0.0646,300,99,642.35,2022-10-31,2022-11-30,2047-06-22,2039-05-05,201,99,0,En cours,Garantie autonome,86927.5,Fonds de roulement,475,C,216.3,,0,CONS-025,2026-09-11 14:53:25.459550,2026-09-11 14:53:25.459550
CRD-000013,CLI-000916,AG-AGA-01,CPT-001169,Crédit investissement,45861.17,29482.18,0.056,0.0683,84,54,661.21,2024-11-29,2024-12-29,2031-10-24,2027-05-18,30,54,0,En cours,Caution personnelle,42225.51,Investissement,715,A,182.72,,0,CONS-043,2026-09-11 14:53:25.461550,2026-09-11 14:53:25.461550
CRD-000014,CLI-000795,AG-CAS-04,CPT-001014,Crédit professionnel,253717.05,95143.89,0.0762,0.0943,48,18,6148.82,2022-08-21,2022-09-20,2026-07-31,2025-02-06,30,18,0,En cours,Hypothèque,294343.2,Achat immobilier,644,B,186.14,,0,CONS-019,2026-09-11 14:53:25.464532,2026-09-11 14:53:25.464532
CRD-000015,CLI-003022,AG-RAB-02,CPT-003858,Crédit immobilier,38772.62,5557.41,0.0788,0.0935,300,43,296.18,2025-12-02,2026-01-01,2050-07-24,2047-01-11,257,43,0,En cours,Sans garantie,0.0,Équipement professionnel,807,A,59.44,,0,CONS-027,2026-09-11 14:53:25.467773,2026-09-11 14:53:25.467773
CRD-000016,CLI-003544,AG-TAN-02,CPT-004523,Crédit équipement,6553.82,4642.29,0.0483,0.0618,24,17,287.03,2025-02-18,2025-03-20,2027-02-08,2025-09-16,7,17,0,En cours,Caution personnelle,3820.19,Travaux,789,A,47.18,,0,CONS-045,2026-09-11 14:53:25.470752,2026-09-11 14:53:25.470752
CRD-000017,CLI-001074,AG-LAÂ-01,CPT-001369,Crédit immobilier,185848.23,101184.04,0.0457,0.0612,180,98,1428.38,2023-04-22,2023-05-22,2038-02-02,2030-01-15,82,98,0,En cours,Nantissement,163473.87,Travaux,655,B,548.28,,0,CONS-049,2026-09-11 14:53:25.473828,2026-09-11 14:53:25.473828
CRD-000018,CLI-003352,AG-KÉN-01,CPT-004270,Crédit professionnel,29200.44,24681.32,0.062,0.0681,84,71,429.38,2026-03-24,2026-04-23,2033-02-15,2027-04-18,13,71,0,En cours,Sans garantie,0.0,Achat immobilier,671,B,285.22,,0,CONS-040,2026-09-11 14:53:25.475963,2026-09-11 14:53:25.475963
CRD-000019,CLI-001745,AG-CAS-02,CPT-002225,Crédit consommation,12218.57,2036.43,0.0733,0.0855,24,4,548.89,2023-08-19,2023-09-18,2025-08-08,2025-04-10,20,4,0,En cours,Caution personnelle,8695.93,Véhicule,680,B,13.33,,0,CONS-010,2026-09-11 14:53:25.478961,2026-09-11 14:53:25.478961
CRD-000020,CLI-001085,AG-FÈS-02,CPT-001386,Crédit consommation,14628.55,4266.66,0.045,0.0601,24,7,638.5,2025-07-19,2025-08-18,2027-07-09,2026-12-11,17,7,0,En cours,Hypothèque,15695.17,Véhicule,443,C,17.21,,0,CONS-021,2026-09-11 14:53:25.480963,2026-09-11 14:53:25.480963
CRD-000021,CLI-000927,AG-RAB-02,CPT-001182,Crédit immobilier,962688.69,147612.27,0.0666,0.0728,300,46,6596.72,2022-12-10,2023-01-09,2047-08-01,2043-10-21,254,46,333,Contentieux,Garantie autonome,1122165.16,Études,384,D,39872.43,2024-12-05,3,CONS-042,2026-09-11 14:53:25.483963,2026-09-11 14:53:25.483963
CRD-000022,CLI-003050,AG-LAÂ-01,CPT-003892,Crédit automobile,37355.02,24280.76,0.045,0.0544,60,39,696.41,2023-08-31,2023-09-30,2028-08-04,2025-05-22,21,39,0,En cours,Hypothèque,22084.03,Études,622,B,166.81,,0,CONS-024,2026-09-11 14:53:25.486939,2026-09-11 14:53:25.486939
CRD-000023,CLI-001118,AG-CAS-05,CPT-001426,Crédit automobile,65861.13,24697.92,0.065,0.076,48,18,1561.89,2022-12-09,2023-01-08,2026-11-18,2025-05-27,30,18,0,En cours,Nantissement,41616.11,Investissement,509,C,96.05,,0,CONS-043,2026-09-11 14:53:25.488940,2026-09-11 14:53:25.488940
CRD-000024,CLI-000643,AG-SAL-01,CPT-000809,Crédit immobilier,1225577.36,934502.74,0.0511,0.0709,240,183,8162.93,2025-07-28,2025-08-27,2045-04-14,2030-04-03,57,183,0,En cours,Sans garantie,0.0,Équipement professionnel,697,B,4079.21,,0,CONS-019,2026-09-11 14:53:25.492125,2026-09-11 14:53:25.492125
CRD-000025,CLI-004768,AG-AGA-02,CPT-006113,Crédit professionnel,73803.23,26138.64,0.0652,0.08,48,17,1750.92,2022-06-21,2022-07-21,2026-05-31,2025-01-06,31,17,0,En cours,Sans garantie,0.0,Achat immobilier,471,C,335.74,,0,CONS-043,2026-09-11 14:53:25.494127,2026-09-11 14:53:25.494127
CRD-000026,CLI-000502,AG-CAS-05,CPT-000636,Crédit consommation,13591.63,5096.86,0.0575,0.0741,24,9,600.86,2025-03-17,2025-04-16,2027-03-07,2026-06-10,15,9,0,En cours,Sans garantie,0.0,Achat immobilier,640,B,59.27,,0,CONS-020,2026-09-11 14:53:25.497127,2026-09-11 14:53:25.497127
CRD-000027,CLI-004067,AG-CAS-04,CPT-005203,Crédit automobile,13915.63,12176.18,0.0431,0.0587,24,21,606.21,2023-12-30,2024-01-29,2025-12-19,2024-03-29,3,21,0,En cours,Sans garantie,0.0,Achat immobilier,601,B,104.31,,0,CONS-045,2026-09-11 14:53:25.499235,2026-09-11 14:53:25.499235
CRD-000028,CLI-000334,AG-TAN-01,CPT-000423,Crédit immobilier,571550.45,557261.69,0.0605,0.0719,120,117,6359.74,2022-10-11,2022-11-10,2032-08-19,2023-01-09,3,117,0,En cours,Sans garantie,0.0,Études,410,C,5241.31,,0,CONS-032,2026-09-11 14:53:25.502261,2026-09-11 14:53:25.502261
CRD-000029,CLI-004685,AG-LAÂ-01,CPT-006004,Crédit investissement,147511.68,73755.84,0.0694,0.0837,48,24,3528.25,2023-10-14,2023-11-13,2027-09-23,2025-10-03,24,24,0,En cours,Sans garantie,0.0,Véhicule,667,B,932.6,,0,CONS-046,2026-09-11 14:53:25.505256,2026-09-11 14:53:25.505256
CRD-000030,CLI-000487,AG-LAÂ-01,CPT-000617,Crédit automobile,48009.37,10668.75,0.0561,0.0686,36,8,1452.07,2025-10-21,2025-11-20,2028-10-05,2028-02-08,28,8,0,En cours,Sans garantie,0.0,Achat immobilier,651,B,123.07,,0,CONS-009,2026-09-11 14:53:25.507263,2026-09-11 14:53:25.507263
CRD-000031,CLI-001963,AG-NAD-01,CPT-002503,Crédit professionnel,76585.93,2127.39,0.0438,0.0495,36,1,2274.09,2021-11-02,2021-12-02,2024-10-17,2024-09-17,35,1,0,En cours,Nantissement,48721.64,Achat immobilier,597,C,13.19,,0,CONS-008,2026-09-11 14:53:25.509260,2026-09-11 14:53:25.509260
CRD-000032,CLI-000394,AG-KÉN-01,CPT-000497,Crédit professionnel,299206.27,37400.78,0.0337,0.0488,48,6,6671.77,2021-10-18,2021-11-17,2025-09-27,2025-03-31,42,6,0,En cours,Sans garantie,0.0,Véhicule,625,B,251.31,,0,CONS-038,2026-09-11 14:53:25.512259,2026-09-11 14:53:25.512259
CRD-000033,CLI-004843,AG-SAF-01,CPT-006208,Crédit automobile,35290.48,12351.67,0.0712,0.0823,60,21,700.79,2023-03-01,2023-03-31,2028-02-03,2026-05-14,39,21,71,En cours (retard),Nantissement,34394.26,Équipement professionnel,561,C,456.32,2023-11-08,1,CONS-046,2026-09-11 14:53:25.514260,2026-09-11 14:53:25.514260
CRD-000034,CLI-004867,AG-CAS-03,CPT-006240,Crédit immobilier,509956.56,268577.12,0.0565,0.0676,300,158,3177.42,2026-02-07,2026-03-09,2050-09-29,2037-10-07,142,158,0,En cours,Nantissement,298958.89,Véhicule,497,C,1203.09,,0,CONS-030,2026-09-11 14:53:25.517699,2026-09-11 14:53:25.517699
CRD-000035,CLI-001756,AG-AGA-02,CPT-002240,Crédit immobilier,285756.03,186693.94,0.0622,0.0792,300,196,1879.75,2024-10-20,2024-11-19,2049-06-11,2033-05-06,104,196,14,En cours (retard),Garantie autonome,160410.6,Équipement professionnel,612,B,3467.83,,0,CONS-041,2026-09-11 14:53:25.520700,2026-09-11 14:53:25.520700
CRD-000036,CLI-002516,AG-TÉT-01,CPT-003200,Crédit équipement,16370.63,6821.1,0.0756,0.0862,36,15,509.68,2022-05-02,2022-06-01,2025-04-16,2024-01-22,21,15,0,En cours,Sans garantie,0.0,Fonds de roulement,697,B,37.0,,0,CONS-029,2026-09-11 14:53:25.523699,2026-09-11 14:53:25.523699
CRD-000037,CLI-003586,AG-SAF-01,CPT-004581,Crédit automobile,583660.39,486383.66,0.0352,0.0544,48,40,13053.5,2023-07-10,2023-08-09,2027-06-19,2024-03-06,8,40,0,En cours,Sans garantie,0.0,Études,555,C,3539.61,,0,CONS-024,2026-09-11 14:53:25.525697,2026-09-11 14:53:25.525697
CRD-000038,CLI-004316,AG-SAL-01,CPT-005537,Crédit immobilier,227108.4,179794.15,0.057,0.0634,120,95,2487.29,2026-02-25,2026-03-27,2036-01-04,2028-03-16,25,95,0,En cours,Garantie autonome,238191.38,Achat immobilier,605,B,477.97,,0,CONS-023,2026-09-11 14:53:25.528699,2026-09-11 14:53:25.528699
CRD-000039,CLI-004967,AG-FÈS-02,CPT-006364,Crédit automobile,48567.45,16189.15,0.0763,0.0831,36,12,1513.65,2025-03-28,2025-04-27,2028-03-12,2027-03-18,24,12,0,En cours,Nantissement,45305.75,Investissement,697,B,58.08,,0,CONS-015,2026-09-11 14:53:25.531699,2026-09-11 14:53:25.531699
CRD-000040,CLI-002100,AG-RAB-03,CPT-002675,Crédit immobilier,1454217.76,1034110.41,0.0396,0.0483,180,128,10727.55,2022-04-18,2022-05-18,2037-01-29,2026-07-26,52,128,0,En cours,Sans garantie,0.0,Investissement,718,A,5861.21,,0,CONS-032,2026-09-11 14:53:25.533701,2026-09-11 14:53:25.533701
CRD-000041,CLI-003600,AG-TÉT-01,CPT-004600,Crédit professionnel,120589.21,107190.41,0.059,0.0748,36,32,3663.1,2026-07-05,2026-08-04,2029-06-19,2026-11-02,4,32,0,En cours,Hypothèque,103122.03,Travaux,655,B,385.41,,0,CONS-042,2026-09-11 14:53:25.536701,2026-09-11 14:53:25.536701
CRD-000042,CLI-004122,AG-AGA-02,CPT-005277,Crédit consommation,14028.28,5845.12,0.0371,0.0429,36,15,412.36,2026-03-02,2026-04-01,2029-02-14,2027-11-22,21,15,0,En cours,Sans garantie,0.0,Investissement,618,B,95.19,,0,CONS-017,2026-09-11 14:53:25.538700,2026-09-11 14:53:25.538700
CRD-000043,CLI-000030,AG-RAB-01,CPT-000044,Crédit professionnel,4076.33,1585.24,0.0361,0.0551,36,14,119.64,2023-11-19,2023-12-19,2026-11-03,2025-09-09,22,14,0,En cours,Caution personnelle,3417.53,Travaux,576,C,11.22,,0,CONS-009,2026-09-11 14:53:25.541696,2026-09-11 14:53:25.541696
CRD-000044,CLI-000066,AG-SAF-01,CPT-000085,Crédit immobilier,357958.29,349009.33,0.0471,0.0562,120,117,3746.17,2025-10-12,2025-11-11,2035-08-21,2026-01-10,3,117,0,En cours,Garantie autonome,344148.38,Travaux,445,C,2674.51,,0,CONS-031,2026-09-11 14:53:25.544699,2026-09-11 14:53:25.544699
CRD-000045,CLI-000839,AG-CAS-03,CPT-001071,Crédit professionnel,29838.24,24036.36,0.0484,0.0637,36,29,892.14,2025-08-31,2025-09-30,2028-08-15,2026-03-29,7,29,0,En cours,Garantie autonome,26707.0,Travaux,575,C,55.64,,0,CONS-021,2026-09-11 14:53:25.546681,2026-09-11 14:53:25.546681
CRD-000046,CLI-003907,AG-TAN-01,CPT-004993,Crédit immobilier,458543.32,99351.05,0.0725,0.0894,120,26,5383.35,2022-12-12,2023-01-11,2032-10-20,2030-09-01,94,26,0,En cours,Sans garantie,0.0,Travaux,639,B,716.28,,0,CONS-009,2026-09-11 14:53:25.551034,2026-09-11 14:53:25.551034
CRD-000047,CLI-003774,AG-MAR-02,CPT-004827,Crédit consommation,18174.81,2650.49,0.063,0.0799,48,7,429.34,2025-01-24,2025-02-23,2029-01-03,2028-06-07,41,7,0,En cours,Nantissement,12774.12,Équipement professionnel,657,B,30.72,,0,CONS-035,2026-09-11 14:53:25.553033,2026-09-11 14:53:25.553033
CRD-000048,CLI-004636,AG-KHO-01,CPT-005941,Crédit consommation,7475.17,2076.44,0.0564,0.069,36,10,226.19,2025-06-28,2025-07-28,2028-06-12,2027-08-17,26,10,0,En cours,Hypothèque,4200.84,Achat immobilier,619,B,5.56,,0,CONS-047,2026-09-11 14:53:25.556034,2026-09-11 14:53:25.556034
CRD-000049,CLI-003162,AG-MOH-01,CPT-004037,Crédit automobile,58169.1,30296.41,0.0344,0.0532,48,25,1298.88,2021-11-28,2021-12-28,2025-11-07,2023-10-19,23,25,0,En cours,Caution personnelle,38126.29,Achat immobilier,450,C,226.91,,0,CONS-009,2026-09-11 14:53:25.559033,2026-09-11 14:53:25.559033
CRD-000050,CLI-002660,AG-MEK-01,CPT-003387,Crédit équipement,42159.22,15224.16,0.0343,0.0537,36,13,1234.05,2025-08-04,2025-09-03,2028-07-19,2027-06-25,23,13,0,En cours,Nantissement,45787.25,Travaux,660,B,99.04,,0,CONS-048,2026-09-11 14:53:25.561034,2026-09-11 14:53:25.561034
CRD-000051,CLI-004616,AG-OUJ-01,CPT-005916,Crédit immobilier,697503.21,609152.8,0.079,0.0984,300,262,5337.32,2022-07-24,2022-08-23,2047-03-15,2025-09-06,38,262,0,En cours,Sans garantie,0.0,Équipement professionnel,621,B,3793.8,,0,CONS-019,2026-09-11 14:53:25.564034,2026-09-11 14:53:25.564034
CRD-000052,CLI-004629,AG-CAS-05,CPT-005932,Crédit consommation,16756.14,4189.03,0.0561,0.0707,12,3,1439.14,2021-11-01,2021-12-01,2022-10-27,2022-07-29,9,3,0,En cours,Garantie autonome,11477.96,Fonds de roulement,555,C,12.49,,0,CONS-049,2026-09-11 14:53:25.567237,2026-09-11 14:53:25.567237
CRD-000053,CLI-002452,AG-RAB-01,CPT-003121,Crédit immobilier,796352.27,539749.87,0.0626,0.0699,180,122,6832.45,2026-05-10,2026-06-09,2041-02-20,2031-02-13,58,122,0,En cours,Nantissement,731841.55,Études,790,A,3429.73,,0,CONS-009,2026-09-11 14:53:25.569236,2026-09-11 14:53:25.569236
CRD-000054,CLI-002847,AG-NAD-01,CPT-003628,Crédit immobilier,1278509.46,266356.14,0.03,0.0364,120,25,12345.38,2021-09-15,2021-10-15,2031-07-25,2029-07-05,95,25,0,En cours,Caution personnelle,657635.89,Études,660,B,1271.47,,0,CONS-023,2026-09-11 14:53:25.572237,2026-09-11 14:53:25.572237
CRD-000055,CLI-001145,AG-SAF-01,CPT-001464,Crédit automobile,25127.71,24080.72,0.0619,0.074,24,23,1115.83,2024-08-06,2024-09-05,2026-07-27,2024-09-05,1,23,239,Contentieux,Hypothèque,25614.04,Fonds de roulement,658,D,4615.98,2025-05-17,3,CONS-003,2026-09-11 14:53:25.575580,2026-09-11 14:53:25.575580
CRD-000056,CLI-003079,AG-BÉN-01,CPT-003927,Crédit immobilier,205808.23,146638.36,0.0732,0.0881,240,171,1635.4,2023-05-06,2023-06-05,2043-01-21,2029-01-04,69,171,0,En cours,Sans garantie,0.0,Études,567,C,1377.98,,0,CONS-044,2026-09-11 14:53:25.577579,2026-09-11 14:53:25.577579
CRD-000057,CLI-001104,AG-OUJ-01,CPT-001409,Crédit immobilier,993926.18,590833.9,0.0687,0.0762,180,107,8861.61,2024-08-19,2024-09-18,2039-06-02,2030-08-18,73,107,0,En cours,Hypothèque,938747.53,Études,572,C,2315.31,,0,CONS-023,2026-09-11 14:53:25.580598,2026-09-11 14:53:25.580598
CRD-000058,CLI-000169,AG-KÉN-01,CPT-000210,Crédit consommation,14108.92,9993.82,0.0674,0.0826,24,17,630.03,2025-04-09,2025-05-09,2027-03-30,2025-11-05,7,17,0,En cours,Sans garantie,0.0,Études,545,C,40.2,,0,CONS-021,2026-09-11 14:53:25.583597,2026-09-11 14:53:25.583597
CRD-000059,CLI-001671,AG-CAS-06,CPT-002137,Crédit équipement,34191.72,8547.93,0.0344,0.0495,12,3,2902.68,2025-05-01,2025-05-31,2026-04-26,2026-01-26,9,3,0,En cours,Sans garantie,0.0,Fonds de roulement,588,C,66.94,,0,CONS-039,2026-09-11 14:53:25.586598,2026-09-11 14:53:25.586598
CRD-000060,CLI-002571,AG-KÉN-01,CPT-003270,Crédit automobile,23523.77,7841.26,0.0348,0.0426,24,8,1016.08,2025-12-07,2026-01-06,2027-11-27,2027-04-01,16,8,0,En cours,Sans garantie,0.0,Investissement,373,C,43.06,,0,CONS-017,2026-09-11 14:53:25.589789,2026-09-11 14:53:25.589789
CRD-000061,CLI-002378,AG-EL -01,CPT-003026,Crédit immobilier,4962346.25,4342052.97,0.0363,0.0466,120,105,49373.36,2024-03-26,2024-04-25,2034-02-02,2025-06-19,15,105,0,En cours,Hypothèque,4311967.04,Véhicule,681,B,24882.24,,0,CONS-035,2026-09-11 14:53:25.592813,2026-09-11 14:53:25.592813
CRD-000062,CLI-004396,AG-TAN-02,CPT-005636,Crédit professionnel,182893.17,178538.57,0.0646,0.076,84,82,2712.32,2024-01-24,2024-02-23,2030-12-18,2024-03-24,2,82,180,Incident de paiement,Garantie autonome,121380.58,Études,740,D,24446.72,2024-09-13,3,CONS-001,2026-09-11 14:53:25.595814,2026-09-11 14:53:25.595814
CRD-000063,CLI-004258,AG-TAN-01,CPT-005457,Crédit immobilier,234171.3,61469.97,0.0503,0.0639,240,63,1549.31,2026-01-19,2026-02-18,2045-10-06,2040-08-03,177,63,0,En cours,Garantie autonome,134834.11,Véhicule,466,C,221.52,,0,CONS-034,2026-09-11 14:53:25.597816,2026-09-11 14:53:25.597816
CRD-000064,CLI-003863,AG-KHO-01,CPT-004941,Crédit immobilier,415235.84,384093.15,0.0525,0.0597,240,222,2798.04,2022-07-04,2022-08-03,2042-03-21,2023-12-26,18,222,0,En cours,Sans garantie,0.0,Véhicule,664,B,3956.75,,0,CONS-043,2026-09-11 14:53:25.600951,2026-09-11 14:53:25.600951
CRD-000065,CLI-000024,AG-NAD-01,CPT-000037,Crédit consommation,8552.36,5226.44,0.0542,0.0643,36,22,257.94,2023-08-05,2023-09-04,2026-07-20,2024-09-28,14,22,0,En cours,Sans garantie,0.0,Fonds de roulement,489,C,47.7,,0,CONS-016,2026-09-11 14:53:25.602952,2026-09-11 14:53:25.602952
CRD-000066,CLI-002634,AG-MAR-01,CPT-003352,Crédit consommation,11451.25,3817.08,0.0465,0.062,12,4,978.48,2026-03-30,2026-04-29,2027-03-25,2026-11-25,8,4,0,En cours,Nantissement,8746.95,Achat immobilier,589,C,29.96,,0,CONS-008,2026-09-11 14:53:25.604950,2026-09-11 14:53:25.604950
CRD-000067,CLI-003341,AG-EL -01,CPT-004253,Crédit investissement,621910.07,570084.23,0.0318,0.0395,48,44,13815.09,2022-01-08,2022-02-07,2025-12-18,2022-05-08,4,44,0,En cours,Nantissement,524999.01,Véhicule,562,C,4776.0,,0,CONS-016,2026-09-11 14:53:25.607950,2026-09-11 14:53:25.607950
CRD-000068,CLI-002216,AG-BÉN-01,CPT-002824,Crédit consommation,3390.28,3390.28,0.0404,0.0567,12,12,288.74,2024-03-25,2024-04-24,2025-03-20,,0,12,0,En cours,Hypothèque,2039.4,Équipement professionnel,406,C,21.51,,0,CONS-040,2026-09-11 14:53:25.610954,2026-09-11 14:53:25.610954
CRD-000069,CLI-003683,AG-TAN-01,CPT-004709,Crédit immobilier,20240.82,12987.86,0.0504,0.0603,240,154,134.03,2021-09-24,2021-10-24,2041-06-11,2028-10-17,86,154,0,En cours,Caution personnelle,14935.36,Études,711,A,85.16,,0,CONS-045,2026-09-11 14:53:25.613953,2026-09-11 14:53:25.613953
CRD-000070,CLI-004725,AG-FÈS-02,CPT-006055,Crédit consommation,23490.52,10766.49,0.0426,0.0565,48,22,533.13,2022-07-09,2022-08-08,2026-06-18,2024-08-27,26,22,0,En cours,Sans garantie,0.0,Fonds de roulement,371,C,126.13,,0,CONS-040,2026-09-11 14:53:25.617087,2026-09-11 14:53:25.617087
CRD-000071,CLI-001908,AG-MAR-01,CPT-002434,Crédit investissement,195237.6,52063.36,0.0495,0.0693,60,16,3679.9,2025-06-24,2025-07-24,2030-05-29,2029-02-03,44,16,0,En cours,Nantissement,188770.18,Fonds de roulement,479,C,280.68,,0,CONS-040,2026-09-11 14:53:25.619089,2026-09-11 14:53:25.619089
CRD-000072,CLI-000085,AG-LAÂ-01,CPT-000111,Crédit automobile,10019.24,6679.49,0.0655,0.0804,36,24,307.31,2024-09-08,2024-10-08,2027-08-24,2025-09-03,12,24,0,En cours,Hypothèque,8573.86,Travaux,627,B,23.97,,0,CONS-032,2026-09-11 14:53:25.622087,2026-09-11 14:53:25.622087
CRD-000073,CLI-000228,AG-CAS-05,CPT-000287,Crédit immobilier,174660.96,0.0,0.0305,0.0457,240,0,973.04,2022-09-30,2022-10-30,2042-06-17,2042-06-17,240,0,0,En cours,Nantissement,101187.87,Études,546,C,0.0,,0,CONS-035,2026-09-11 14:53:25.626064,2026-09-11 14:53:25.626064
CRD-000074,CLI-000297,AG-TAN-01,CPT-000370,Crédit professionnel,810124.36,81012.44,0.0519,0.0645,60,6,15358.67,2026-01-03,2026-02-02,2030-12-08,2030-06-11,54,6,0,En cours,Garantie autonome,546093.4,Investissement,404,C,611.2,,0,CONS-032,2026-09-11 14:53:25.628066,2026-09-11 14:53:25.628066
CRD-000075,CLI-001002,AG-SAL-01,CPT-001276,Crédit consommation,15431.97,7715.98,0.0551,0.0609,36,18,466.05,2022-07-18,2022-08-17,2025-07-02,2024-01-09,18,18,0,En cours,Caution personnelle,8372.7,Véhicule,707,A,76.64,,0,CONS-046,2026-09-11 14:53:25.632097,2026-09-11 14:53:25.632097
CRD-000076,CLI-002139,AG-KHE-01,CPT-002726,Crédit immobilier,124024.79,4650.93,0.0355,0.0439,240,9,722.48,2022-08-29,2022-09-28,2042-05-16,2041-08-19,231,9,0,En cours,Caution personnelle,127760.64,Investissement,675,B,28.7,,0,CONS-011,2026-09-11 14:53:25.635088,2026-09-11 14:53:25.635088
CRD-000077,CLI-000712,AG-CAS-04,CPT-000902,Crédit consommation,14661.6,13439.8,0.0438,0.0507,36,33,435.35,2025-03-04,2025-04-03,2028-02-17,2025-06-02,3,33,0,En cours,Garantie autonome,16173.49,Études,565,C,57.7,,0,CONS-032,2026-09-11 14:53:25.637089,2026-09-11 14:53:25.637089
CRD-000078,CLI-002802,AG-SET-01,CPT-003573,Crédit immobilier,1597554.14,1586903.78,0.0639,0.0701,300,298,10677.25,2026-07-20,2026-08-19,2051-03-11,2026-09-18,2,298,0,En cours,Garantie autonome,1760749.51,Travaux,525,C,5179.46,,0,CONS-023,2026-09-11 14:53:25.640083,2026-09-11 14:53:25.640083
CRD-000079,CLI-002528,AG-NAD-01,CPT-003215,Crédit consommation,19698.44,13679.47,0.0641,0.0694,36,25,602.93,2026-05-27,2026-06-26,2029-05-11,2027-04-22,11,25,0,En cours,Sans garantie,0.0,Achat immobilier,755,A,53.1,,0,CONS-003,2026-09-11 14:53:25.643086,2026-09-11 14:53:25.643086
CRD-000080,CLI-003753,AG-SAL-01,CPT-004800,Crédit automobile,57875.72,41477.6,0.0526,0.0705,60,43,1099.09,2022-08-06,2022-09-05,2027-07-11,2023-12-29,17,43,62,En cours (retard),Garantie autonome,35172.52,Études,595,C,1620.26,2025-07-30,1,CONS-012,2026-09-11 14:53:25.645089,2026-09-11 14:53:25.645089
CRD-000081,CLI-003322,AG-SAL-01,CPT-004227,Crédit professionnel,370440.31,216090.18,0.0325,0.0431,36,21,10813.71,2025-09-21,2025-10-21,2028-09-05,2026-12-15,15,21,0,En cours,Nantissement,237297.4,Achat immobilier,537,C,1458.86,,0,CONS-047,2026-09-11 14:53:25.649069,2026-09-11 14:53:25.649069
CRD-000082,CLI-003182,AG-TAN-02,CPT-004059,Crédit professionnel,84818.28,18848.51,0.0629,0.0825,36,8,2591.5,2023-08-30,2023-09-29,2026-08-14,2025-12-17,28,8,0,En cours,Hypothèque,72022.85,Études,596,C,51.68,,0,CONS-030,2026-09-11 14:53:25.652068,2026-09-11 14:53:25.652068
CRD-000083,CLI-004184,AG-SET-01,CPT-005358,Crédit immobilier,856114.92,656354.77,0.0332,0.0493,120,92,8393.77,2025-07-30,2025-08-29,2035-06-08,2027-11-17,28,92,0,En cours,Sans garantie,0.0,Investissement,453,C,9076.23,,0,CONS-018,2026-09-11 14:53:25.654068,2026-09-11 14:53:25.654068
CRD-000084,CLI-001616,AG-MEK-01,CPT-002068,Crédit automobile,164593.02,159106.59,0.0746,0.0828,60,58,3294.98,2024-03-15,2024-04-14,2029-02-17,2024-05-14,2,58,0,En cours,Caution personnelle,159666.87,Études,680,B,1003.38,,0,CONS-034,2026-09-11 14:53:25.657066,2026-09-11 14:53:25.657066
CRD-000085,CLI-003025,AG-TAN-02,CPT-003861,Crédit équipement,11800.01,11308.34,0.0722,0.091,24,23,529.49,2026-05-19,2026-06-18,2028-05-08,2026-06-18,1,23,0,En cours,Nantissement,7854.69,Fonds de roulement,540,C,69.62,,0,CONS-012,2026-09-11 14:53:25.660065,2026-09-11 14:53:25.660065
CRD-000086,CLI-001414,AG-AGA-02,CPT-001816,Crédit consommation,14246.79,7914.88,0.0311,0.0415,36,20,415.0,2023-03-22,2023-04-21,2026-03-06,2024-07-14,16,20,0,En cours,Hypothèque,16933.29,Achat immobilier,562,C,43.2,,0,CONS-011,2026-09-11 14:53:25.662066,2026-09-11 14:53:25.662066
CRD-000087,CLI-000764,AG-CAS-01,CPT-000968,Crédit immobilier,308783.85,60470.17,0.058,0.0633,240,47,2176.74,2023-11-25,2023-12-25,2043-08-12,2039-10-02,193,47,0,En cours,Sans garantie,0.0,Études,694,B,650.03,,0,CONS-023,2026-09-11 14:53:25.665194,2026-09-11 14:53:25.665194
CRD-000088,CLI-000656,AG-CAS-05,CPT-000827,Crédit consommation,9166.27,4583.14,0.0733,0.0791,24,12,411.77,2025-02-25,2025-03-27,2027-02-15,2026-02-20,12,12,0,En cours,Sans garantie,0.0,Travaux,715,A,40.42,,0,CONS-050,2026-09-11 14:53:25.668220,2026-09-11 14:53:25.668220
CRD-000089,CLI-004798,AG-KHO-01,CPT-006153,Crédit immobilier,226496.24,30199.5,0.0514,0.0632,300,40,1342.61,2022-03-20,2022-04-19,2046-11-09,2043-07-28,260,40,0,En cours,Sans garantie,0.0,Équipement professionnel,699,B,384.71,,0,CONS-023,2026-09-11 14:53:25.670217,2026-09-11 14:53:25.670217
CRD-000090,CLI-003850,AG-MOH-01,CPT-004925,Crédit automobile,64317.93,55742.21,0.044,0.0625,60,52,1196.16,2022-04-24,2022-05-24,2027-03-29,2022-12-20,8,52,0,En cours,Sans garantie,0.0,Achat immobilier,626,B,740.31,,0,CONS-043,2026-09-11 14:53:25.673396,2026-09-11 14:53:25.673396
CRD-000091,CLI-004154,AG-CAS-04,CPT-005320,Crédit consommation,6126.97,2297.61,0.0791,0.0937,48,18,149.32,2025-03-20,2025-04-19,2029-02-27,2027-09-06,30,18,0,En cours,Hypothèque,5128.01,Véhicule,637,B,5.96,,0,CONS-013,2026-09-11 14:53:25.675423,2026-09-11 14:53:25.675423
CRD-000092,CLI-000469,AG-CAS-02,CPT-000593,Crédit équipement,12496.76,6248.38,0.0377,0.0474,12,6,1062.79,2023-12-07,2024-01-06,2024-12-01,2024-06-04,6,6,0,En cours,Nantissement,12910.85,Achat immobilier,598,C,17.97,,0,CONS-010,2026-09-11 14:53:25.678421,2026-09-11 14:53:25.678421
CRD-000093,CLI-000158,AG-RAB-01,CPT-000198,Crédit immobilier,436481.53,109120.38,0.0388,0.0475,300,75,2275.09,2024-10-19,2024-11-18,2049-06-10,2043-04-13,225,75,0,En cours,Sans garantie,0.0,Achat immobilier,646,B,1166.18,,0,CONS-013,2026-09-11 14:53:25.680422,2026-09-11 14:53:25.680422
CRD-000094,CLI-001296,AG-AGA-02,CPT-001662,Crédit consommation,3057.45,2208.16,0.0734,0.0883,36,26,94.88,2025-08-02,2025-09-01,2028-07-17,2026-05-29,10,26,0,En cours,Caution personnelle,3082.86,Achat immobilier,559,C,6.31,,0,CONS-010,2026-09-11 14:53:25.683422,2026-09-11 14:53:25.683422
CRD-000095,CLI-000498,AG-MAR-01,CPT-000631,Crédit immobilier,368130.76,41721.49,0.0589,0.0752,300,34,2347.18,2021-12-04,2022-01-03,2046-07-26,2043-10-10,266,34,0,En cours,Sans garantie,0.0,Investissement,734,A,500.9,,0,CONS-005,2026-09-11 14:53:25.685423,2026-09-11 14:53:25.685423
CRD-000096,CLI-004741,AG-TAN-02,CPT-006075,Crédit consommation,19715.87,10679.43,0.0423,0.0544,24,13,858.18,2025-09-18,2025-10-18,2027-09-08,2026-08-14,11,13,129,Incident de paiement,Hypothèque,22267.35,Achat immobilier,388,D,795.76,2026-07-26,2,CONS-009,2026-09-11 14:53:25.688416,2026-09-11 14:53:25.688416
CRD-000097,CLI-002941,AG-MAR-01,CPT-003749,Crédit consommation,10245.16,10031.72,0.0442,0.0567,48,47,233.26,2024-03-19,2024-04-18,2028-02-27,2024-04-18,1,47,0,En cours,Garantie autonome,11059.61,Équipement professionnel,531,C,43.9,,0,CONS-005,2026-09-11 14:53:25.691558,2026-09-11 14:53:25.691558
CRD-000098,CLI-003457,AG-RAB-02,CPT-004411,Crédit automobile,40865.62,20432.81,0.0342,0.0433,24,12,1764.06,2023-09-20,2023-10-20,2025-09-09,2024-09-14,12,12,0,En cours,Caution personnelle,33192.47,Fonds de roulement,594,C,208.46,,0,CONS-028,2026-09-11 14:53:25.693563,2026-09-11 14:53:25.693563
CRD-000099,CLI-000374,AG-KHO-01,CPT-000472,Crédit professionnel,44196.24,18415.1,0.0695,0.079,60,25,874.1,2025-03-26,2025-04-25,2030-02-28,2028-02-09,35,25,0,En cours,Garantie autonome,36469.08,Véhicule,711,A,114.21,,0,CONS-042,2026-09-11 14:53:25.696562,2026-09-11 14:53:25.696562
CRD-000100,CLI-000080,AG-FÈS-01,CPT-000106,Crédit consommation,27263.55,9087.85,0.0681,0.0877,12,4,2356.64,2022-04-23,2022-05-23,2023-04-18,2022-12-19,8,4,0,En cours,Hypothèque,17004.26,Travaux,576,C,37.28,,0,CONS-038,2026-09-11 14:53:25.698670,2026-09-11 14:53:25.698670
CRD-000101,CLI-001554,AG-MAR-02,CPT-001991,Crédit consommation,20926.5,19182.62,0.0504,0.0568,24,22,918.45,2024-05-27,2024-06-26,2026-05-17,2024-07-26,2,22,0,En cours,Caution personnelle,21676.61,Travaux,716,A,108.61,,0,CONS-033,2026-09-11 14:53:25.700695,2026-09-11 14:53:25.700695
CRD-000102,CLI-001670,AG-TÉT-01,CPT-002135,Crédit automobile,18952.55,2211.13,0.0637,0.0815,60,7,369.68,2025-08-23,2025-09-22,2030-07-28,2029-12-30,53,7,4,En cours (retard),Garantie autonome,17898.05,Véhicule,702,B,24.09,,0,CONS-024,2026-09-11 14:53:25.705698,2026-09-11 14:53:25.705698
CRD-000103,CLI-002132,AG-KHE-01,CPT-002715,Crédit automobile,25315.9,1406.44,0.0349,0.0424,36,2,741.7,2023-12-06,2024-01-05,2026-11-20,2026-09-21,34,2,0,En cours,Caution personnelle,28301.11,Fonds de roulement,612,B,5.35,,0,CONS-012,2026-09-11 14:53:25.708694,2026-09-11 14:53:25.708694
CRD-000104,CLI-004440,AG-EL -01,CPT-005691,Crédit consommation,20029.22,10014.61,0.0671,0.0797,48,24,476.93,2026-06-08,2026-07-08,2030-05-18,2028-05-28,24,24,0,En cours,Sans garantie,0.0,Investissement,681,B,35.85,,0,CONS-008,2026-09-11 14:53:25.711694,2026-09-11 14:53:25.711694
CRD-000105,CLI-000466,AG-RAB-02,CPT-000589,Crédit automobile,57683.05,8652.46,0.0444,0.0613,60,9,1073.81,2025-12-30,2026-01-29,2030-12-04,2030-03-09,51,9,0,En cours,Sans garantie,0.0,Équipement professionnel,719,A,58.74,,0,CONS-038,2026-09-11 14:53:25.714696,2026-09-11 14:53:25.714696
CRD-000106,CLI-000249,AG-CAS-05,CPT-000313,Crédit immobilier,290516.85,156556.3,0.0713,0.0807,180,97,2632.41,2021-09-17,2021-10-17,2036-06-30,2028-07-12,83,97,0,En cours,Garantie autonome,248515.89,Études,742,A,1039.02,,0,CONS-010,2026-09-11 14:53:25.717696,2026-09-11 14:53:25.717696
CRD-000107,CLI-000932,AG-CAS-01,CPT-001187,Crédit immobilier,227104.01,128692.27,0.0427,0.0495,120,68,2328.57,2025-10-27,2025-11-26,2035-09-05,2030-02-03,52,68,0,En cours,Caution personnelle,152329.99,Fonds de roulement,850,A,1131.98,,0,CONS-031,2026-09-11 14:53:25.720696,2026-09-11 14:53:25.720696
CRD-000108,CLI-001336,AG-AGA-01,CPT-001716,Crédit professionnel,572544.98,417480.71,0.066,0.0746,48,35,13604.3,2024-04-14,2024-05-14,2028-03-24,2025-05-09,13,35,0,En cours,Hypothèque,660410.22,Véhicule,607,B,1326.53,,0,CONS-042,2026-09-11 14:53:25.723694,2026-09-11 14:53:25.723694
CRD-000109,CLI-004525,AG-RAB-02,CPT-005800,Crédit investissement,157717.32,84115.9,0.0308,0.0401,60,32,2839.58,2025-10-29,2025-11-28,2030-10-03,2028-02-16,28,32,0,En cours,Sans garantie,0.0,Études,568,C,445.41,,0,CONS-002,2026-09-11 14:53:25.725693,2026-09-11 14:53:25.725693
CRD-000110,CLI-001339,AG-TAN-02,CPT-001719,Crédit automobile,103326.72,45922.99,0.0378,0.0552,36,16,3040.51,2024-06-18,2024-07-18,2027-06-03,2026-02-08,20,16,0,En cours,Nantissement,77414.79,Fonds de roulement,670,B,360.23,,0,CONS-032,2026-09-11 14:53:25.728696,2026-09-11 14:53:25.728696
CRD-000111,CLI-001407,AG-TÉT-01,CPT-001806,Crédit investissement,1030346.65,1018080.62,0.0409,0.0562,84,83,14126.33,2022-11-10,2022-12-10,2029-10-04,2022-12-10,1,83,69,En cours (retard),Sans garantie,0.0,Investissement,575,C,40791.69,2023-02-25,3,CONS-049,2026-09-11 14:53:25.731674,2026-09-11 14:53:25.731674
CRD-000112,CLI-001091,AG-RAB-02,CPT-001394,Crédit immobilier,1201207.91,1116122.35,0.0671,0.0858,240,223,9105.01,2025-10-21,2025-11-20,2045-07-08,2027-03-15,17,223,47,En cours (retard),Sans garantie,0.0,Fonds de roulement,544,C,77980.49,2026-07-01,1,CONS-034,2026-09-11 14:53:25.734673,2026-09-11 14:53:25.734673
CRD-000113,CLI-004210,AG-MAR-02,CPT-005391,Crédit automobile,42360.77,33535.61,0.0743,0.081,48,38,1022.85,2025-09-28,2025-10-28,2029-09-07,2026-07-25,10,38,0,En cours,Caution personnelle,28050.5,Véhicule,418,C,269.17,,0,CONS-002,2026-09-11 14:53:25.736675,2026-09-11 14:53:25.736675
CRD-000114,CLI-000743,AG-FÈS-02,CPT-000942,Crédit automobile,64918.82,7573.86,0.0434,0.0494,60,7,1205.57,2025-12-29,2026-01-28,2030-12-03,2030-05-07,53,7,0,En cours,Sans garantie,0.0,Achat immobilier,649,B,60.42,,0,CONS-050,2026-09-11 14:53:25.739673,2026-09-11 14:53:25.739673
CRD-000115,CLI-002324,AG-CAS-05,CPT-002963,Crédit automobile,27304.36,15472.47,0.0415,0.0546,60,34,504.7,2024-12-20,2025-01-19,2029-11-24,2027-02-08,26,34,0,En cours,Sans garantie,0.0,Achat immobilier,524,C,74.19,,0,CONS-046,2026-09-11 14:53:25.742691,2026-09-11 14:53:25.742691
CRD-000116,CLI-003602,AG-RAB-01,CPT-004603,Crédit équipement,7561.91,630.16,0.0718,0.0875,24,2,339.18,2026-02-14,2026-03-16,2028-02-04,2027-12-06,22,2,180,Incident de paiement,Sans garantie,0.0,Achat immobilier,586,D,128.82,2026-04-06,1,CONS-022,2026-09-11 14:53:25.745696,2026-09-11 14:53:25.745696
CRD-000117,CLI-002124,AG-LAÂ-01,CPT-002703,Crédit automobile,9627.98,9627.98,0.0314,0.0465,60,60,173.6,2021-11-23,2021-12-23,2026-10-28,,0,60,0,En cours,Nantissement,9713.58,Véhicule,475,C,78.81,,0,CONS-027,2026-09-11 14:53:25.748694,2026-09-11 14:53:25.748694
CRD-000118,CLI-002095,AG-CAS-01,CPT-002669,Crédit immobilier,109891.44,66545.37,0.0334,0.0409,180,109,776.99,2024-10-13,2024-11-12,2039-07-27,2030-08-13,71,109,268,Contentieux,Hypothèque,77279.1,Travaux,440,D,8254.36,2025-03-24,3,CONS-016,2026-09-11 14:53:25.751680,2026-09-11 14:53:25.751680
CRD-000119,CLI-000241,AG-AGA-01,CPT-000303,Crédit consommation,18365.63,15304.69,0.0588,0.0678,48,40,430.31,2025-11-13,2025-12-13,2029-10-23,2026-07-11,8,40,0,En cours,Nantissement,12998.89,Investissement,537,C,79.71,,0,CONS-008,2026-09-11 14:53:25.754679,2026-09-11 14:53:25.754679
CRD-000120,CLI-002352,AG-MOH-01,CPT-002995,Crédit immobilier,412176.88,65261.34,0.0449,0.0616,120,19,4269.75,2026-08-21,2026-09-20,2036-06-29,2034-12-07,101,19,0,En cours,Nantissement,374594.3,Achat immobilier,695,B,474.0,,0,CONS-034,2026-09-11 14:53:25.757678,2026-09-11 14:53:25.757678
CRD-000121,CLI-001371,AG-BÉN-01,CPT-001756,Crédit automobile,37098.81,30142.78,0.0745,0.0847,48,39,896.14,2025-10-25,2025-11-24,2029-10-04,2026-07-22,9,39,0,En cours,Nantissement,42933.11,Études,583,C,260.05,,0,CONS-010,2026-09-11 14:53:25.759679,2026-09-11 14:53:25.759679
CRD-000122,CLI-001058,AG-TAN-01,CPT-001348,Crédit consommation,16404.6,455.68,0.078,0.093,36,1,512.55,2025-01-11,2025-02-10,2027-12-27,2027-11-27,35,1,0,En cours,Sans garantie,0.0,Études,570,C,6.77,,0,CONS-012,2026-09-11 14:53:25.762672,2026-09-11 14:53:25.762672
CRD-000123,CLI-004817,AG-RAB-02,CPT-006175,Crédit équipement,20123.96,10061.98,0.0657,0.0811,12,6,1737.27,2024-01-15,2024-02-14,2025-01-09,2024-07-13,6,6,0,En cours,Caution personnelle,15317.4,Fonds de roulement,676,B,71.25,,0,CONS-020,2026-09-11 14:53:25.765674,2026-09-11 14:53:25.765674
CRD-000124,CLI-000200,AG-KHO-01,CPT-000253,Crédit consommation,10337.78,0.0,0.0511,0.0708,24,0,454.04,2026-01-29,2026-02-28,2028-01-19,2028-01-19,24,0,0,En cours,Sans garantie,0.0,Achat immobilier,646,B,0.0,,0,CONS-021,2026-09-11 14:53:25.768673,2026-09-11 14:53:25.768673
CRD-000125,CLI-002281,AG-SET-01,CPT-002904,Crédit automobile,4137.1,1723.79,0.0485,0.0575,48,20,94.99,2024-10-31,2024-11-30,2028-10-10,2027-02-18,28,20,0,En cours,Caution personnelle,3563.77,Investissement,683,B,12.98,,0,CONS-037,2026-09-11 14:53:25.770674,2026-09-11 14:53:25.770674
CRD-000126,CLI-004750,AG-FÈS-01,CPT-006089,Crédit automobile,38407.11,30939.06,0.0529,0.0686,36,29,1156.1,2026-09-03,2026-10-03,2029-08-18,2027-04-01,7,29,0,En cours,Nantissement,37379.2,Travaux,704,A,172.01,,0,CONS-023,2026-09-11 14:53:25.773672,2026-09-11 14:53:25.773672
CRD-000127,CLI-002221,AG-NAD-01,CPT-002831,Crédit équipement,9316.41,7763.68,0.0597,0.0675,12,10,801.7,2021-11-11,2021-12-11,2022-11-06,2022-01-10,2,10,0,En cours,Sans garantie,0.0,Investissement,513,C,76.51,,0,CONS-047,2026-09-11 14:53:25.775674,2026-09-11 14:53:25.775674
CRD-000128,CLI-004772,AG-RAB-03,CPT-006120,Crédit investissement,639265.52,559357.33,0.064,0.0708,48,42,15130.69,2025-04-18,2025-05-18,2029-03-28,2025-10-15,6,42,0,En cours,Caution personnelle,671986.74,Équipement professionnel,608,B,3454.34,,0,CONS-034,2026-09-11 14:53:25.778673,2026-09-11 14:53:25.778673
CRD-000129,CLI-002820,AG-RAB-01,CPT-003597,Crédit immobilier,160854.27,107236.18,0.0337,0.0487,240,160,922.18,2024-08-08,2024-09-07,2044-04-25,2031-03-05,80,160,107,Incident de paiement,Garantie autonome,186204.07,Équipement professionnel,671,D,15328.61,2025-10-19,3,CONS-037,2026-09-11 14:53:25.781695,2026-09-11 14:53:25.781695
CRD-000130,CLI-003151,AG-MAR-01,CPT-004023,Crédit automobile,19916.82,15767.48,0.0475,0.0577,24,19,871.55,2023-08-07,2023-09-06,2025-07-27,2024-01-04,5,19,315,Contentieux,Garantie autonome,11242.01,Fonds de roulement,834,D,3698.63,2025-09-07,2,CONS-039,2026-09-11 14:53:25.784695,2026-09-11 14:53:25.784695
CRD-000131,CLI-004257,AG-CAS-05,CPT-005456,Crédit immobilier,328102.3,157489.1,0.0482,0.0654,300,144,1883.8,2026-03-02,2026-04-01,2050-10-22,2038-12-24,156,144,0,En cours,Caution personnelle,388334.66,Travaux,620,B,1058.19,,0,CONS-035,2026-09-11 14:53:25.786697,2026-09-11 14:53:25.786697
CRD-000132,CLI-003108,AG-LAÂ-01,CPT-003964,Crédit consommation,6057.61,5048.01,0.0632,0.0755,24,20,269.35,2024-08-25,2024-09-24,2026-08-15,2024-12-23,4,20,0,En cours,Nantissement,5452.95,Investissement,532,C,39.75,,0,CONS-021,2026-09-11 14:53:25.789803,2026-09-11 14:53:25.789803
CRD-000133,CLI-001974,AG-SET-01,CPT-002518,Crédit immobilier,769887.01,419160.71,0.0415,0.0466,180,98,5752.81,2022-11-26,2022-12-26,2037-09-08,2029-08-21,82,98,0,En cours,Sans garantie,0.0,Achat immobilier,519,C,5625.48,,0,CONS-006,2026-09-11 14:53:25.792804,2026-09-11 14:53:25.792804
CRD-000134,CLI-001376,AG-CAS-05,CPT-001763,Crédit automobile,47243.72,1312.33,0.0444,0.0583,36,1,1404.09,2025-10-16,2025-11-15,2028-09-30,2028-08-31,35,1,0,En cours,Nantissement,26527.45,Achat immobilier,654,B,3.64,,0,CONS-034,2026-09-11 14:53:25.797804,2026-09-11 14:53:25.797804
CRD-000135,CLI-003969,AG-MAR-01,CPT-005073,Crédit consommation,14283.05,14283.05,0.0587,0.0639,48,48,334.59,2022-07-24,2022-08-23,2026-07-03,,0,48,0,En cours,Sans garantie,0.0,Études,687,B,178.11,,0,CONS-018,2026-09-11 14:53:25.802804,2026-09-11 14:53:25.802804
CRD-000136,CLI-004063,AG-MOH-01,CPT-005196,Crédit immobilier,78706.52,21775.47,0.056,0.0657,300,83,488.04,2026-06-14,2026-07-14,2051-02-03,2044-04-10,217,83,0,En cours,Garantie autonome,66522.82,Études,548,C,114.88,,0,CONS-005,2026-09-11 14:53:25.808195,2026-09-11 14:53:25.808195
CRD-000137,CLI-004446,AG-MAR-01,CPT-005698,Crédit consommation,11181.32,931.78,0.0411,0.0486,24,2,486.1,2025-03-30,2025-04-29,2027-03-20,2027-01-19,22,2,0,En cours,Caution personnelle,5932.57,Fonds de roulement,671,B,5.46,,0,CONS-035,2026-09-11 14:53:25.813194,2026-09-11 14:53:25.813194
CRD-000138,CLI-003558,AG-CAS-04,CPT-004545,Crédit immobilier,60658.94,52571.08,0.0303,0.0475,120,104,586.57,2024-01-28,2024-02-27,2033-12-06,2025-05-22,16,104,0,En cours,Caution personnelle,50657.86,Achat immobilier,617,B,219.52,,0,CONS-040,2026-09-11 14:53:25.818193,2026-09-11 14:53:25.818193
CRD-000139,CLI-000965,AG-SAL-01,CPT-001231,Crédit immobilier,44806.71,25763.86,0.0655,0.0796,120,69,509.91,2021-09-27,2021-10-27,2031-08-06,2025-12-05,51,69,0,En cours,Sans garantie,0.0,Achat immobilier,633,B,359.65,,0,CONS-048,2026-09-11 14:53:25.822192,2026-09-11 14:53:25.822192
CRD-000140,CLI-000180,AG-MEK-01,CPT-000224,Crédit automobile,35969.39,32372.45,0.0574,0.0738,60,54,691.05,2021-12-27,2022-01-26,2026-12-01,2022-06-25,6,54,0,En cours,Hypothèque,20362.87,Achat immobilier,601,B,130.65,,0,CONS-029,2026-09-11 14:53:25.827190,2026-09-11 14:53:25.827190
CRD-000141,CLI-003699,AG-CAS-02,CPT-004730,Crédit immobilier,1179973.55,871869.35,0.0516,0.0661,180,133,9429.8,2024-03-07,2024-04-06,2038-12-19,2028-01-16,47,133,0,En cours,Sans garantie,0.0,Investissement,626,B,10871.2,,0,CONS-006,2026-09-11 14:53:25.831194,2026-09-11 14:53:25.831194
CRD-000142,CLI-003822,AG-CAS-03,CPT-004886,Crédit équipement,10332.45,4592.2,0.0321,0.0481,36,16,301.44,2025-06-14,2025-07-14,2028-05-29,2027-02-04,20,16,0,En cours,Caution personnelle,10748.71,Achat immobilier,679,B,32.29,,0,CONS-017,2026-09-11 14:53:25.836192,2026-09-11 14:53:25.836192
CRD-000143,CLI-004879,AG-CAS-05,CPT-006254,Crédit consommation,7764.8,1941.2,0.0718,0.0801,12,3,672.51,2026-02-17,2026-03-19,2027-02-12,2026-11-14,9,3,0,En cours,Nantissement,6307.84,Investissement,392,C,9.03,,0,CONS-027,2026-09-11 14:53:25.841196,2026-09-11 14:53:25.841196
CRD-000144,CLI-003900,AG-SET-01,CPT-004985,Crédit investissement,35186.65,4398.33,0.0539,0.0694,48,6,816.55,2025-07-14,2025-08-13,2029-06-23,2028-12-25,42,6,0,En cours,Hypothèque,36743.24,Fonds de roulement,564,C,7.62,,0,CONS-040,2026-09-11 14:53:25.848196,2026-09-11 14:53:25.848196
CRD-000145,CLI-004488,AG-AGA-01,CPT-005753,Crédit automobile,62839.84,34038.25,0.0592,0.0708,24,13,2782.84,2022-09-26,2022-10-26,2024-09-15,2023-08-22,11,13,0,En cours,Garantie autonome,38770.98,Achat immobilier,402,C,237.43,,0,CONS-011,2026-09-11 14:53:25.854192,2026-09-11 14:53:25.854192
CRD-000146,CLI-003239,AG-RAB-03,CPT-004126,Crédit automobile,13289.43,13067.94,0.0604,0.069,60,59,257.17,2026-01-10,2026-02-09,2030-12-15,2026-02-09,1,59,0,En cours,Garantie autonome,7316.52,Véhicule,456,C,74.79,,0,CONS-017,2026-09-11 14:53:25.859192,2026-09-11 14:53:25.859192
CRD-000147,CLI-002975,AG-KHO-01,CPT-003796,Crédit professionnel,22367.09,7721.97,0.0417,0.0582,84,29,307.48,2024-09-12,2024-10-12,2031-08-07,2029-03-20,55,29,42,En cours (retard),Nantissement,23106.0,Investissement,620,C,491.7,2024-10-12,3,CONS-004,2026-09-11 14:53:25.865204,2026-09-11 14:53:25.865204
CRD-000148,CLI-003581,AG-AGA-02,CPT-004576,Crédit consommation,10580.31,9478.19,0.0573,0.0629,48,43,247.17,2022-04-10,2022-05-10,2026-03-20,2022-09-07,5,43,0,En cours,Nantissement,7907.44,Fonds de roulement,619,B,94.76,,0,CONS-017,2026-09-11 14:53:25.871199,2026-09-11 14:53:25.871199
CRD-000149,CLI-002888,AG-KHE-01,CPT-003681,Crédit professionnel,205531.32,29973.32,0.0691,0.0795,48,7,4913.13,2025-06-27,2025-07-27,2029-06-06,2028-11-08,41,7,0,En cours,Nantissement,208519.38,Achat immobilier,624,B,140.08,,0,CONS-022,2026-09-11 14:53:25.874201,2026-09-11 14:53:25.874201
CRD-000150,CLI-002576,AG-CAS-05,CPT-003278,Crédit automobile,78993.12,78993.12,0.0685,0.0828,48,48,1886.1,2024-03-22,2024-04-21,2028-03-01,,0,48,0,En cours,Hypothèque,71437.85,Travaux,666,B,208.69,,0,CONS-007,2026-09-11 14:53:25.877196,2026-09-11 14:53:25.877196
CRD-000151,CLI-001420,AG-MOH-01,CPT-001825,Crédit automobile,14521.93,14521.93,0.0464,0.0592,24,24,634.76,2023-10-03,2023-11-02,2025-09-22,,0,24,0,En cours,Caution personnelle,14130.98,Véhicule,538,C,42.54,,0,CONS-012,2026-09-11 14:53:25.881196,2026-09-11 14:53:25.881196
CRD-000152,CLI-003908,AG-TÉT-01,CPT-004995,Crédit professionnel,39087.22,15200.59,0.0396,0.0519,36,14,1153.32,2025-06-09,2025-07-09,2028-05-24,2027-03-31,22,14,0,En cours,Hypothèque,36162.94,Achat immobilier,512,C,90.09,,0,CONS-029,2026-09-11 14:53:25.884197,2026-09-11 14:53:25.884197
CRD-000153,CLI-004674,AG-CAS-06,CPT-005988,Crédit automobile,24993.4,24299.14,0.0365,0.0435,36,35,734.02,2023-01-08,2023-02-07,2025-12-23,2023-02-07,1,35,0,En cours,Sans garantie,0.0,Achat immobilier,569,C,98.67,,0,CONS-003,2026-09-11 14:53:25.887199,2026-09-11 14:53:25.887199
CRD-000154,CLI-004903,AG-KHE-01,CPT-006285,Crédit immobilier,1074550.79,1047687.02,0.0527,0.0608,240,234,7252.81,2025-02-01,2025-03-03,2044-10-19,2025-07-31,6,234,0,En cours,Garantie autonome,560998.03,Études,651,B,5093.11,,0,CONS-039,2026-09-11 14:53:25.891355,2026-09-11 14:53:25.891355
CRD-000155,CLI-001861,AG-CAS-05,CPT-002373,Crédit immobilier,155697.35,5189.91,0.0308,0.0405,120,4,1509.18,2024-02-12,2024-03-13,2033-12-21,2033-08-23,116,4,0,En cours,Sans garantie,0.0,Achat immobilier,632,B,81.29,,0,CONS-034,2026-09-11 14:53:25.894335,2026-09-11 14:53:25.894335
CRD-000156,CLI-000009,AG-CAS-02,CPT-000014,Crédit professionnel,33089.08,18382.82,0.035,0.0451,36,20,969.58,2024-01-10,2024-02-09,2026-12-25,2025-05-04,16,20,0,En cours,Sans garantie,0.0,Achat immobilier,599,C,86.86,,0,CONS-047,2026-09-11 14:53:25.897337,2026-09-11 14:53:25.897337
CRD-000157,CLI-002895,AG-TÉT-01,CPT-003691,Crédit immobilier,116322.48,99843.46,0.0432,0.0528,240,206,724.66,2022-11-10,2022-12-10,2042-07-28,2025-08-26,34,206,0,En cours,Sans garantie,0.0,Équipement professionnel,500,C,1111.06,,0,CONS-009,2026-09-11 14:53:25.901537,2026-09-11 14:53:25.901537
CRD-000158,CLI-002848,AG-RAB-02,CPT-003630,Crédit professionnel,37926.04,4424.7,0.0707,0.0823,60,7,752.23,2024-07-28,2024-08-27,2029-07-02,2028-12-04,53,7,80,En cours (retard),Caution personnelle,27481.66,Études,753,C,199.3,2024-09-16,1,CONS-035,2026-09-11 14:53:25.904537,2026-09-11 14:53:25.904537
CRD-000159,CLI-003665,AG-TÉT-01,CPT-004685,Crédit automobile,79382.93,3307.62,0.0573,0.0659,48,2,1854.5,2021-11-14,2021-12-14,2025-10-24,2025-08-25,46,2,0,En cours,Sans garantie,0.0,Véhicule,650,B,41.49,,0,CONS-024,2026-09-11 14:53:25.907537,2026-09-11 14:53:25.907537
CRD-000160,CLI-000145,AG-CAS-03,CPT-000184,Crédit automobile,39280.31,29460.23,0.0336,0.0444,24,18,1694.58,2023-08-09,2023-09-08,2025-07-29,2024-02-05,6,18,0,En cours,Sans garantie,0.0,Véhicule,569,C,193.27,,0,CONS-012,2026-09-11 14:53:25.909538,2026-09-11 14:53:25.909538
CRD-000161,CLI-002105,AG-SET-01,CPT-002680,Crédit consommation,15948.3,2658.05,0.0351,0.0513,12,2,1354.43,2023-10-20,2023-11-19,2024-10-14,2024-08-15,10,2,0,En cours,Nantissement,17740.17,Achat immobilier,683,B,18.07,,0,CONS-023,2026-09-11 14:53:25.912538,2026-09-11 14:53:25.912538
CRD-000162,CLI-003144,AG-RAB-02,CPT-004013,Crédit consommation,28178.82,17611.76,0.0416,0.0614,48,30,638.27,2023-10-15,2023-11-14,2027-09-24,2025-04-07,18,30,0,En cours,Sans garantie,0.0,Investissement,696,B,155.2,,0,CONS-010,2026-09-11 14:53:25.915681,2026-09-11 14:53:25.915681
CRD-000163,CLI-000842,AG-TÉT-01,CPT-001074,Crédit consommation,32270.32,9412.18,0.07,0.0873,24,7,1444.83,2022-10-18,2022-11-17,2024-10-07,2024-03-11,17,7,0,En cours,Caution personnelle,33372.42,Travaux,450,C,52.44,,0,CONS-013,2026-09-11 14:53:25.917683,2026-09-11 14:53:25.917683
CRD-000164,CLI-001129,AG-AGA-02,CPT-001442,Crédit équipement,12258.96,4086.32,0.068,0.0823,36,12,377.4,2023-07-02,2023-08-01,2026-06-16,2025-06-21,24,12,0,En cours,Caution personnelle,12832.55,Équipement professionnel,539,C,12.19,,0,CONS-021,2026-09-11 14:53:25.920680,2026-09-11 14:53:25.920680
CRD-000165,CLI-000152,AG-TAN-02,CPT-000191,Crédit professionnel,179511.35,126085.35,0.0738,0.0873,84,59,2742.78,2021-11-27,2021-12-27,2028-10-21,2023-12-17,25,59,89,En cours (retard),Nantissement,129572.15,Achat immobilier,717,C,3814.8,2025-05-16,1,CONS-020,2026-09-11 14:53:25.922683,2026-09-11 14:53:25.922683
CRD-000166,CLI-003592,AG-RAB-01,CPT-004588,Crédit immobilier,336495.55,252371.66,0.0623,0.0781,120,90,3774.77,2022-04-23,2022-05-23,2032-03-01,2024-10-09,30,90,0,En cours,Nantissement,278065.96,Achat immobilier,375,C,2461.64,,0,CONS-014,2026-09-11 14:53:25.925809,2026-09-11 14:53:25.925809
CRD-000167,CLI-001053,AG-KÉN-01,CPT-001341,Crédit automobile,24038.99,15358.24,0.0366,0.0552,36,23,706.1,2023-01-21,2023-02-20,2026-01-05,2024-02-15,13,23,0,En cours,Garantie autonome,16851.39,Travaux,448,C,161.61,,0,CONS-013,2026-09-11 14:53:25.927816,2026-09-11 14:53:25.927816
CRD-000168,CLI-001591,AG-AGA-02,CPT-002034,Crédit automobile,63005.61,4200.37,0.0484,0.0617,60,4,1184.38,2023-12-24,2024-01-23,2028-11-27,2028-07-30,56,4,0,En cours,Garantie autonome,47353.14,Achat immobilier,476,C,15.52,,0,CONS-002,2026-09-11 14:53:25.930814,2026-09-11 14:53:25.930814
CRD-000169,CLI-003009,AG-CAS-05,CPT-003840,Crédit consommation,11550.71,10588.15,0.0439,0.0518,12,11,985.6,2022-10-12,2022-11-11,2023-10-07,2022-11-11,1,11,115,Incident de paiement,Hypothèque,9273.98,Études,616,D,676.54,2023-01-13,2,CONS-001,2026-09-11 14:53:25.933813,2026-09-11 14:53:25.933813
CRD-000170,CLI-002030,AG-EL -01,CPT-002586,Crédit immobilier,146917.49,12243.12,0.0752,0.0868,240,20,1185.35,2024-12-03,2025-01-02,2044-08-20,2042-12-29,220,20,0,En cours,Hypothèque,151225.08,Fonds de roulement,573,C,44.18,,0,CONS-033,2026-09-11 14:53:25.935814,2026-09-11 14:53:25.935814
CRD-000171,CLI-003419,AG-TÉT-01,CPT-004360,Crédit immobilier,71349.31,39836.7,0.0483,0.0633,120,67,750.86,2026-07-16,2026-08-15,2036-05-24,2030-11-22,53,67,0,En cours,Caution personnelle,38147.48,Travaux,640,B,231.85,,0,CONS-022,2026-09-11 14:53:25.938812,2026-09-11 14:53:25.938812
CRD-000172,CLI-001808,AG-TAN-02,CPT-002304,Crédit immobilier,50462.28,8830.9,0.0398,0.0547,120,21,510.43,2023-11-03,2023-12-03,2033-09-11,2031-12-21,99,21,0,En cours,Sans garantie,0.0,Véhicule,570,C,46.85,,0,CONS-003,2026-09-11 14:53:25.940950,2026-09-11 14:53:25.940950
CRD-000173,CLI-002697,AG-MAR-02,CPT-003436,Crédit immobilier,327228.55,24542.14,0.0554,0.0739,240,18,2258.36,2025-01-26,2025-02-25,2044-10-13,2043-04-22,222,18,0,En cours,Sans garantie,0.0,Équipement professionnel,440,C,275.77,,0,CONS-050,2026-09-11 14:53:25.943955,2026-09-11 14:53:25.943955
CRD-000174,CLI-003040,AG-RAB-01,CPT-003880,Crédit équipement,7555.7,6926.06,0.0422,0.0492,24,22,328.85,2026-04-04,2026-05-04,2028-03-24,2026-06-03,2,22,0,En cours,Hypothèque,4756.4,Études,561,C,34.34,,0,CONS-050,2026-09-11 14:53:25.946938,2026-09-11 14:53:25.946938
CRD-000175,CLI-000473,AG-KÉN-01,CPT-000599,Crédit immobilier,182775.06,10661.88,0.0447,0.0564,120,7,1891.61,2023-03-09,2023-04-08,2033-01-15,2032-06-19,113,7,0,En cours,Hypothèque,105052.45,Véhicule,538,C,28.01,,0,CONS-008,2026-09-11 14:53:25.950157,2026-09-11 14:53:25.950157
CRD-000176,CLI-003290,AG-CAS-01,CPT-004188,Crédit automobile,47669.07,11917.27,0.0535,0.0654,36,9,1436.19,2023-12-03,2024-01-02,2026-11-17,2026-02-20,27,9,0,En cours,Nantissement,49066.63,Achat immobilier,693,B,41.1,,0,CONS-048,2026-09-11 14:53:25.953157,2026-09-11 14:53:25.953157
CRD-000177,CLI-004075,AG-SAL-01,CPT-005212,Crédit automobile,10292.26,7890.73,0.0747,0.0806,60,46,206.09,2024-10-17,2024-11-16,2029-09-21,2025-12-11,14,46,0,En cours,Nantissement,11055.61,Travaux,485,C,22.62,,0,CONS-038,2026-09-11 14:53:25.956156,2026-09-11 14:53:25.956156
CRD-000178,CLI-003497,AG-CAS-01,CPT-004459,Crédit immobilier,349809.89,244866.92,0.0674,0.0736,300,210,2414.67,2024-04-11,2024-05-11,2048-12-01,2031-09-02,90,210,0,En cours,Caution personnelle,406969.82,Achat immobilier,508,C,1277.1,,0,CONS-038,2026-09-11 14:53:25.959161,2026-09-11 14:53:25.959161
CRD-000179,CLI-000280,AG-RAB-03,CPT-000351,Crédit équipement,6777.27,6777.27,0.0568,0.0763,24,24,299.4,2025-05-17,2025-06-16,2027-05-07,,0,24,0,En cours,Sans garantie,0.0,Véhicule,556,C,84.6,,0,CONS-017,2026-09-11 14:53:25.962157,2026-09-11 14:53:25.962157
CRD-000180,CLI-001742,AG-LAÂ-01,CPT-002222,Crédit investissement,19369.75,2305.92,0.0748,0.0879,84,10,296.91,2024-11-28,2024-12-28,2031-10-23,2030-12-27,74,10,136,Incident de paiement,Garantie autonome,20523.28,Achat immobilier,685,D,183.43,2025-08-14,2,CONS-005,2026-09-11 14:53:25.966938,2026-09-11 14:53:25.966938
CRD-000181,CLI-004625,AG-SAF-01,CPT-005926,Crédit automobile,30205.55,27688.42,0.0696,0.0894,60,55,597.54,2023-04-19,2023-05-19,2028-03-23,2023-09-16,5,55,0,En cours,Nantissement,31200.84,Équipement professionnel,767,A,160.87,,0,CONS-027,2026-09-11 14:53:25.970940,2026-09-11 14:53:25.970940
CRD-000182,CLI-002887,AG-OUJ-01,CPT-003680,Crédit professionnel,33952.1,5658.68,0.0571,0.0675,84,14,491.28,2023-08-31,2023-09-30,2030-07-25,2029-05-31,70,14,0,En cours,Hypothèque,19870.88,Fonds de roulement,492,C,32.2,,0,CONS-001,2026-09-11 14:53:25.973942,2026-09-11 14:53:25.973942
CRD-000183,CLI-001942,AG-CAS-01,CPT-002477,Crédit équipement,10591.03,1470.98,0.0727,0.0824,36,5,328.33,2023-07-25,2023-08-24,2026-07-09,2026-02-09,31,5,0,En cours,Garantie autonome,11049.1,Études,483,C,8.28,,0,CONS-016,2026-09-11 14:53:25.976941,2026-09-11 14:53:25.976941
CRD-000184,CLI-000101,AG-MOH-01,CPT-000132,Crédit équipement,13545.08,6490.35,0.0575,0.0751,48,23,316.56,2024-07-17,2024-08-16,2028-06-26,2026-08-06,25,23,0,En cours,Garantie autonome,15429.54,Véhicule,399,C,51.45,,0,CONS-049,2026-09-11 14:53:25.979940,2026-09-11 14:53:25.979940
CRD-000185,CLI-002805,AG-SAL-01,CPT-003577,Crédit immobilier,148313.68,130186.45,0.0343,0.0461,180,158,1055.18,2021-10-27,2021-11-26,2036-08-09,2023-08-18,22,158,0,En cours,Caution personnelle,145527.04,Travaux,498,C,384.96,,0,CONS-017,2026-09-11 14:53:25.983939,2026-09-11 14:53:25.983939
CRD-000186,CLI-003571,AG-MEK-01,CPT-004562,Crédit consommation,15007.11,13756.52,0.0527,0.0634,12,11,1286.58,2023-09-29,2023-10-29,2024-09-23,2023-10-29,1,11,0,En cours,Caution personnelle,7839.49,Achat immobilier,532,C,41.69,,0,CONS-005,2026-09-11 14:53:25.986944,2026-09-11 14:53:25.986944
CRD-000187,CLI-003685,AG-SET-01,CPT-004711,Crédit consommation,14357.13,7178.56,0.0337,0.0417,24,12,619.44,2025-12-30,2026-01-29,2027-12-20,2026-12-25,12,12,0,En cours,Garantie autonome,14050.13,Études,648,B,22.3,,0,CONS-019,2026-09-11 14:53:25.989945,2026-09-11 14:53:25.989945
CRD-000188,CLI-003662,AG-FÈS-01,CPT-004681,Crédit automobile,111312.09,57511.25,0.0612,0.0683,60,31,2158.19,2023-06-04,2023-07-04,2028-05-08,2025-10-21,29,31,0,En cours,Caution personnelle,115252.74,Fonds de roulement,450,C,141.66,,0,CONS-040,2026-09-11 14:53:25.992937,2026-09-11 14:53:25.992937
CRD-000189,CLI-000531,AG-FÈS-02,CPT-000674,Crédit consommation,8889.33,8395.48,0.0551,0.0667,36,34,268.46,2025-05-25,2025-06-24,2028-05-09,2025-07-24,2,34,24,En cours (retard),Sans garantie,0.0,Travaux,563,C,109.97,,0,CONS-006,2026-09-11 14:53:25.996946,2026-09-11 14:53:25.996946
CRD-000190,CLI-001887,AG-KHE-01,CPT-002405,Crédit immobilier,279488.03,246881.09,0.0411,0.056,300,265,1492.27,2023-10-09,2023-11-08,2048-05-30,2026-08-24,35,265,0,En cours,Nantissement,272703.51,Travaux,426,C,1842.9,,0,CONS-025,2026-09-11 14:53:26.001101,2026-09-11 14:53:26.001101
CRD-000191,CLI-000682,AG-MEK-01,CPT-000862,Crédit professionnel,90404.18,24107.78,0.0672,0.0832,60,16,1778.19,2023-08-22,2023-09-21,2028-07-26,2027-04-03,44,16,0,En cours,Garantie autonome,92098.82,Fonds de roulement,521,C,215.81,,0,CONS-004,2026-09-11 14:53:26.005100,2026-09-11 14:53:26.005100
CRD-000192,CLI-003795,AG-OUJ-01,CPT-004853,Crédit professionnel,73180.13,40655.63,0.0399,0.0542,36,20,2160.24,2024-07-03,2024-08-02,2027-06-18,2025-10-26,16,20,0,En cours,Garantie autonome,68420.11,Travaux,494,C,190.67,,0,CONS-044,2026-09-11 14:53:26.009102,2026-09-11 14:53:26.009102
CRD-000193,CLI-003945,AG-AGA-01,CPT-005043,Crédit automobile,24919.7,20351.09,0.0304,0.0495,60,49,448.22,2026-05-28,2026-06-27,2031-05-02,2027-04-23,11,49,0,En cours,Hypothèque,17415.61,Travaux,516,C,27.48,,0,CONS-035,2026-09-11 14:53:26.013081,2026-09-11 14:53:26.013081
CRD-000194,CLI-004667,AG-SAF-01,CPT-005980,Crédit automobile,95750.55,23937.64,0.0738,0.0911,24,6,4303.51,2022-04-12,2022-05-12,2024-04-01,2023-10-04,18,6,0,En cours,Garantie autonome,92270.54,Travaux,587,C,110.06,,0,CONS-004,2026-09-11 14:53:26.017259,2026-09-11 14:53:26.017259
CRD-000195,CLI-002019,AG-EL -01,CPT-002571,Crédit automobile,305357.82,279911.34,0.0594,0.0655,48,44,7162.94,2024-06-05,2024-07-05,2028-05-15,2024-10-03,4,44,0,En cours,Nantissement,333220.34,Études,749,A,2398.4,,0,CONS-008,2026-09-11 14:53:26.020261,2026-09-11 14:53:26.020261
CRD-000196,CLI-001097,AG-FÈS-01,CPT-001400,Crédit immobilier,295789.61,91201.8,0.0657,0.074,120,37,3369.18,2023-12-06,2024-01-05,2033-10-14,2030-09-30,83,37,0,En cours,Caution personnelle,294681.13,Véhicule,670,B,273.6,,0,CONS-046,2026-09-11 14:53:26.025461,2026-09-11 14:53:26.025461
CRD-000197,CLI-000830,AG-SET-01,CPT-001059,Crédit consommation,13973.23,9315.49,0.032,0.0392,24,16,601.82,2023-08-15,2023-09-14,2025-08-04,2024-04-11,8,16,0,En cours,Nantissement,14186.41,Équipement professionnel,406,C,26.66,,0,CONS-042,2026-09-11 14:53:26.028461,2026-09-11 14:53:26.028461
CRD-000198,CLI-002806,AG-RAB-02,CPT-003578,Crédit immobilier,552397.7,23016.57,0.0619,0.0742,240,10,4018.34,2026-03-01,2026-03-31,2045-11-16,2045-01-20,230,10,0,En cours,Sans garantie,0.0,Travaux,680,B,288.91,,0,CONS-019,2026-09-11 14:53:26.033460,2026-09-11 14:53:26.033460
CRD-000199,CLI-003830,AG-SAF-01,CPT-004896,Crédit équipement,21866.65,0.0,0.0561,0.0625,12,0,1878.07,2021-09-25,2021-10-25,2022-09-20,2022-09-20,12,0,0,En cours,Caution personnelle,25658.31,Équipement professionnel,646,B,0.0,,0,CONS-035,2026-09-11 14:53:26.036462,2026-09-11 14:53:26.036462
CRD-000200,CLI-004382,AG-SET-01,CPT-005619,Crédit consommation,13719.96,10289.97,0.0637,0.0709,48,36,324.55,2026-08-14,2026-09-13,2030-07-24,2027-08-09,12,36,0,En cours,Garantie autonome,11206.12,Travaux,648,B,43.25,,0,CONS-023,2026-09-11 14:53:26.040462,2026-09-11 14:53:26.040462
CRD-000201,CLI-003892,AG-CAS-06,CPT-004976,Crédit immobilier,109418.2,47414.55,0.0469,0.0592,120,52,1144.04,2026-01-19,2026-02-18,2035-11-28,2031-08-21,68,52,33,En cours (retard),Hypothèque,55476.24,Investissement,499,C,1290.05,2026-02-26,2,CONS-014,2026-09-11 14:53:26.044464,2026-09-11 14:53:26.044464
CRD-000202,CLI-000765,AG-AGA-02,CPT-000970,Crédit immobilier,1287852.4,42928.41,0.0619,0.0695,120,4,14420.99,2023-11-17,2023-12-17,2033-09-25,2033-05-28,116,4,0,En cours,Garantie autonome,1481722.61,Investissement,377,C,164.87,,0,CONS-012,2026-09-11 14:53:26.048463,2026-09-11 14:53:26.048463
CRD-000203,CLI-002768,AG-KHE-01,CPT-003527,Crédit automobile,86294.73,3595.61,0.0695,0.0864,24,1,3861.68,2023-10-15,2023-11-14,2025-10-04,2025-09-04,23,1,0,En cours,Garantie autonome,56785.66,Études,728,A,24.42,,0,CONS-028,2026-09-11 14:53:26.052466,2026-09-11 14:53:26.052466
CRD-000204,CLI-004329,AG-TÉT-01,CPT-005553,Crédit automobile,50932.33,42443.61,0.0622,0.0745,36,30,1554.54,2025-05-07,2025-06-06,2028-04-21,2025-11-03,6,30,48,En cours (retard),Garantie autonome,50467.81,Véhicule,608,C,1276.44,2026-04-18,2,CONS-040,2026-09-11 14:53:26.056468,2026-09-11 14:53:26.056468
CRD-000205,CLI-003296,AG-SAF-01,CPT-004194,Crédit équipement,7626.32,4130.92,0.0532,0.0673,48,26,176.74,2023-01-01,2023-01-31,2026-12-11,2024-10-22,22,26,0,En cours,Sans garantie,0.0,Travaux,562,C,45.37,,0,CONS-048,2026-09-11 14:53:26.060463,2026-09-11 14:53:26.060463
CRD-000206,CLI-002195,AG-KHO-01,CPT-002799,Crédit professionnel,118868.28,6603.79,0.0729,0.0905,36,2,3686.09,2021-09-16,2021-10-16,2024-08-31,2024-07-02,34,2,0,En cours,Nantissement,74257.23,Études,640,B,22.22,,0,CONS-027,2026-09-11 14:53:26.065481,2026-09-11 14:53:26.065481
CRD-000207,CLI-002358,AG-TAN-02,CPT-003002,Crédit investissement,30252.93,27731.85,0.0517,0.0674,60,55,573.27,2023-08-12,2023-09-11,2028-07-16,2024-01-09,5,55,0,En cours,Hypothèque,33267.36,Véhicule,568,C,160.84,,0,CONS-017,2026-09-11 14:53:26.069467,2026-09-11 14:53:26.069467
CRD-000208,CLI-003426,AG-CAS-04,CPT-004369,Crédit automobile,24282.88,5261.29,0.0597,0.0686,60,13,469.12,2026-05-17,2026-06-16,2031-04-21,2030-03-27,47,13,0,En cours,Garantie autonome,28985.51,Études,614,B,23.82,,0,CONS-017,2026-09-11 14:53:26.075468,2026-09-11 14:53:26.075468
CRD-000209,CLI-003980,AG-LAÂ-01,CPT-005086,Crédit professionnel,335424.87,186347.15,0.0326,0.0522,36,20,9793.04,2023-12-13,2024-01-12,2026-11-27,2025-04-06,16,20,0,En cours,Caution personnelle,246577.97,Travaux,553,C,895.57,,0,CONS-050,2026-09-11 14:53:26.080468,2026-09-11 14:53:26.080468
CRD-000210,CLI-000912,AG-CAS-03,CPT-001162,Crédit professionnel,602173.4,288541.42,0.047,0.0604,48,23,13785.94,2022-08-03,2022-09-02,2026-07-13,2024-08-22,25,23,0,En cours,Caution personnelle,303589.26,Travaux,585,C,1897.08,,0,CONS-023,2026-09-11 14:53:26.083460,2026-09-11 14:53:26.083460
CRD-000211,CLI-003146,AG-CAS-04,CPT-004017,Crédit immobilier,174768.32,153796.12,0.0306,0.0425,300,264,834.24,2025-03-12,2025-04-11,2049-11-01,2028-02-25,36,264,0,En cours,Hypothèque,110751.13,Travaux,730,A,771.29,,0,CONS-008,2026-09-11 14:53:26.087458,2026-09-11 14:53:26.087458
CRD-000212,CLI-001000,AG-RAB-02,CPT-001273,Crédit immobilier,1375859.48,103189.46,0.0591,0.0727,120,9,15212.75,2024-04-21,2024-05-21,2034-02-28,2033-06-03,111,9,0,En cours,Caution personnelle,1013761.92,Achat immobilier,680,B,1226.32,,0,CONS-010,2026-09-11 14:53:26.090459,2026-09-11 14:53:26.090459
CRD-000213,CLI-003654,AG-SET-01,CPT-004670,Crédit consommation,7924.27,2641.42,0.0485,0.0638,48,16,181.95,2024-04-03,2024-05-03,2028-03-13,2026-11-19,32,16,0,En cours,Garantie autonome,5819.82,Équipement professionnel,375,C,23.68,,0,CONS-043,2026-09-11 14:53:26.094481,2026-09-11 14:53:26.094481
CRD-000214,CLI-002484,AG-CAS-01,CPT-003159,Crédit immobilier,378431.63,248082.96,0.0397,0.057,180,118,2793.53,2022-08-05,2022-09-04,2037-05-18,2027-09-08,62,118,0,En cours,Caution personnelle,351212.28,Travaux,568,C,1494.64,,0,CONS-027,2026-09-11 14:53:26.099288,2026-09-11 14:53:26.099288
CRD-000215,CLI-004077,AG-AGA-01,CPT-005215,Crédit immobilier,342336.99,284139.7,0.0565,0.0666,300,249,2133.02,2025-04-17,2025-05-17,2049-12-07,2029-06-25,51,249,327,Contentieux,Garantie autonome,343632.98,Véhicule,498,D,69264.67,2026-05-02,2,CONS-024,2026-09-11 14:53:26.103098,2026-09-11 14:53:26.103098
CRD-000216,CLI-002371,AG-CAS-05,CPT-003019,Crédit immobilier,213387.7,64016.31,0.0482,0.0673,120,36,2244.58,2026-05-22,2026-06-21,2036-03-30,2033-04-15,84,36,0,En cours,Nantissement,191492.2,Travaux,673,B,435.78,,0,CONS-007,2026-09-11 14:53:26.106886,2026-09-11 14:53:26.106886
CRD-000217,CLI-004839,AG-CAS-02,CPT-006202,Crédit automobile,162391.01,162391.01,0.0315,0.0386,36,36,4733.27,2024-12-06,2025-01-05,2027-11-21,,0,36,0,En cours,Caution personnelle,177608.32,Études,547,C,1350.35,,0,CONS-012,2026-09-11 14:53:26.110178,2026-09-11 14:53:26.110684
CRD-000218,CLI-000034,AG-CAS-03,CPT-000049,Crédit immobilier,180538.73,12035.92,0.0495,0.0695,180,12,1422.99,2026-09-02,2026-10-02,2041-06-15,2040-06-20,168,12,0,En cours,Garantie autonome,216600.0,Fonds de roulement,801,A,62.65,,0,CONS-001,2026-09-11 14:53:26.114463,2026-09-11 14:53:26.114463
CRD-000219,CLI-003790,AG-OUJ-01,CPT-004847,Crédit consommation,15241.49,5715.56,0.0345,0.0466,24,9,658.14,2024-11-20,2024-12-20,2026-11-10,2026-02-13,15,9,0,En cours,Nantissement,14577.96,Travaux,442,C,20.99,,0,CONS-045,2026-09-11 14:53:26.119839,2026-09-11 14:53:26.119839
CRD-000220,CLI-001021,AG-NAD-01,CPT-001298,Crédit immobilier,879132.68,234435.38,0.0608,0.0708,120,32,9795.53,2025-07-25,2025-08-24,2035-06-03,2032-10-16,88,32,0,En cours,Caution personnelle,960088.83,Équipement professionnel,414,C,1064.36,,0,CONS-050,2026-09-11 14:53:26.125646,2026-09-11 14:53:26.125646
CRD-000221,CLI-001648,AG-OUJ-01,CPT-002106,Crédit professionnel,1022837.9,468800.7,0.0608,0.0687,48,22,24058.91,2024-01-15,2024-02-14,2027-12-25,2026-03-05,26,22,0,En cours,Nantissement,523691.74,Fonds de roulement,481,C,3028.55,,0,CONS-001,2026-09-11 14:53:26.129835,2026-09-11 14:53:26.129835
CRD-000222,CLI-000734,AG-KÉN-01,CPT-000931,Crédit immobilier,326548.68,304778.77,0.0749,0.0907,120,112,3874.49,2026-07-29,2026-08-28,2036-06-06,2027-03-26,8,112,0,En cours,Garantie autonome,196628.04,Achat immobilier,833,A,2326.66,,0,CONS-009,2026-09-11 14:53:26.133837,2026-09-11 14:53:26.133837
CRD-000223,CLI-004583,AG-MOH-01,CPT-005878,Crédit automobile,66469.49,31388.37,0.0357,0.0553,36,17,1949.76,2023-08-19,2023-09-18,2026-08-03,2025-03-11,19,17,0,En cours,Hypothèque,36460.48,Achat immobilier,766,A,50.22,,0,CONS-025,2026-09-11 14:53:26.136836,2026-09-11 14:53:26.136836
CRD-000224,CLI-003275,AG-RAB-02,CPT-004170,Crédit équipement,10361.22,7770.91,0.0516,0.0591,12,9,887.76,2022-02-05,2022-03-07,2023-01-31,2022-05-06,3,9,0,En cours,Hypothèque,7748.34,Achat immobilier,562,C,46.04,,0,CONS-006,2026-09-11 14:53:26.140892,2026-09-11 14:53:26.140892
CRD-000225,CLI-001621,AG-TÉT-01,CPT-002075,Crédit immobilier,857758.28,400287.2,0.0459,0.0622,180,84,6601.32,2022-08-18,2022-09-17,2037-05-31,2030-07-07,96,84,0,En cours,Caution personnelle,752024.02,Travaux,600,B,982.71,,0,CONS-010,2026-09-11 14:53:26.143696,2026-09-11 14:53:26.143696
CRD-000226,CLI-003136,AG-CAS-01,CPT-004002,Crédit professionnel,115746.7,1929.11,0.0667,0.0751,60,1,2273.95,2023-04-02,2023-05-02,2028-03-06,2028-02-05,59,1,0,En cours,Garantie autonome,116461.97,Fonds de roulement,585,C,16.68,,0,CONS-010,2026-09-11 14:53:26.146696,2026-09-11 14:53:26.146696
CRD-000227,CLI-002690,AG-CAS-04,CPT-003428,Crédit consommation,10859.3,7239.53,0.0311,0.0499,24,16,467.27,2024-03-15,2024-04-14,2026-03-05,2024-11-10,8,16,0,En cours,Hypothèque,9788.44,Études,519,C,26.0,,0,CONS-019,2026-09-11 14:53:26.148697,2026-09-11 14:53:26.148697
CRD-000228,CLI-002708,AG-MEK-01,CPT-003449,Crédit consommation,16766.8,14670.95,0.073,0.0905,24,21,752.98,2022-03-13,2022-04-12,2024-03-02,2022-06-11,3,21,0,En cours,Caution personnelle,11844.71,Véhicule,513,C,43.85,,0,CONS-002,2026-09-11 14:53:26.151882,2026-09-11 14:53:26.151882
CRD-000229,CLI-000298,AG-AGA-01,CPT-000372,Crédit consommation,9116.14,6457.27,0.0313,0.0386,48,34,202.3,2023-05-05,2023-06-04,2027-04-14,2024-06-28,14,34,0,En cours,Caution personnelle,7601.74,Fonds de roulement,623,B,25.61,,0,CONS-015,2026-09-11 14:53:26.154869,2026-09-11 14:53:26.154869
CRD-000230,CLI-002340,AG-CAS-02,CPT-002981,Crédit immobilier,324405.31,44335.39,0.0687,0.0805,300,41,2266.0,2024-04-09,2024-05-09,2048-11-29,2045-07-18,259,41,101,Incident de paiement,Garantie autonome,332394.99,Véhicule,550,D,7451.71,2025-05-10,3,CONS-038,2026-09-11 14:53:26.156868,2026-09-11 14:53:26.156868
CRD-000231,CLI-000654,AG-CAS-04,CPT-000825,Crédit consommation,10676.07,7117.38,0.055,0.0736,12,8,916.4,2024-05-20,2024-06-19,2025-05-15,2024-09-17,4,8,0,En cours,Hypothèque,7506.07,Équipement professionnel,641,B,21.07,,0,CONS-044,2026-09-11 14:53:26.159868,2026-09-11 14:53:26.159868
CRD-000232,CLI-003775,AG-CAS-01,CPT-004828,Crédit équipement,16342.4,13618.67,0.0564,0.0731,36,30,494.51,2023-09-18,2023-10-18,2026-09-02,2024-03-16,6,30,0,En cours,Nantissement,9729.95,Équipement professionnel,491,C,73.86,,0,CONS-034,2026-09-11 14:53:26.161869,2026-09-11 14:53:26.161869
CRD-000233,CLI-001256,AG-CAS-05,CPT-001609,Crédit immobilier,387671.64,19383.58,0.0356,0.0468,300,15,1953.27,2023-10-27,2023-11-26,2048-06-17,2047-03-25,285,15,0,En cours,Garantie autonome,312714.68,Achat immobilier,406,C,127.51,,0,CONS-015,2026-09-11 14:53:26.165028,2026-09-11 14:53:26.165028
CRD-000234,CLI-004521,AG-BÉN-01,CPT-005795,Crédit consommation,8296.6,1382.77,0.0493,0.0616,12,2,709.98,2024-11-28,2024-12-28,2025-11-23,2025-09-24,10,2,0,En cours,Hypothèque,5822.28,Études,505,C,3.46,,0,CONS-030,2026-09-11 14:53:26.167028,2026-09-11 14:53:26.167028
CRD-000235,CLI-000231,AG-MOH-01,CPT-000290,Crédit automobile,12937.82,431.26,0.043,0.0557,60,2,240.03,2021-12-06,2022-01-05,2026-11-10,2026-09-11,58,2,156,Incident de paiement,Garantie autonome,11282.3,Fonds de roulement,519,D,63.65,2022-06-05,3,CONS-015,2026-09-11 14:53:26.170030,2026-09-11 14:53:26.170030
CRD-000236,CLI-003277,AG-TAN-01,CPT-004172,Crédit automobile,117200.23,95225.19,0.0496,0.0619,48,39,2696.92,2022-10-01,2022-10-31,2026-09-10,2023-06-28,9,39,0,En cours,Nantissement,85777.99,Travaux,501,C,329.3,,0,CONS-013,2026-09-11 14:53:26.173028,2026-09-11 14:53:26.173028
CRD-000237,CLI-003231,AG-KHE-01,CPT-004116,Crédit automobile,66162.39,4135.15,0.0721,0.0887,48,3,1590.79,2022-01-12,2022-02-11,2025-12-22,2025-09-23,45,3,0,En cours,Caution personnelle,64035.46,Travaux,547,C,42.68,,0,CONS-019,2026-09-11 14:53:26.175222,2026-09-11 14:53:26.175222
CRD-000238,CLI-000692,AG-BÉN-01,CPT-000875,Crédit investissement,18420.35,9648.75,0.0476,0.064,84,44,258.28,2023-11-12,2023-12-12,2030-10-06,2027-02-24,40,44,0,En cours,Garantie autonome,17474.96,Achat immobilier,594,C,73.6,,0,CONS-034,2026-09-11 14:53:26.178224,2026-09-11 14:53:26.178224
CRD-000239,CLI-002755,AG-MOH-01,CPT-003509,Crédit consommation,28482.41,0.0,0.0717,0.0842,12,0,2466.72,2023-05-17,2023-06-16,2024-05-11,2024-05-11,12,0,0,En cours,Caution personnelle,33628.44,Études,492,C,0.0,,0,CONS-026,2026-09-11 14:53:26.181224,2026-09-11 14:53:26.181224
CRD-000240,CLI-004864,AG-TÉT-01,CPT-006237,Crédit immobilier,21974.14,18311.78,0.0552,0.074,300,250,135.2,2023-10-03,2023-11-02,2048-05-24,2027-11-11,50,250,0,En cours,Caution personnelle,23739.94,Achat immobilier,633,B,123.17,,0,CONS-012,2026-09-11 14:53:26.183227,2026-09-11 14:53:26.183227
CRD-000241,CLI-000970,AG-CAS-06,CPT-001237,Crédit consommation,19435.84,3239.31,0.0422,0.0541,36,6,575.73,2023-07-27,2023-08-26,2026-07-11,2026-01-12,30,6,0,En cours,Nantissement,18062.87,Équipement professionnel,628,B,17.01,,0,CONS-004,2026-09-11 14:53:26.186225,2026-09-11 14:53:26.186225
CRD-000242,CLI-000634,AG-LAÂ-01,CPT-000797,Crédit professionnel,554206.76,338681.91,0.0731,0.0811,36,22,17190.96,2021-09-13,2021-10-13,2024-08-28,2022-11-07,14,22,0,En cours,Caution personnelle,535752.93,Véhicule,511,C,2995.76,,0,CONS-025,2026-09-11 14:53:26.189224,2026-09-11 14:53:26.189224
CRD-000243,CLI-004093,AG-BÉN-01,CPT-005237,Crédit automobile,31274.67,7167.11,0.0456,0.0645,48,11,714.02,2025-04-14,2025-05-14,2029-03-24,2028-04-28,37,11,0,En cours,Caution personnelle,26080.29,Travaux,618,B,63.88,,0,CONS-031,2026-09-11 14:53:26.192205,2026-09-11 14:53:26.192205
CRD-000244,CLI-004078,AG-CAS-06,CPT-005217,Crédit professionnel,24951.37,9703.31,0.0689,0.0862,36,14,769.17,2025-02-07,2025-03-09,2028-01-23,2026-11-29,22,14,0,En cours,Nantissement,29644.83,Études,647,B,29.34,,0,CONS-032,2026-09-11 14:53:26.196208,2026-09-11 14:53:26.196208
CRD-000245,CLI-001322,AG-KHE-01,CPT-001695,Crédit automobile,67683.69,48506.64,0.0679,0.0856,60,43,1333.52,2025-04-29,2025-05-29,2030-04-03,2026-09-21,17,43,0,En cours,Caution personnelle,69632.24,Investissement,518,C,571.61,,0,CONS-001,2026-09-11 14:53:26.199208,2026-09-11 14:53:26.199208
CRD-000246,CLI-001832,AG-CAS-03,CPT-002336,Crédit immobilier,193711.58,105465.19,0.0318,0.047,180,98,1354.57,2022-03-03,2022-04-02,2036-12-14,2028-11-26,82,98,229,Contentieux,Garantie autonome,153638.04,Fonds de roulement,467,D,21033.93,2022-03-31,2,CONS-040,2026-09-11 14:53:26.203868,2026-09-11 14:53:26.203868
CRD-000247,CLI-002179,AG-MAR-02,CPT-002780,Crédit équipement,5548.63,2774.32,0.0325,0.0496,12,6,470.57,2024-04-08,2024-05-08,2025-04-03,2024-10-05,6,6,0,En cours,Nantissement,3511.18,Travaux,381,C,27.04,,0,CONS-013,2026-09-11 14:53:26.206868,2026-09-11 14:53:26.206868
CRD-000248,CLI-001418,AG-RAB-02,CPT-001822,Crédit professionnel,169725.11,134365.71,0.0419,0.0528,48,38,3846.68,2022-04-20,2022-05-20,2026-03-30,2023-02-14,10,38,0,En cours,Caution personnelle,116110.68,Travaux,503,C,1040.16,,0,CONS-002,2026-09-11 14:53:26.208870,2026-09-11 14:53:26.208870
CRD-000249,CLI-001783,AG-CAS-05,CPT-002276,Crédit immobilier,3366509.82,3130854.13,0.0536,0.0599,300,279,20392.8,2025-05-14,2025-06-13,2050-01-03,2027-02-03,21,279,0,En cours,Caution personnelle,3086455.77,Équipement professionnel,608,B,24183.22,,0,CONS-031,2026-09-11 14:53:26.211868,2026-09-11 14:53:26.211868
CRD-000250,CLI-004716,AG-CAS-04,CPT-006043,Crédit immobilier,523551.44,424076.67,0.079,0.0985,300,243,4006.23,2021-12-12,2022-01-11,2046-08-03,2026-08-18,57,243,0,En cours,Garantie autonome,485053.41,Travaux,500,C,1939.58,,0,CONS-001,2026-09-11 14:53:26.214869,2026-09-11 14:53:26.214869
CRD-000251,CLI-004702,AG-SAF-01,CPT-006025,Crédit équipement,22040.06,20203.39,0.0393,0.0461,36,33,650.02,2022-04-22,2022-05-22,2025-04-06,2022-07-21,3,33,0,En cours,Nantissement,14371.65,Véhicule,657,B,171.83,,0,CONS-023,2026-09-11 14:53:26.217886,2026-09-11 14:53:26.217886
CRD-000252,CLI-004119,AG-BÉN-01,CPT-005274,Crédit consommation,15731.86,0.0,0.0418,0.05,24,0,684.42,2025-11-23,2025-12-23,2027-11-13,2027-11-13,24,0,0,En cours,Nantissement,11513.76,Investissement,578,C,0.0,,0,CONS-014,2026-09-11 14:53:26.220891,2026-09-11 14:53:26.220891
CRD-000253,CLI-001653,AG-SAF-01,CPT-002113,Crédit immobilier,855829.07,306672.08,0.0551,0.0715,240,86,5891.97,2025-01-19,2025-02-18,2044-10-06,2037-09-13,154,86,87,En cours (retard),Nantissement,919983.77,Travaux,734,C,11354.78,2025-11-15,3,CONS-050,2026-09-11 14:53:26.223890,2026-09-11 14:53:26.223890
CRD-000254,CLI-001484,AG-KÉN-01,CPT-001909,Crédit consommation,29009.61,13296.07,0.0474,0.0552,24,11,1269.32,2025-10-17,2025-11-16,2027-10-07,2026-11-11,13,11,0,En cours,Nantissement,29928.88,Études,607,B,129.77,,0,CONS-027,2026-09-11 14:53:26.225890,2026-09-11 14:53:26.225890
CRD-000255,CLI-002276,AG-KÉN-01,CPT-002898,Crédit équipement,9144.37,7239.29,0.0763,0.0905,48,38,221.66,2023-08-04,2023-09-03,2027-07-14,2024-05-30,10,38,0,En cours,Garantie autonome,8558.83,Véhicule,570,C,38.24,,0,CONS-033,2026-09-11 14:53:26.229886,2026-09-11 14:53:26.229886
CRD-000256,CLI-000878,AG-RAB-02,CPT-001122,Crédit automobile,48580.61,32387.07,0.0313,0.0378,24,16,2090.85,2024-02-03,2024-03-04,2026-01-23,2024-09-30,8,16,299,Contentieux,Sans garantie,0.0,Équipement professionnel,748,D,8945.18,2026-02-21,2,CONS-040,2026-09-11 14:53:26.232890,2026-09-11 14:53:26.232890
CRD-000257,CLI-003526,AG-AGA-02,CPT-004500,Crédit investissement,78634.82,17037.54,0.0328,0.05,60,13,1422.77,2025-07-20,2025-08-19,2030-06-24,2029-05-30,47,13,192,Contentieux,Nantissement,63712.99,Études,631,D,4492.35,2026-06-02,3,CONS-002,2026-09-11 14:53:26.235891,2026-09-11 14:53:26.235891
CRD-000258,CLI-002017,AG-MEK-01,CPT-002569,Crédit immobilier,181577.11,75051.87,0.041,0.0585,300,124,968.49,2023-10-29,2023-11-28,2048-06-19,2038-04-13,176,124,0,En cours,Caution personnelle,198428.38,Études,631,B,445.53,,0,CONS-037,2026-09-11 14:53:26.237893,2026-09-11 14:53:26.237893
CRD-000259,CLI-000427,AG-SET-01,CPT-000540,Crédit investissement,29548.82,4104.0,0.0341,0.0529,36,5,864.66,2023-08-30,2023-09-29,2026-08-14,2026-03-17,31,5,0,En cours,Hypothèque,21039.26,Investissement,668,B,27.36,,0,CONS-002,2026-09-11 14:53:26.242874,2026-09-11 14:53:26.242874
CRD-000260,CLI-000627,AG-SET-01,CPT-000787,Crédit immobilier,455436.7,315769.45,0.041,0.0586,300,208,2429.18,2022-12-27,2023-01-26,2047-08-18,2030-07-18,92,208,9,En cours (retard),Hypothèque,515546.22,Fonds de roulement,440,C,3764.23,,0,CONS-031,2026-09-11 14:53:26.249869,2026-09-11 14:53:26.249869
CRD-000261,CLI-001590,AG-OUJ-01,CPT-002032,Crédit consommation,12824.92,1603.12,0.0752,0.0802,48,6,310.21,2026-07-07,2026-08-06,2030-06-16,2029-12-18,42,6,0,En cours,Nantissement,12777.52,Fonds de roulement,675,B,3.87,,0,CONS-012,2026-09-11 14:53:26.252890,2026-09-11 14:53:26.252890
CRD-000262,CLI-002224,AG-CAS-03,CPT-002834,Crédit automobile,10047.61,3628.3,0.0326,0.0509,36,13,293.35,2023-02-18,2023-03-20,2026-02-02,2025-01-08,23,13,0,En cours,Nantissement,10272.42,Travaux,511,C,39.68,,0,CONS-012,2026-09-11 14:53:26.254885,2026-09-11 14:53:26.254885
CRD-000263,CLI-002218,AG-LAÂ-01,CPT-002827,Crédit automobile,30639.53,21703.0,0.0331,0.0426,24,17,1321.13,2026-06-20,2026-07-20,2028-06-09,2027-01-16,7,17,0,En cours,Nantissement,36161.05,Achat immobilier,536,C,132.55,,0,CONS-028,2026-09-11 14:53:26.257891,2026-09-11 14:53:26.257891
CRD-000264,CLI-004484,AG-FÈS-01,CPT-005748,Crédit équipement,3295.04,274.59,0.067,0.0732,12,1,284.65,2025-08-25,2025-09-24,2026-08-20,2026-07-21,11,1,0,En cours,Sans garantie,0.0,Fonds de roulement,508,C,2.05,,0,CONS-010,2026-09-11 14:53:26.259892,2026-09-11 14:53:26.259892
CRD-000265,CLI-001486,AG-MEK-01,CPT-001911,Crédit consommation,14949.85,5294.74,0.0782,0.0972,48,17,363.71,2026-08-16,2026-09-15,2030-07-26,2029-03-03,31,17,0,En cours,Caution personnelle,11002.68,Fonds de roulement,480,C,48.34,,0,CONS-020,2026-09-11 14:53:26.262871,2026-09-11 14:53:26.262871
CRD-000266,CLI-001740,AG-TÉT-01,CPT-002220,Crédit consommation,32715.28,21810.19,0.0545,0.0646,12,8,2807.42,2022-01-14,2022-02-13,2023-01-09,2022-05-14,4,8,0,En cours,Nantissement,29826.34,Équipement professionnel,539,C,96.45,,0,CONS-047,2026-09-11 14:53:26.266021,2026-09-11 14:53:26.266021
CRD-000267,CLI-002481,AG-MAR-01,CPT-003156,Crédit professionnel,21996.35,11364.78,0.0468,0.0558,60,31,411.88,2023-08-12,2023-09-11,2028-07-16,2025-12-29,29,31,0,En cours,Hypothèque,14995.08,Équipement professionnel,850,A,26.09,,0,CONS-025,2026-09-11 14:53:26.269025,2026-09-11 14:53:26.269025
CRD-000268,CLI-002585,AG-SET-01,CPT-003288,Crédit immobilier,116236.21,99188.23,0.0777,0.0962,300,256,879.49,2026-03-04,2026-04-03,2050-10-24,2029-10-14,44,256,0,En cours,Sans garantie,0.0,Travaux,569,C,895.79,,0,CONS-024,2026-09-11 14:53:26.271026,2026-09-11 14:53:26.271026
CRD-000269,CLI-002894,AG-SAF-01,CPT-003690,Crédit équipement,14753.77,7991.63,0.0719,0.0872,24,13,661.84,2022-11-22,2022-12-22,2024-11-11,2023-10-18,11,13,0,En cours,Garantie autonome,11408.79,Équipement professionnel,739,A,49.01,,0,CONS-027,2026-09-11 14:53:26.274024,2026-09-11 14:53:26.274024
CRD-000270,CLI-000150,AG-RAB-02,CPT-000189,Crédit professionnel,1391846.85,662784.21,0.0328,0.0447,84,40,18567.06,2025-09-13,2025-10-13,2032-08-07,2029-04-25,44,40,0,En cours,Hypothèque,1492108.89,Équipement professionnel,580,C,1124.3,,0,CONS-044,2026-09-11 14:53:26.276184,2026-09-11 14:53:26.276184
CRD-000271,CLI-000677,AG-AGA-02,CPT-000856,Crédit consommation,41114.05,6852.34,0.0494,0.0589,12,2,3518.54,2023-05-07,2023-06-06,2024-05-01,2024-03-02,10,2,0,En cours,Sans garantie,0.0,Fonds de roulement,590,C,87.79,,0,CONS-028,2026-09-11 14:53:26.279183,2026-09-11 14:53:26.279183
CRD-000272,CLI-001262,AG-TÉT-01,CPT-001618,Crédit immobilier,598216.8,548365.4,0.049,0.0565,180,165,4699.56,2025-10-21,2025-11-20,2040-08-03,2027-01-14,15,165,0,En cours,Caution personnelle,543820.03,Véhicule,727,A,3918.35,,0,CONS-037,2026-09-11 14:53:26.281184,2026-09-11 14:53:26.281184
CRD-000273,CLI-004918,AG-MOH-01,CPT-006304,Crédit immobilier,633907.38,559951.52,0.0394,0.0559,180,159,4669.9,2025-07-14,2025-08-13,2040-04-26,2027-04-05,21,159,96,Incident de paiement,Nantissement,693812.51,Équipement professionnel,578,D,46435.82,2025-12-03,1,CONS-007,2026-09-11 14:53:26.284184,2026-09-11 14:53:26.284184
CRD-000274,CLI-000013,AG-CAS-05,CPT-000021,Crédit consommation,14259.37,7129.69,0.0367,0.0531,12,6,1212.04,2026-04-25,2026-05-25,2027-04-20,2026-10-22,6,6,0,En cours,Caution personnelle,15843.58,Investissement,747,A,16.64,,0,CONS-026,2026-09-11 14:53:26.287183,2026-09-11 14:53:26.287183
CRD-000275,CLI-001834,AG-MOH-01,CPT-002339,Crédit automobile,13841.37,0.0,0.056,0.0614,24,0,610.97,2025-08-15,2025-09-14,2027-08-05,2027-08-05,24,0,0,En cours,Garantie autonome,7687.08,Véhicule,644,B,0.0,,0,CONS-012,2026-09-11 14:53:26.289184,2026-09-11 14:53:26.289184
CRD-000276,CLI-003249,AG-LAÂ-01,CPT-004136,Crédit consommation,18887.09,2754.37,0.0776,0.0834,48,7,458.96,2024-03-14,2024-04-13,2028-02-22,2027-07-27,41,7,0,En cours,Caution personnelle,12912.84,Achat immobilier,389,C,26.84,,0,CONS-032,2026-09-11 14:53:26.292183,2026-09-11 14:53:26.292183
CRD-000277,CLI-001492,AG-KÉN-01,CPT-001920,Crédit immobilier,212545.67,134612.26,0.0583,0.0696,240,152,1501.97,2024-12-09,2025-01-08,2044-08-26,2032-03-02,88,152,0,En cours,Garantie autonome,189983.92,Achat immobilier,786,A,962.48,,0,CONS-029,2026-09-11 14:53:26.294185,2026-09-11 14:53:26.294185
CRD-000278,CLI-002728,AG-RAB-03,CPT-003476,Crédit investissement,22762.48,20233.32,0.0353,0.0441,36,32,667.29,2026-03-25,2026-04-24,2029-03-09,2026-07-23,4,32,0,En cours,Garantie autonome,22247.37,Études,554,C,66.53,,0,CONS-021,2026-09-11 14:53:26.297184,2026-09-11 14:53:26.297184
CRD-000279,CLI-003687,AG-FÈS-01,CPT-004714,Crédit automobile,107975.31,68384.36,0.0637,0.0706,60,38,2106.09,2024-03-01,2024-03-31,2029-02-03,2025-12-21,22,38,0,En cours,Caution personnelle,123713.25,Achat immobilier,611,B,183.84,,0,CONS-042,2026-09-11 14:53:26.300164,2026-09-11 14:53:26.300164
CRD-000280,CLI-001425,AG-TAN-01,CPT-001833,Crédit investissement,34014.59,24093.67,0.0636,0.0774,48,34,804.46,2021-11-03,2021-12-03,2025-10-13,2022-12-28,14,34,0,En cours,Caution personnelle,18774.03,Fonds de roulement,599,C,115.34,,0,CONS-016,2026-09-11 14:53:26.303183,2026-09-11 14:53:26.303183
CRD-000281,CLI-004606,AG-KHO-01,CPT-005904,Crédit immobilier,315548.31,115701.05,0.0714,0.0909,120,44,3686.59,2024-08-19,2024-09-18,2034-06-28,2030-11-16,76,44,0,En cours,Garantie autonome,349941.88,Équipement professionnel,679,B,733.69,,0,CONS-025,2026-09-11 14:53:26.306184,2026-09-11 14:53:26.306184
CRD-000282,CLI-004596,AG-AGA-02,CPT-005893,Crédit automobile,24003.34,18002.51,0.0642,0.0703,24,18,1068.39,2023-12-26,2024-01-25,2025-12-15,2024-06-23,6,18,0,En cours,Garantie autonome,15336.91,Véhicule,565,C,128.81,,0,CONS-020,2026-09-11 14:53:26.308186,2026-09-11 14:53:26.308186
CRD-000283,CLI-000732,AG-SET-01,CPT-000928,Crédit consommation,6767.65,5357.72,0.0422,0.0609,24,19,294.55,2023-11-15,2023-12-15,2025-11-04,2024-04-13,5,19,0,En cours,Sans garantie,0.0,Achat immobilier,700,A,24.42,,0,CONS-027,2026-09-11 14:53:26.311184,2026-09-11 14:53:26.311184
CRD-000284,CLI-001232,AG-SET-01,CPT-001577,Crédit automobile,34631.24,17315.62,0.0666,0.0854,36,18,1063.94,2025-06-28,2025-07-28,2028-06-12,2026-12-20,18,18,0,En cours,Garantie autonome,36413.59,Équipement professionnel,475,C,81.67,,0,CONS-014,2026-09-11 14:53:26.315162,2026-09-11 14:53:26.315162
CRD-000285,CLI-001635,AG-BÉN-01,CPT-002092,Crédit consommation,4689.83,2735.73,0.0796,0.0949,12,7,407.87,2025-09-18,2025-10-18,2026-09-13,2026-02-15,5,7,245,Contentieux,Nantissement,3674.62,Études,627,D,964.3,2025-12-15,1,CONS-021,2026-09-11 14:53:26.318162,2026-09-11 14:53:26.318162
CRD-000286,CLI-003937,AG-TAN-01,CPT-005034,Crédit automobile,71393.27,56519.67,0.0477,0.0642,24,19,3124.77,2023-05-18,2023-06-17,2025-05-07,2023-10-15,5,19,0,En cours,Caution personnelle,65616.1,Investissement,499,C,234.98,,0,CONS-039,2026-09-11 14:53:26.320164,2026-09-11 14:53:26.320164
CRD-000287,CLI-001211,AG-SET-01,CPT-001549,Crédit équipement,22632.95,9430.4,0.0582,0.0705,36,15,686.69,2023-04-21,2023-05-21,2026-04-05,2025-01-10,21,15,0,En cours,Nantissement,21033.22,Achat immobilier,556,C,23.93,,0,CONS-027,2026-09-11 14:53:26.323162,2026-09-11 14:53:26.323162
CRD-000288,CLI-003269,AG-KHO-01,CPT-004161,Crédit immobilier,28070.95,13684.59,0.0398,0.0557,240,117,169.81,2025-11-14,2025-12-14,2045-08-01,2035-12-22,123,117,123,Incident de paiement,Caution personnelle,16411.46,Investissement,541,D,2126.18,2026-01-22,3,CONS-041,2026-09-11 14:53:26.326162,2026-09-11 14:53:26.326162
CRD-000289,CLI-001935,AG-RAB-02,CPT-002468,Crédit investissement,675856.15,488118.33,0.0409,0.0515,36,26,19981.04,2021-12-03,2022-01-02,2024-11-17,2022-09-29,10,26,0,En cours,Caution personnelle,451486.99,Achat immobilier,512,C,2298.51,,0,CONS-048,2026-09-11 14:53:26.329184,2026-09-11 14:53:26.329184
CRD-000290,CLI-000554,AG-CAS-05,CPT-000703,Crédit équipement,5710.19,237.92,0.0738,0.0837,24,1,256.64,2024-08-04,2024-09-03,2026-07-25,2026-06-25,23,1,0,En cours,Nantissement,3168.46,Équipement professionnel,727,A,1.51,,0,CONS-046,2026-09-11 14:53:26.332184,2026-09-11 14:53:26.332184
CRD-000291,CLI-000492,AG-LAÂ-01,CPT-000624,Crédit professionnel,28843.77,7554.32,0.0473,0.0627,84,22,404.03,2025-03-08,2025-04-07,2032-01-31,2030-04-11,62,22,0,En cours,Caution personnelle,28154.51,Véhicule,717,A,58.14,,0,CONS-010,2026-09-11 14:53:26.335185,2026-09-11 14:53:26.335185
CRD-000292,CLI-002963,AG-RAB-03,CPT-003779,Crédit professionnel,45091.3,44339.78,0.0699,0.0834,60,59,892.65,2024-07-23,2024-08-22,2029-06-27,2024-08-22,1,59,46,En cours (retard),Nantissement,49240.96,Fonds de roulement,671,C,1278.42,2025-02-06,3,CONS-017,2026-09-11 14:53:26.338183,2026-09-11 14:53:26.338183
CRD-000293,CLI-002330,AG-TAN-01,CPT-002969,Crédit immobilier,1049786.13,174964.35,0.0434,0.0575,120,20,10799.03,2025-08-06,2025-09-05,2035-06-15,2033-10-23,100,20,0,En cours,Garantie autonome,684040.78,Fonds de roulement,688,B,592.32,,0,CONS-047,2026-09-11 14:53:26.340300,2026-09-11 14:53:26.340300
CRD-000294,CLI-002196,AG-FÈS-01,CPT-002800,Crédit professionnel,184340.8,52229.89,0.055,0.0726,60,17,3521.12,2026-03-07,2026-04-06,2031-02-09,2029-09-17,43,17,0,En cours,Nantissement,125267.53,Achat immobilier,662,B,464.75,,0,CONS-034,2026-09-11 14:53:26.343324,2026-09-11 14:53:26.343324
CRD-000295,CLI-003065,AG-NAD-01,CPT-003909,Crédit automobile,143701.82,74844.7,0.0392,0.0541,48,25,3239.51,2021-12-25,2022-01-24,2025-12-04,2023-11-15,23,25,0,En cours,Sans garantie,0.0,Équipement professionnel,533,C,432.46,,0,CONS-007,2026-09-11 14:53:26.346304,2026-09-11 14:53:26.346304
CRD-000296,CLI-000658,AG-CAS-01,CPT-000830,Crédit immobilier,735193.22,73519.32,0.063,0.0772,300,30,4872.59,2021-09-19,2021-10-19,2046-05-11,2043-11-23,270,30,0,En cours,Garantie autonome,555937.96,Véhicule,850,A,602.52,,0,CONS-042,2026-09-11 14:53:26.349305,2026-09-11 14:53:26.349305
CRD-000297,CLI-002375,AG-RAB-03,CPT-003023,Crédit immobilier,1299577.12,1091644.78,0.0693,0.0777,300,252,9127.19,2023-01-17,2023-02-16,2047-09-08,2026-12-27,48,252,0,En cours,Sans garantie,0.0,Travaux,492,C,7151.51,,0,CONS-048,2026-09-11 14:53:26.352304,2026-09-11 14:53:26.352304
CRD-000298,CLI-002226,AG-TAN-02,CPT-002836,Crédit immobilier,342881.69,308593.52,0.0368,0.0543,120,108,3419.6,2025-01-10,2025-02-09,2034-11-19,2026-01-05,12,108,0,En cours,Caution personnelle,363769.02,Équipement professionnel,751,A,2664.95,,0,CONS-036,2026-09-11 14:53:26.355303,2026-09-11 14:53:26.355303
CRD-000299,CLI-004265,AG-MEK-01,CPT-005468,Crédit immobilier,110588.88,44235.55,0.033,0.0408,300,120,541.84,2024-01-20,2024-02-19,2048-09-10,2038-11-02,180,120,0,En cours,Hypothèque,112676.34,Véhicule,651,B,114.58,,0,CONS-038,2026-09-11 14:53:26.358303,2026-09-11 14:53:26.358303
CRD-000300,CLI-001171,AG-TAN-02,CPT-001496,Crédit automobile,13235.27,4191.17,0.059,0.075,60,19,255.26,2023-04-19,2023-05-19,2028-03-23,2026-08-31,41,19,0,En cours,Sans garantie,0.0,Équipement professionnel,588,C,47.06,,0,CONS-013,2026-09-11 14:53:26.360305,2026-09-11 14:53:26.360305
CRD-000301,CLI-000133,AG-KHO-01,CPT-000171,Crédit professionnel,87174.44,60537.81,0.0503,0.0648,36,25,2613.87,2025-07-03,2025-08-02,2028-06-17,2026-05-29,11,25,0,En cours,Garantie autonome,77929.12,Études,563,C,390.05,,0,CONS-032,2026-09-11 14:53:26.364324,2026-09-11 14:53:26.364324
CRD-000302,CLI-000472,AG-CAS-01,CPT-000597,Crédit professionnel,411793.26,94369.29,0.0367,0.0453,48,11,9237.22,2023-03-18,2023-04-17,2027-02-25,2026-04-01,37,11,0,En cours,Hypothèque,225578.51,Fonds de roulement,477,C,255.57,,0,CONS-019,2026-09-11 14:53:26.367324,2026-09-11 14:53:26.367324
CRD-000303,CLI-003226,AG-KÉN-01,CPT-004110,Crédit automobile,59910.8,32451.68,0.0571,0.0638,48,26,1399.06,2024-05-06,2024-06-05,2028-04-15,2026-02-25,22,26,0,En cours,Garantie autonome,53303.54,Travaux,410,C,229.67,,0,CONS-029,2026-09-11 14:53:26.369324,2026-09-11 14:53:26.369324
CRD-000304,CLI-001406,AG-AGA-01,CPT-001804,Crédit consommation,14887.35,7857.21,0.0372,0.0538,36,19,437.68,2022-02-07,2022-03-09,2025-01-22,2023-07-02,17,19,0,En cours,Garantie autonome,9657.36,Équipement professionnel,430,C,30.77,,0,CONS-009,2026-09-11 14:53:26.372324,2026-09-11 14:53:26.372324
CRD-000305,CLI-002877,AG-AGA-01,CPT-003669,Crédit consommation,39788.98,14091.93,0.049,0.0641,48,17,914.51,2024-06-09,2024-07-09,2028-05-19,2026-12-26,31,17,128,Incident de paiement,Garantie autonome,44822.1,Équipement professionnel,549,D,1042.92,2025-03-24,3,CONS-011,2026-09-11 14:53:26.376324,2026-09-11 14:53:26.376324
CRD-000306,CLI-004505,AG-TÉT-01,CPT-005775,Crédit automobile,36869.02,24579.35,0.0465,0.0529,48,32,843.23,2026-05-21,2026-06-20,2030-04-30,2027-09-13,16,32,0,En cours,Nantissement,23642.25,Achat immobilier,640,B,90.84,,0,CONS-036,2026-09-11 14:53:26.379302,2026-09-11 14:53:26.379302
CRD-000307,CLI-004693,AG-SET-01,CPT-006014,Crédit investissement,437177.58,48575.29,0.0529,0.069,36,4,13159.6,2025-04-11,2025-05-11,2028-03-26,2027-11-27,32,4,135,Incident de paiement,Sans garantie,0.0,Achat immobilier,557,D,6108.03,2026-06-26,1,CONS-015,2026-09-11 14:53:26.381304,2026-09-11 14:53:26.381304
CRD-000308,CLI-002827,AG-OUJ-01,CPT-003604,Crédit équipement,6334.38,3695.05,0.0309,0.036,48,28,140.46,2024-06-29,2024-07-29,2028-06-08,2026-02-19,20,28,0,En cours,Caution personnelle,6295.08,Études,603,B,29.69,,0,CONS-020,2026-09-11 14:53:26.384303,2026-09-11 14:53:26.384303
CRD-000309,CLI-000288,AG-CAS-03,CPT-000360,Crédit consommation,8151.53,1188.76,0.048,0.062,48,7,186.99,2022-08-28,2022-09-27,2026-08-07,2026-01-09,41,7,38,En cours (retard),Sans garantie,0.0,Achat immobilier,513,C,114.97,2025-12-13,1,CONS-036,2026-09-11 14:53:26.386305,2026-09-11 14:53:26.386305
CRD-000310,CLI-001870,AG-CAS-03,CPT-002386,Crédit consommation,17503.64,16531.22,0.0647,0.0847,36,34,536.23,2025-08-20,2025-09-19,2028-08-04,2025-10-19,2,34,0,En cours,Hypothèque,20016.6,Véhicule,572,C,61.82,,0,CONS-007,2026-09-11 14:53:26.389304,2026-09-11 14:53:26.389304
CRD-000311,CLI-003115,AG-TÉT-01,CPT-003973,Crédit consommation,15663.98,3915.99,0.0434,0.0532,12,3,1336.22,2021-12-29,2022-01-28,2022-12-24,2022-09-25,9,3,0,En cours,Caution personnelle,17047.75,Études,496,C,13.09,,0,CONS-030,2026-09-11 14:53:26.392485,2026-09-11 14:53:26.392485
CRD-000312,CLI-003626,AG-NAD-01,CPT-004636,Crédit investissement,53179.28,40517.55,0.0551,0.0632,84,64,764.44,2022-04-24,2022-05-24,2029-03-18,2023-12-15,20,64,0,En cours,Garantie autonome,53197.35,Travaux,770,A,240.8,,0,CONS-027,2026-09-11 14:53:26.395460,2026-09-11 14:53:26.395460
CRD-000313,CLI-002313,AG-LAÂ-01,CPT-002949,Crédit consommation,6860.97,142.94,0.0781,0.0851,48,1,166.89,2026-02-06,2026-03-08,2030-01-16,2029-12-17,47,1,0,En cours,Garantie autonome,4403.31,Investissement,511,C,0.71,,0,CONS-034,2026-09-11 14:53:26.397487,2026-09-11 14:53:26.397487
CRD-000314,CLI-004924,AG-MAR-02,CPT-006311,Crédit professionnel,49807.93,46843.17,0.0762,0.0819,84,79,766.92,2023-12-16,2024-01-15,2030-11-09,2024-05-14,5,79,0,En cours,Nantissement,53669.35,Investissement,527,C,153.42,,0,CONS-042,2026-09-11 14:53:26.398519,2026-09-11 14:53:26.398519
CRD-000315,CLI-001619,AG-SAL-01,CPT-002072,Crédit immobilier,33566.59,22937.17,0.0672,0.0854,120,82,384.91,2022-12-25,2023-01-24,2032-11-02,2026-02-07,38,82,0,En cours,Sans garantie,0.0,Véhicule,809,A,299.15,,0,CONS-011,2026-09-11 14:53:26.436895,2026-09-11 14:53:26.436895
CRD-000316,CLI-000995,AG-KHE-01,CPT-001267,Crédit immobilier,179433.2,124606.39,0.0393,0.0448,180,125,1320.96,2022-11-26,2022-12-26,2037-09-08,2027-06-03,55,125,0,En cours,Caution personnelle,196654.8,Travaux,703,A,1060.62,,0,CONS-015,2026-09-11 14:53:26.441903,2026-09-11 14:53:26.441903
CRD-000317,CLI-001804,AG-MAR-02,CPT-002300,Crédit immobilier,480624.4,48062.44,0.0659,0.0718,180,18,4210.57,2025-08-17,2025-09-16,2040-05-30,2038-12-07,162,18,0,En cours,Garantie autonome,291761.12,Équipement professionnel,661,B,493.4,,0,CONS-039,2026-09-11 14:53:26.448130,2026-09-11 14:53:26.448130
CRD-000318,CLI-002643,AG-OUJ-01,CPT-003363,Crédit automobile,4173.89,347.82,0.0367,0.0444,24,2,180.64,2026-07-28,2026-08-27,2028-07-17,2028-05-18,22,2,0,En cours,Nantissement,2817.36,Investissement,549,C,1.38,,0,CONS-023,2026-09-11 14:53:26.480634,2026-09-11 14:53:26.480634
CRD-000319,CLI-004803,AG-OUJ-01,CPT-006158,Crédit équipement,10831.73,7822.92,0.0345,0.0528,36,26,317.15,2024-11-29,2024-12-29,2027-11-14,2025-09-25,10,26,0,En cours,Hypothèque,11206.04,Équipement professionnel,491,C,16.74,,0,CONS-016,2026-09-11 14:53:26.485631,2026-09-11 14:53:26.485631
CRD-000320,CLI-003536,AG-MAR-01,CPT-004514,Crédit consommation,25898.54,3237.32,0.0647,0.0821,24,3,1153.33,2022-07-23,2022-08-22,2024-07-12,2024-04-13,21,3,0,En cours,Garantie autonome,15732.19,Achat immobilier,611,B,13.19,,0,CONS-037,2026-09-11 14:53:26.489630,2026-09-11 14:53:26.489630
CRD-000321,CLI-004832,AG-CAS-03,CPT-006192,Crédit immobilier,97257.69,47818.36,0.0736,0.0885,120,59,1147.37,2022-12-05,2023-01-04,2032-10-13,2027-12-09,61,59,66,En cours (retard),Hypothèque,79700.46,Investissement,500,C,1316.12,2023-05-15,2,CONS-003,2026-09-11 14:53:26.494629,2026-09-11 14:53:26.494629
CRD-000322,CLI-003912,AG-AGA-01,CPT-004999,Crédit consommation,9813.73,2862.34,0.0765,0.0827,24,7,442.28,2024-10-11,2024-11-10,2026-10-01,2026-03-05,17,7,0,En cours,Hypothèque,10375.85,Fonds de roulement,735,A,9.52,,0,CONS-004,2026-09-11 14:53:26.499594,2026-09-11 14:53:26.499594
CRD-000323,CLI-002108,AG-MAR-02,CPT-002684,Crédit consommation,5341.33,1446.61,0.0448,0.0579,48,13,121.75,2025-03-27,2025-04-26,2029-03-06,2028-02-10,35,13,0,En cours,Caution personnelle,6051.67,Fonds de roulement,652,B,12.22,,0,CONS-045,2026-09-11 14:53:26.504592,2026-09-11 14:53:26.504592
CRD-000324,CLI-003045,AG-CAS-02,CPT-003887,Crédit professionnel,30098.87,22574.15,0.0754,0.0809,36,27,936.82,2023-11-24,2023-12-24,2026-11-08,2024-08-20,9,27,0,En cours,Hypothèque,23482.99,Investissement,679,B,74.65,,0,CONS-019,2026-09-11 14:53:26.509591,2026-09-11 14:53:26.509591
CRD-000325,CLI-000417,AG-AGA-01,CPT-000525,Crédit professionnel,19685.26,1406.09,0.0476,0.0527,84,6,276.02,2026-01-08,2026-02-07,2032-12-02,2032-06-05,78,6,0,En cours,Caution personnelle,14966.34,Fonds de roulement,663,B,9.35,,0,CONS-022,2026-09-11 14:53:26.512191,2026-09-11 14:53:26.512191
CRD-000326,CLI-000978,AG-EL -01,CPT-001245,Crédit immobilier,91458.22,50606.88,0.0683,0.0823,300,166,636.52,2023-03-26,2023-04-25,2047-11-15,2034-03-28,134,166,0,En cours,Garantie autonome,56133.57,Investissement,572,C,149.19,,0,CONS-045,2026-09-11 14:53:26.512191,2026-09-11 14:53:26.512191
CRD-000327,CLI-002418,AG-SET-01,CPT-003075,Crédit équipement,19535.09,19535.09,0.0329,0.0448,48,48,434.9,2022-01-03,2022-02-02,2025-12-13,,0,48,0,En cours,Hypothèque,16765.26,Équipement professionnel,622,B,100.48,,0,CONS-004,2026-09-11 14:53:26.525161,2026-09-11 14:53:26.525161
CRD-000328,CLI-000506,AG-FÈS-02,CPT-000642,Crédit immobilier,215170.03,176618.73,0.0778,0.0842,240,197,1770.42,2021-10-31,2021-11-30,2041-07-18,2025-05-13,43,197,0,En cours,Sans garantie,0.0,Équipement professionnel,675,B,2439.91,,0,CONS-021,2026-09-11 14:53:26.530928,2026-09-11 14:53:26.530928
CRD-000329,CLI-004153,AG-KHO-01,CPT-005319,Crédit consommation,37303.21,20205.91,0.0758,0.0857,24,13,1679.99,2022-01-22,2022-02-21,2024-01-12,2022-12-18,11,13,0,En cours,Nantissement,24477.45,Équipement professionnel,597,C,139.95,,0,CONS-020,2026-09-11 14:53:26.534930,2026-09-11 14:53:26.534930
CRD-000330,CLI-004256,AG-SAF-01,CPT-005455,Crédit équipement,5035.08,4195.9,0.0688,0.0766,36,30,155.19,2025-12-13,2026-01-12,2028-11-27,2026-06-11,6,30,34,En cours (retard),Nantissement,5860.0,Travaux,748,C,297.23,2026-03-09,2,CONS-039,2026-09-11 14:53:26.540930,2026-09-11 14:53:26.540930
CRD-000331,CLI-003942,AG-TAN-01,CPT-005040,Crédit professionnel,7824.51,1141.07,0.0634,0.0827,48,7,184.98,2024-07-11,2024-08-10,2028-06-20,2027-11-23,41,7,0,En cours,Nantissement,9175.96,Études,632,B,9.49,,0,CONS-013,2026-09-11 14:53:26.545504,2026-09-11 14:53:26.545504
CRD-000332,CLI-000415,AG-CAS-01,CPT-000522,Crédit consommation,11335.51,10390.88,0.0376,0.0546,24,22,491.03,2025-04-17,2025-05-17,2027-04-07,2025-06-16,2,22,0,En cours,Caution personnelle,10117.48,Études,621,B,80.31,,0,CONS-013,2026-09-11 14:53:26.545504,2026-09-11 14:53:26.545504
CRD-000333,CLI-004149,AG-TÉT-01,CPT-005311,Crédit automobile,20304.93,11421.52,0.0517,0.0692,48,27,469.17,2025-03-02,2025-04-01,2029-02-09,2026-11-22,21,27,0,En cours,Sans garantie,0.0,Études,547,C,47.49,,0,CONS-009,2026-09-11 14:53:26.555115,2026-09-11 14:53:26.555115
CRD-000334,CLI-001184,AG-MOH-01,CPT-001515,Crédit immobilier,1041247.65,321051.36,0.0673,0.0798,120,37,11945.37,2024-04-01,2024-05-01,2034-02-08,2031-01-25,83,37,62,En cours (retard),Nantissement,682449.45,Études,716,C,19941.33,2025-10-12,1,CONS-049,2026-09-11 14:53:26.555115,2026-09-11 14:53:26.555115
CRD-000335,CLI-000486,AG-SAF-01,CPT-000616,Crédit automobile,39029.39,22767.14,0.0313,0.0413,24,14,1679.78,2022-03-07,2022-04-06,2024-02-25,2023-01-01,10,14,0,En cours,Hypothèque,34696.74,Travaux,731,A,68.58,,0,CONS-049,2026-09-11 14:53:26.565261,2026-09-11 14:53:26.565261
CRD-000336,CLI-000894,AG-OUJ-01,CPT-001142,Crédit immobilier,171689.77,48645.43,0.0601,0.068,120,34,1906.97,2023-02-01,2023-03-03,2032-12-10,2030-02-24,86,34,0,En cours,Sans garantie,0.0,Véhicule,567,C,278.34,,0,CONS-050,2026-09-11 14:53:26.565261,2026-09-11 14:53:26.565261
CRD-000337,CLI-000806,AG-KHE-01,CPT-001029,Crédit automobile,18296.35,3049.39,0.0429,0.0587,36,6,542.54,2023-10-05,2023-11-04,2026-09-19,2026-03-23,30,6,0,En cours,Garantie autonome,20043.05,Études,660,B,9.77,,0,CONS-020,2026-09-11 14:53:26.575375,2026-09-11 14:53:26.575375
CRD-000338,CLI-000556,AG-BÉN-01,CPT-000705,Crédit immobilier,259555.57,176281.49,0.0597,0.0772,240,163,1855.05,2023-04-05,2023-05-05,2042-12-21,2029-08-01,77,163,0,En cours,Caution personnelle,167007.02,Équipement professionnel,829,A,1527.11,,0,CONS-026,2026-09-11 14:53:26.575375,2026-09-11 14:53:26.575375
CRD-000339,CLI-003826,AG-TÉT-01,CPT-004892,Crédit investissement,67155.64,35816.34,0.0561,0.0627,60,32,1286.16,2023-09-02,2023-10-02,2028-08-06,2025-12-20,28,32,0,En cours,Garantie autonome,48002.02,Équipement professionnel,424,C,100.27,,0,CONS-050,2026-09-11 14:53:26.585627,2026-09-11 14:53:26.585627
CRD-000340,CLI-001198,AG-CAS-05,CPT-001533,Crédit automobile,24809.91,16539.94,0.0344,0.0495,36,24,726.32,2022-05-26,2022-06-25,2025-05-10,2023-05-21,12,24,0,En cours,Caution personnelle,24219.37,Équipement professionnel,616,B,97.49,,0,CONS-005,2026-09-11 14:53:26.593688,2026-09-11 14:53:26.593688
CRD-000341,CLI-004254,AG-CAS-05,CPT-005452,Crédit automobile,30948.53,16763.79,0.0707,0.0824,48,26,742.11,2026-07-18,2026-08-17,2030-06-27,2028-05-08,22,26,0,En cours,Hypothèque,22511.14,Véhicule,577,C,35.95,,0,CONS-014,2026-09-11 14:53:26.595743,2026-09-11 14:53:26.595743
CRD-000342,CLI-004059,AG-CAS-05,CPT-005191,Crédit consommation,34177.99,27057.58,0.0536,0.0632,24,19,1504.95,2021-09-21,2021-10-21,2023-09-11,2022-02-18,5,19,0,En cours,Caution personnelle,25659.47,Véhicule,656,B,233.91,,0,CONS-001,2026-09-11 14:53:26.603831,2026-09-11 14:53:26.603831
CRD-000343,CLI-001294,AG-MAR-02,CPT-001659,Crédit automobile,308567.29,42856.57,0.0701,0.0878,36,5,9529.07,2026-04-30,2026-05-30,2029-04-14,2028-11-15,31,5,0,En cours,Caution personnelle,333919.42,Études,300,C,260.28,,0,CONS-008,2026-09-11 14:53:26.605884,2026-09-11 14:53:26.605884
CRD-000344,CLI-002222,AG-CAS-04,CPT-002832,Crédit automobile,16012.68,4003.17,0.0412,0.0524,24,6,696.2,2025-06-21,2025-07-21,2027-06-11,2026-12-13,18,6,0,En cours,Garantie autonome,16655.26,Études,578,C,17.19,,0,CONS-015,2026-09-11 14:53:26.605884,2026-09-11 14:53:26.605884
CRD-000345,CLI-003505,AG-BÉN-01,CPT-004470,Crédit consommation,8074.02,5719.1,0.0354,0.0487,24,17,348.96,2023-02-01,2023-03-03,2025-01-21,2023-08-30,7,17,0,En cours,Sans garantie,0.0,Études,450,C,31.49,,0,CONS-013,2026-09-11 14:53:26.616013,2026-09-11 14:53:26.616013
CRD-000346,CLI-003655,AG-SET-01,CPT-004671,Crédit immobilier,104288.9,66049.64,0.064,0.0824,180,114,902.74,2025-08-29,2025-09-28,2040-06-11,2031-01-30,66,114,0,En cours,Garantie autonome,107670.03,Études,685,B,538.81,,0,CONS-046,2026-09-11 14:53:26.616013,2026-09-11 14:53:26.616013
CRD-000347,CLI-004759,AG-BÉN-01,CPT-006099,Crédit équipement,14786.25,9857.5,0.0328,0.0488,12,8,1254.19,2026-04-26,2026-05-26,2027-04-21,2026-08-24,4,8,0,En cours,Nantissement,14661.34,Fonds de roulement,597,C,60.31,,0,CONS-040,2026-09-11 14:53:26.636237,2026-09-11 14:53:26.636237
CRD-000348,CLI-003007,AG-TÉT-01,CPT-003837,Crédit consommation,27921.71,17838.87,0.0414,0.0602,36,23,826.1,2022-06-21,2022-07-21,2025-06-05,2023-07-16,13,23,0,En cours,Nantissement,19046.99,Investissement,646,B,84.39,,0,CONS-017,2026-09-11 14:53:26.647262,2026-09-11 14:53:26.647262
CRD-000349,CLI-002094,AG-LAÂ-01,CPT-002668,Crédit consommation,61710.12,7713.77,0.0717,0.0777,24,3,2767.68,2025-12-07,2026-01-06,2027-11-27,2027-08-29,21,3,0,En cours,Caution personnelle,64552.42,Études,611,B,47.08,,0,CONS-022,2026-09-11 14:53:26.653261,2026-09-11 14:53:26.653261
CRD-000350,CLI-002188,AG-KHO-01,CPT-002792,Crédit équipement,14768.67,6153.61,0.0755,0.086,24,10,664.92,2022-09-14,2022-10-14,2024-09-03,2023-11-08,14,10,41,En cours (retard),Garantie autonome,9393.07,Équipement professionnel,606,C,433.92,2024-09-02,1,CONS-033,2026-09-11 14:53:26.658264,2026-09-11 14:53:26.658264
CRD-000351,CLI-003037,AG-OUJ-01,CPT-003875,Crédit équipement,111461.53,77403.84,0.047,0.066,36,25,3325.61,2026-08-24,2026-09-23,2029-08-08,2027-07-20,11,25,0,En cours,Caution personnelle,57925.1,Travaux,478,C,490.26,,0,CONS-026,2026-09-11 14:53:26.664296,2026-09-11 14:53:26.664296
CRD-000352,CLI-003919,AG-RAB-03,CPT-005010,Crédit professionnel,11050.36,9669.07,0.0486,0.0596,48,42,253.78,2022-09-17,2022-10-17,2026-08-27,2023-03-16,6,42,0,En cours,Hypothèque,10231.81,Travaux,644,B,22.04,,0,CONS-048,2026-09-11 14:53:26.668297,2026-09-11 14:53:26.668297
CRD-000353,CLI-001273,AG-EL -01,CPT-001631,Crédit immobilier,41110.64,19733.11,0.0683,0.0834,300,144,286.12,2021-11-30,2021-12-30,2046-07-22,2034-09-23,156,144,0,En cours,Caution personnelle,46118.18,Véhicule,631,B,200.09,,0,CONS-004,2026-09-11 14:53:26.686389,2026-09-11 14:53:26.686389
CRD-000354,CLI-000291,AG-TAN-01,CPT-000363,Crédit automobile,18103.47,16896.57,0.0378,0.0441,60,56,331.61,2025-12-06,2026-01-05,2030-11-10,2026-04-05,4,56,0,En cours,Garantie autonome,9791.95,Équipement professionnel,693,B,143.39,,0,CONS-017,2026-09-11 14:53:26.686389,2026-09-11 14:53:26.686389
CRD-000355,CLI-004828,AG-KHO-01,CPT-006187,Crédit automobile,14513.46,7861.46,0.0541,0.0723,24,13,639.39,2025-07-05,2025-08-04,2027-06-25,2026-05-31,11,13,0,En cours,Sans garantie,0.0,Études,643,B,113.78,,0,CONS-035,2026-09-11 14:53:26.697158,2026-09-11 14:53:26.697158
CRD-000356,CLI-000253,AG-OUJ-01,CPT-000320,Crédit équipement,12100.49,4705.75,0.033,0.0411,36,14,353.5,2024-07-28,2024-08-27,2027-07-13,2026-05-19,22,14,0,En cours,Nantissement,13532.49,Études,515,C,16.37,,0,CONS-026,2026-09-11 14:53:26.704717,2026-09-11 14:53:26.704717
CRD-000357,CLI-003246,AG-EL -01,CPT-004133,Crédit immobilier,81103.94,78400.48,0.0465,0.0644,180,174,626.68,2024-11-20,2024-12-20,2039-09-03,2025-05-19,6,174,0,En cours,Hypothèque,72125.72,Achat immobilier,829,A,215.13,,0,CONS-013,2026-09-11 14:53:26.706773,2026-09-11 14:53:26.706773
CRD-000358,CLI-000351,AG-CAS-05,CPT-000444,Crédit automobile,180032.93,150027.44,0.049,0.0551,36,30,5387.67,2023-10-12,2023-11-11,2026-09-26,2024-04-09,6,30,0,En cours,Caution personnelle,165301.84,Véhicule,505,C,462.02,,0,CONS-006,2026-09-11 14:53:26.714202,2026-09-11 14:53:26.714202
CRD-000359,CLI-001188,AG-CAS-06,CPT-001520,Crédit immobilier,1476551.37,221482.71,0.0513,0.0639,180,27,11776.71,2023-12-12,2024-01-11,2038-09-24,2036-07-06,153,27,0,En cours,Caution personnelle,935384.19,Fonds de roulement,653,B,748.58,,0,CONS-040,2026-09-11 14:53:26.734954,2026-09-11 14:53:26.734954
CRD-000360,CLI-001962,AG-CAS-02,CPT-002502,Crédit automobile,28064.19,2923.35,0.0579,0.0677,48,5,656.39,2022-07-17,2022-08-16,2026-06-26,2026-01-27,43,5,0,En cours,Hypothèque,23689.25,Achat immobilier,512,C,11.15,,0,CONS-023,2026-09-11 14:53:26.739957,2026-09-11 14:53:26.739957
CRD-000361,CLI-000423,AG-KÉN-01,CPT-000534,Crédit immobilier,1434415.75,262976.22,0.0463,0.0649,180,33,11068.73,2023-06-24,2023-07-24,2038-04-06,2035-07-21,147,33,0,En cours,Caution personnelle,1694701.57,Études,640,B,2035.78,,0,CONS-042,2026-09-11 14:53:26.746003,2026-09-11 14:53:26.746003
CRD-000362,CLI-000091,AG-TAN-01,CPT-000120,Crédit professionnel,174909.85,14575.82,0.0584,0.0715,60,5,3368.5,2024-06-27,2024-07-27,2029-06-01,2029-01-02,55,5,0,En cours,Sans garantie,0.0,Véhicule,769,A,133.55,,0,CONS-024,2026-09-11 14:53:26.751789,2026-09-11 14:53:26.751789
CRD-000363,CLI-003730,AG-SET-01,CPT-004768,Crédit automobile,53173.54,31017.9,0.0736,0.0797,48,28,1282.21,2024-05-17,2024-06-16,2028-04-26,2026-01-07,20,28,0,En cours,Sans garantie,0.0,Travaux,639,B,202.37,,0,CONS-020,2026-09-11 14:53:26.756787,2026-09-11 14:53:26.756787
CRD-000364,CLI-002237,AG-SAF-01,CPT-002851,Crédit consommation,29286.66,27659.62,0.0506,0.0675,36,34,878.54,2025-09-05,2025-10-05,2028-08-20,2025-11-04,2,34,0,En cours,Caution personnelle,35047.4,Véhicule,717,A,268.47,,0,CONS-013,2026-09-11 14:53:26.761790,2026-09-11 14:53:26.761790
CRD-000365,CLI-000671,AG-SAL-01,CPT-000848,Crédit immobilier,56173.59,1404.34,0.0741,0.0875,120,3,664.15,2025-05-06,2025-06-05,2035-03-15,2034-12-15,117,3,0,En cours,Sans garantie,0.0,Équipement professionnel,769,A,13.42,,0,CONS-017,2026-09-11 14:53:26.774260,2026-09-11 14:53:26.774260
CRD-000366,CLI-003041,AG-CAS-01,CPT-003881,Crédit équipement,33615.48,8403.87,0.0691,0.0868,12,3,2907.24,2024-05-11,2024-06-10,2025-05-06,2025-02-05,9,3,88,En cours (retard),Sans garantie,0.0,Véhicule,693,C,812.28,2025-11-15,3,CONS-021,2026-09-11 14:53:26.779223,2026-09-11 14:53:26.779223
CRD-000367,CLI-000027,AG-RAB-01,CPT-000040,Crédit consommation,10508.05,2627.01,0.0459,0.0568,24,6,459.08,2022-10-19,2022-11-18,2024-10-08,2024-04-11,18,6,0,En cours,Nantissement,10199.76,Achat immobilier,760,A,16.69,,0,CONS-005,2026-09-11 14:53:26.779223,2026-09-11 14:53:26.779223
CRD-000368,CLI-000430,AG-CAS-02,CPT-000543,Crédit immobilier,1241084.18,1018723.26,0.0476,0.0565,240,197,8026.96,2022-10-11,2022-11-10,2042-06-28,2026-04-23,43,197,0,En cours,Nantissement,1382808.55,Fonds de roulement,604,B,6666.9,,0,CONS-048,2026-09-11 14:53:26.789333,2026-09-11 14:53:26.789333
CRD-000369,CLI-000684,AG-KHO-01,CPT-000864,Crédit immobilier,233460.64,171982.67,0.0301,0.0398,300,221,1108.31,2023-12-07,2024-01-06,2048-07-28,2030-06-03,79,221,0,En cours,Nantissement,250318.71,Véhicule,565,C,1415.77,,0,CONS-015,2026-09-11 14:53:26.789333,2026-09-11 14:53:26.789333
CRD-000370,CLI-004464,AG-RAB-02,CPT-005725,Crédit professionnel,318767.79,308142.2,0.0667,0.0822,60,58,6262.47,2023-04-03,2023-05-03,2028-03-07,2023-06-02,2,58,0,En cours,Nantissement,378541.8,Achat immobilier,753,A,2485.18,,0,CONS-046,2026-09-11 14:53:26.797415,2026-09-11 14:53:26.797415
CRD-000371,CLI-003946,AG-RAB-02,CPT-005044,Crédit automobile,17870.72,11169.2,0.0541,0.065,48,30,414.88,2026-07-15,2026-08-14,2030-06-24,2028-01-06,18,30,0,En cours,Hypothèque,10516.11,Investissement,673,B,51.08,,0,CONS-002,2026-09-11 14:53:26.799462,2026-09-11 14:53:26.799462
CRD-000372,CLI-003524,AG-KHO-01,CPT-004498,Crédit immobilier,274873.82,52226.03,0.057,0.0745,300,57,1720.95,2022-02-14,2022-03-16,2046-10-06,2042-01-30,243,57,0,En cours,Garantie autonome,303106.31,Études,669,B,318.17,,0,CONS-050,2026-09-11 14:53:26.820238,2026-09-11 14:53:26.820238
CRD-000373,CLI-001542,AG-MEK-01,CPT-001975,Crédit immobilier,969828.55,889009.5,0.0463,0.0611,120,110,10112.03,2023-10-29,2023-11-28,2033-09-06,2024-08-24,10,110,0,En cours,Hypothèque,1020311.72,Fonds de roulement,579,C,4670.59,,0,CONS-039,2026-09-11 14:53:26.833187,2026-09-11 14:53:26.833187
CRD-000374,CLI-002032,AG-OUJ-01,CPT-002588,Crédit équipement,7479.11,7167.48,0.0618,0.0732,24,23,332.09,2024-01-07,2024-02-06,2025-12-27,2024-02-06,1,23,0,En cours,Garantie autonome,3765.09,Études,787,A,29.81,,0,CONS-008,2026-09-11 14:53:26.839190,2026-09-11 14:53:26.839190
CRD-000375,CLI-002233,AG-FÈS-02,CPT-002846,Crédit consommation,12190.51,5079.38,0.077,0.082,24,10,549.68,2022-02-03,2022-03-05,2024-01-24,2023-03-30,14,10,0,En cours,Hypothèque,12404.83,Véhicule,625,B,13.11,,0,CONS-002,2026-09-11 14:53:26.844187,2026-09-11 14:53:26.844187
CRD-000376,CLI-004121,AG-TAN-01,CPT-005276,Crédit professionnel,40335.21,12484.71,0.0433,0.0599,84,26,557.48,2025-03-26,2025-04-25,2032-02-18,2029-12-30,58,26,0,En cours,Nantissement,35235.68,Études,661,B,30.95,,0,CONS-043,2026-09-11 14:53:26.848481,2026-09-11 14:53:26.848481
CRD-000377,CLI-003236,AG-FÈS-01,CPT-004122,Crédit immobilier,289546.57,277482.13,0.0582,0.0669,120,115,3188.45,2025-09-19,2025-10-19,2035-07-29,2026-02-16,5,115,0,En cours,Sans garantie,0.0,Investissement,659,B,1033.87,,0,CONS-021,2026-09-11 14:53:26.853481,2026-09-11 14:53:26.853481
CRD-000378,CLI-000255,AG-MAR-01,CPT-000322,Crédit immobilier,169506.75,48026.91,0.0596,0.0705,240,68,1210.49,2025-11-01,2025-12-01,2045-07-19,2039-12-18,172,68,0,En cours,Caution personnelle,103122.19,Équipement professionnel,703,A,163.08,,0,CONS-049,2026-09-11 14:53:26.871822,2026-09-11 14:53:26.871822
CRD-000379,CLI-001030,AG-LAÂ-01,CPT-001312,Crédit professionnel,65023.89,25738.62,0.0327,0.05,48,19,1447.03,2024-10-16,2024-11-15,2028-09-25,2027-03-05,29,19,185,Contentieux,Caution personnelle,69469.51,Investissement,528,D,5861.01,2025-05-22,1,CONS-028,2026-09-11 14:53:26.876824,2026-09-11 14:53:26.876824
CRD-000380,CLI-004393,AG-MAR-01,CPT-005633,Crédit automobile,27472.15,2289.35,0.066,0.0739,24,2,1225.02,2024-07-19,2024-08-18,2026-07-09,2026-05-10,22,2,0,En cours,Sans garantie,0.0,Véhicule,531,C,10.85,,0,CONS-041,2026-09-11 14:53:26.882728,2026-09-11 14:53:26.882728
CRD-000381,CLI-003801,AG-TAN-01,CPT-004860,Crédit professionnel,615241.93,297366.93,0.0384,0.0566,60,29,11286.25,2022-11-09,2022-12-09,2027-10-14,2025-05-27,31,29,0,En cours,Garantie autonome,500192.76,Études,431,C,645.97,,0,CONS-023,2026-09-11 14:53:26.887725,2026-09-11 14:53:26.887725
CRD-000382,CLI-004311,AG-TÉT-01,CPT-005529,Crédit immobilier,184600.17,177421.27,0.0587,0.0673,180,173,1544.83,2026-05-30,2026-06-29,2041-03-12,2026-12-26,7,173,0,En cours,Nantissement,169108.19,Études,654,B,706.99,,0,CONS-004,2026-09-11 14:53:26.892725,2026-09-11 14:53:26.892725
CRD-000383,CLI-002510,AG-MOH-01,CPT-003191,Crédit professionnel,141575.41,32023.01,0.0751,0.0861,84,19,2172.22,2022-09-06,2022-10-06,2029-07-31,2028-01-08,65,19,164,Incident de paiement,Hypothèque,116410.69,Investissement,672,D,1530.4,2022-10-24,2,CONS-033,2026-09-11 14:53:26.898828,2026-09-11 14:53:26.898828
CRD-000384,CLI-002293,AG-TAN-01,CPT-002924,Crédit immobilier,395794.81,32982.9,0.0741,0.081,240,20,3166.75,2025-06-19,2025-07-19,2045-03-06,2043-07-15,220,20,0,En cours,Hypothèque,257658.48,Véhicule,426,C,104.58,,0,CONS-027,2026-09-11 14:53:26.900885,2026-09-11 14:53:26.900885
CRD-000385,CLI-001324,AG-TÉT-01,CPT-001699,Crédit immobilier,103614.39,53534.1,0.0693,0.0811,120,62,1199.32,2022-11-09,2022-12-09,2032-09-17,2027-08-15,58,62,0,En cours,Hypothèque,114848.13,Fonds de roulement,847,A,167.66,,0,CONS-045,2026-09-11 14:53:26.919101,2026-09-11 14:53:26.919101
CRD-000386,CLI-001551,AG-AGA-01,CPT-001986,Crédit immobilier,158206.59,87013.62,0.0579,0.0638,240,132,1114.36,2021-12-20,2022-01-19,2041-09-06,2030-11-03,108,132,0,En cours,Sans garantie,0.0,Études,804,A,453.26,,0,CONS-010,2026-09-11 14:53:26.921156,2026-09-11 14:53:26.921156
CRD-000387,CLI-004648,AG-FÈS-02,CPT-005955,Crédit automobile,10495.14,2915.32,0.0362,0.0472,36,10,308.09,2025-02-21,2025-03-23,2028-02-06,2027-04-12,26,10,0,En cours,Sans garantie,0.0,Travaux,526,C,36.88,,0,CONS-034,2026-09-11 14:53:26.931279,2026-09-11 14:53:26.931279
CRD-000388,CLI-000316,AG-MEK-01,CPT-000397,Crédit consommation,15351.78,15031.95,0.0319,0.0376,48,47,341.09,2024-01-16,2024-02-15,2027-12-26,2024-02-15,1,47,0,En cours,Hypothèque,12282.84,Études,489,C,30.12,,0,CONS-021,2026-09-11 14:53:26.943238,2026-09-11 14:53:26.943238
CRD-000389,CLI-001243,AG-RAB-03,CPT-001593,Crédit automobile,80363.63,41856.06,0.0745,0.0817,48,25,1941.23,2023-05-19,2023-06-18,2027-04-28,2025-04-08,23,25,0,En cours,Nantissement,41950.62,Investissement,469,C,401.34,,0,CONS-029,2026-09-11 14:53:26.948350,2026-09-11 14:53:26.948350
CRD-000390,CLI-002451,AG-FÈS-02,CPT-003119,Crédit professionnel,138984.76,61771.0,0.0746,0.0809,36,16,4320.74,2026-05-26,2026-06-25,2029-05-10,2028-01-16,20,16,0,En cours,Garantie autonome,139168.35,Investissement,605,B,473.8,,0,CONS-041,2026-09-11 14:53:26.953349,2026-09-11 14:53:26.953349
CRD-000391,CLI-001579,AG-EL -01,CPT-002021,Crédit consommation,5244.74,5244.74,0.0489,0.062,12,12,448.72,2025-08-21,2025-09-20,2026-08-16,,0,12,0,En cours,Hypothèque,6115.11,Études,663,B,23.53,,0,CONS-006,2026-09-11 14:53:26.958342,2026-09-11 14:53:26.958342
CRD-000392,CLI-004626,AG-AGA-01,CPT-005927,Crédit automobile,45174.28,40154.92,0.0565,0.0712,36,32,1367.14,2026-02-25,2026-03-27,2029-02-09,2026-06-25,4,32,0,En cours,Sans garantie,0.0,Achat immobilier,597,C,381.59,,0,CONS-047,2026-09-11 14:53:26.964351,2026-09-11 14:53:26.964351
CRD-000393,CLI-003117,AG-AGA-01,CPT-003976,Crédit immobilier,66086.65,1652.17,0.0785,0.0877,120,3,796.58,2026-01-13,2026-02-12,2035-11-22,2035-08-24,117,3,203,Contentieux,Sans garantie,0.0,Équipement professionnel,544,D,437.69,2026-01-28,1,CONS-020,2026-09-11 14:53:26.985346,2026-09-11 14:53:26.985346
CRD-000394,CLI-000070,AG-MAR-02,CPT-000091,Crédit professionnel,39214.08,5446.4,0.0662,0.0784,36,5,1204.02,2024-05-20,2024-06-19,2027-05-05,2026-12-06,31,5,0,En cours,Hypothèque,33464.52,Achat immobilier,528,C,28.38,,0,CONS-005,2026-09-11 14:53:26.994344,2026-09-11 14:53:26.994344
CRD-000395,CLI-000860,AG-RAB-02,CPT-001098,Crédit équipement,13024.65,10853.88,0.0739,0.0821,24,20,585.45,2023-09-02,2023-10-02,2025-08-22,2023-12-31,4,20,0,En cours,Sans garantie,0.0,Investissement,690,B,82.82,,0,CONS-016,2026-09-11 14:53:26.999347,2026-09-11 14:53:26.999347
CRD-000396,CLI-002754,AG-CAS-02,CPT-003507,Crédit immobilier,1864983.83,907625.46,0.058,0.0716,300,146,11789.15,2023-09-05,2023-10-05,2048-04-26,2036-04-29,154,146,0,En cours,Caution personnelle,1289333.11,Études,605,B,6430.39,,0,CONS-047,2026-09-11 14:53:27.004348,2026-09-11 14:53:27.004348
CRD-000397,CLI-001633,AG-MAR-02,CPT-002089,Crédit automobile,44769.87,32333.8,0.0414,0.0539,36,26,1324.57,2026-05-18,2026-06-17,2029-05-02,2027-03-14,10,26,76,En cours (retard),Caution personnelle,51555.05,Fonds de roulement,667,C,1298.69,2026-08-27,3,CONS-044,2026-09-11 14:53:27.024348,2026-09-11 14:53:27.024348
CRD-000398,CLI-001651,AG-CAS-06,CPT-002110,Crédit immobilier,114515.47,76725.36,0.0398,0.0542,300,201,603.19,2025-03-19,2025-04-18,2049-11-08,2033-05-06,99,201,17,En cours (retard),Garantie autonome,131718.95,Investissement,647,B,1460.14,,0,CONS-034,2026-09-11 14:53:27.029344,2026-09-11 14:53:27.029344
CRD-000399,CLI-003861,AG-FÈS-01,CPT-004939,Crédit consommation,28356.68,16541.4,0.0607,0.0685,12,7,2441.47,2023-02-10,2023-03-12,2024-02-05,2023-07-10,5,7,0,En cours,Hypothèque,15838.1,Études,575,C,37.48,,0,CONS-008,2026-09-11 14:53:27.034342,2026-09-11 14:53:27.034342
CRD-000400,CLI-003107,AG-SAF-01,CPT-003963,Crédit immobilier,97970.34,64497.14,0.0355,0.0531,120,79,971.08,2026-05-21,2026-06-20,2036-03-29,2029-10-02,41,79,0,En cours,Caution personnelle,77508.74,Études,625,B,475.15,,0,CONS-043,2026-09-11 14:53:27.039344,2026-09-11 14:53:27.039344
CRD-000401,CLI-001075,AG-FÈS-02,CPT-001370,Crédit automobile,83971.54,23791.94,0.0341,0.042,60,17,1524.21,2025-11-01,2025-12-01,2030-10-06,2029-05-14,43,17,0,En cours,Hypothèque,57944.24,Véhicule,583,C,56.89,,0,CONS-009,2026-09-11 14:53:27.044346,2026-09-11 14:53:27.044346
CRD-000402,CLI-004002,AG-RAB-03,CPT-005114,Crédit consommation,5528.73,1842.91,0.0744,0.0895,12,4,479.51,2023-02-14,2023-03-16,2024-02-09,2023-10-12,8,4,0,En cours,Hypothèque,5092.34,Achat immobilier,604,B,9.99,,0,CONS-046,2026-09-11 14:53:27.058346,2026-09-11 14:53:27.058346
CRD-000403,CLI-000788,AG-RAB-01,CPT-001003,Crédit professionnel,41304.27,26388.84,0.0499,0.0587,36,23,1237.74,2024-02-27,2024-03-28,2027-02-11,2025-03-23,13,23,0,En cours,Sans garantie,0.0,Travaux,405,C,136.12,,0,CONS-040,2026-09-11 14:53:27.080343,2026-09-11 14:53:27.080343
CRD-000404,CLI-002606,AG-MOH-01,CPT-003317,Crédit consommation,3788.59,0.0,0.047,0.0552,36,0,113.04,2022-11-12,2022-12-12,2025-10-27,2025-10-27,36,0,0,En cours,Hypothèque,3698.61,Travaux,610,B,0.0,,0,CONS-039,2026-09-11 14:53:27.087344,2026-09-11 14:53:27.087344
CRD-000405,CLI-003631,AG-TAN-02,CPT-004642,Crédit automobile,18965.98,9087.87,0.0472,0.0624,48,23,434.37,2025-11-10,2025-12-10,2029-10-20,2027-11-30,25,23,0,En cours,Nantissement,13219.88,Fonds de roulement,717,A,94.72,,0,CONS-008,2026-09-11 14:53:27.093346,2026-09-11 14:53:27.093346
CRD-000406,CLI-002122,AG-TAN-02,CPT-002701,Crédit automobile,187409.14,121035.07,0.0787,0.097,48,31,4563.78,2024-11-09,2024-12-09,2028-10-19,2026-04-03,17,31,0,En cours,Caution personnelle,106484.37,Investissement,520,C,311.1,,0,CONS-047,2026-09-11 14:53:27.099344,2026-09-11 14:53:27.099344
CRD-000407,CLI-001875,AG-MAR-01,CPT-002391,Crédit automobile,9278.22,3286.04,0.0334,0.0455,48,17,206.76,2024-01-24,2024-02-23,2028-01-03,2026-08-11,31,17,0,En cours,Sans garantie,0.0,Travaux,611,B,40.83,,0,CONS-034,2026-09-11 14:53:27.104340,2026-09-11 14:53:27.104340
CRD-000408,CLI-000812,AG-CAS-06,CPT-001037,Crédit immobilier,231556.54,158230.3,0.0695,0.0764,120,82,2682.6,2021-10-02,2021-11-01,2031-08-11,2024-11-15,38,82,0,En cours,Garantie autonome,185420.4,Études,409,C,925.25,,0,CONS-007,2026-09-11 14:53:27.107343,2026-09-11 14:53:27.107343
CRD-000409,CLI-000388,AG-MOH-01,CPT-000491,Crédit équipement,36314.67,22696.67,0.0747,0.0915,24,15,1633.65,2024-11-03,2024-12-03,2026-10-24,2025-07-31,9,15,0,En cours,Garantie autonome,34412.75,Achat immobilier,676,B,147.89,,0,CONS-050,2026-09-11 14:53:27.111342,2026-09-11 14:53:27.111342
CRD-000410,CLI-002883,AG-CAS-05,CPT-003676,Crédit consommation,14934.03,2489.0,0.0449,0.0508,36,6,444.17,2023-04-10,2023-05-10,2026-03-25,2025-09-26,30,6,0,En cours,Garantie autonome,15954.16,Travaux,739,A,20.5,,0,CONS-050,2026-09-11 14:53:27.114339,2026-09-11 14:53:27.114339
CRD-000411,CLI-001176,AG-SET-01,CPT-001503,Crédit automobile,30419.63,21547.24,0.0699,0.0833,24,17,1361.83,2026-06-15,2026-07-15,2028-06-04,2027-01-11,7,17,0,En cours,Nantissement,25965.03,Véhicule,750,A,151.13,,0,CONS-021,2026-09-11 14:53:27.117341,2026-09-11 14:53:27.117341
CRD-000412,CLI-003198,AG-MAR-01,CPT-004077,Crédit équipement,9302.37,1937.99,0.0609,0.0662,24,5,412.66,2024-04-01,2024-05-01,2026-03-22,2025-10-23,19,5,0,En cours,Garantie autonome,6274.61,Études,662,B,9.9,,0,CONS-028,2026-09-11 14:53:27.119342,2026-09-11 14:53:27.120340
CRD-000413,CLI-002624,AG-CAS-02,CPT-003340,Crédit immobilier,117783.85,30100.32,0.0307,0.0399,180,46,817.36,2024-11-08,2024-12-08,2039-08-22,2035-11-11,134,46,0,En cours,Nantissement,67438.84,Investissement,520,C,173.33,,0,CONS-040,2026-09-11 14:53:27.122339,2026-09-11 14:53:27.122339
CRD-000414,CLI-001352,AG-MEK-01,CPT-001734,Crédit investissement,83970.1,27990.03,0.0344,0.0513,60,20,1525.31,2022-08-15,2022-09-14,2027-07-20,2025-11-27,40,20,0,En cours,Hypothèque,64080.38,Études,454,C,111.28,,0,CONS-029,2026-09-11 14:53:27.125341,2026-09-11 14:53:27.125341
CRD-000415,CLI-000411,AG-TÉT-01,CPT-000517,Crédit consommation,63029.83,21009.94,0.0595,0.0672,36,12,1916.06,2024-02-15,2024-03-16,2027-01-30,2026-02-04,24,12,0,En cours,Garantie autonome,41221.22,Études,577,C,93.01,,0,CONS-008,2026-09-11 14:53:27.127340,2026-09-11 14:53:27.127340
CRD-000416,CLI-004213,AG-BÉN-01,CPT-005395,Crédit automobile,26558.36,25451.76,0.0624,0.075,24,23,1179.96,2025-08-27,2025-09-26,2027-08-17,2025-09-26,1,23,0,En cours,Hypothèque,17872.6,Fonds de roulement,527,C,68.61,,0,CONS-037,2026-09-11 14:53:27.130339,2026-09-11 14:53:27.130339
CRD-000417,CLI-000110,AG-RAB-01,CPT-000142,Crédit immobilier,346298.69,112547.07,0.0455,0.0571,120,39,3597.34,2025-11-26,2025-12-26,2035-10-05,2032-07-22,81,39,0,En cours,Nantissement,278800.04,Études,536,C,1203.13,,0,CONS-028,2026-09-11 14:53:27.132338,2026-09-11 14:53:27.132338
CRD-000418,CLI-004996,AG-CAS-01,CPT-006400,Crédit automobile,138384.62,23064.1,0.049,0.0661,48,8,3180.64,2025-05-06,2025-06-05,2029-04-15,2028-08-18,40,8,0,En cours,Sans garantie,0.0,Études,659,B,102.64,,0,CONS-006,2026-09-11 14:53:27.135341,2026-09-11 14:53:27.135341
CRD-000419,CLI-003430,AG-MOH-01,CPT-004374,Crédit professionnel,9347.13,2726.25,0.0372,0.0457,48,14,209.88,2021-10-10,2021-11-09,2025-09-19,2024-07-26,34,14,0,En cours,Nantissement,9092.89,Équipement professionnel,638,B,7.73,,0,CONS-020,2026-09-11 14:53:27.138338,2026-09-11 14:53:27.138338
CRD-000420,CLI-002810,AG-LAÂ-01,CPT-003583,Crédit automobile,93149.56,79177.13,0.0644,0.0783,60,51,1819.96,2025-12-28,2026-01-27,2030-12-02,2026-09-24,9,51,0,En cours,Sans garantie,0.0,Véhicule,586,C,463.47,,0,CONS-002,2026-09-11 14:53:27.140338,2026-09-11 14:53:27.140338
CRD-000421,CLI-002595,AG-OUJ-01,CPT-003301,Crédit automobile,99148.41,28918.29,0.0415,0.0468,48,14,2245.34,2026-02-06,2026-03-08,2030-01-16,2028-11-22,34,14,0,En cours,Garantie autonome,50391.48,Équipement professionnel,717,A,195.81,,0,CONS-019,2026-09-11 14:53:27.143338,2026-09-11 14:53:27.143338
CRD-000422,CLI-002837,AG-CAS-04,CPT-003616,Crédit immobilier,280364.98,272577.06,0.065,0.0778,180,175,2442.28,2022-12-28,2023-01-27,2037-10-10,2023-05-27,5,175,232,Contentieux,Garantie autonome,213886.28,Fonds de roulement,696,D,38239.98,2026-01-31,1,CONS-005,2026-09-11 14:53:27.146338,2026-09-11 14:53:27.146338
CRD-000423,CLI-002373,AG-SAL-01,CPT-003021,Crédit immobilier,371416.13,295585.34,0.0588,0.075,240,191,2635.29,2022-08-21,2022-09-20,2042-05-08,2026-08-30,49,191,0,En cours,Nantissement,304658.02,Équipement professionnel,700,A,1698.04,,0,CONS-003,2026-09-11 14:53:27.149341,2026-09-11 14:53:27.149341
CRD-000424,CLI-001236,AG-CAS-02,CPT-001583,Crédit consommation,10587.9,4411.62,0.0543,0.07,48,20,245.9,2023-10-16,2023-11-15,2027-09-25,2026-02-02,28,20,0,En cours,Hypothèque,6823.16,Travaux,622,B,23.49,,0,CONS-045,2026-09-11 14:53:27.152357,2026-09-11 14:53:27.152357
CRD-000425,CLI-002147,AG-MEK-01,CPT-002736,Crédit immobilier,41143.57,34286.31,0.0627,0.074,240,200,301.21,2025-12-27,2026-01-26,2045-09-13,2029-04-10,40,200,0,En cours,Nantissement,35730.18,Fonds de roulement,630,B,276.83,,0,CONS-011,2026-09-11 14:53:27.155363,2026-09-11 14:53:27.155363
CRD-000426,CLI-004976,AG-SAL-01,CPT-006377,Crédit professionnel,648428.12,306202.17,0.056,0.0628,36,17,19609.13,2024-05-29,2024-06-28,2027-05-14,2025-12-20,19,17,0,En cours,Sans garantie,0.0,Études,524,C,2242.08,,0,CONS-038,2026-09-11 14:53:27.157363,2026-09-11 14:53:27.157363
CRD-000427,CLI-000600,AG-EL -01,CPT-000757,Crédit automobile,37613.26,32389.2,0.0313,0.039,36,31,1096.0,2025-04-21,2025-05-21,2028-04-05,2025-09-18,5,31,0,En cours,Nantissement,23699.4,Équipement professionnel,644,B,139.03,,0,CONS-004,2026-09-11 14:53:27.160363,2026-09-11 14:53:27.160363
CRD-000428,CLI-001435,AG-MOH-01,CPT-001846,Crédit consommation,11708.72,975.73,0.0497,0.0582,24,2,513.52,2025-07-12,2025-08-11,2027-07-02,2027-05-03,22,2,0,En cours,Nantissement,11420.37,Travaux,458,C,5.51,,0,CONS-029,2026-09-11 14:53:27.162364,2026-09-11 14:53:27.162364
CRD-000429,CLI-004997,AG-EL -01,CPT-006401,Crédit immobilier,636085.89,120149.56,0.0507,0.0572,180,34,5053.35,2025-04-23,2025-05-23,2040-02-04,2037-04-20,146,34,0,En cours,Sans garantie,0.0,Équipement professionnel,620,B,931.36,,0,CONS-019,2026-09-11 14:53:27.165362,2026-09-11 14:53:27.165362
CRD-000430,CLI-000539,AG-SAL-01,CPT-000686,Crédit immobilier,90305.11,25586.45,0.0619,0.0761,120,34,1011.21,2022-05-15,2022-06-14,2032-03-23,2029-06-07,86,34,0,En cours,Hypothèque,106874.98,Achat immobilier,621,B,140.76,,0,CONS-026,2026-09-11 14:53:27.167363,2026-09-11 14:53:27.167363
CRD-000431,CLI-000722,AG-TAN-01,CPT-000914,Crédit automobile,25566.79,15766.19,0.0369,0.0553,60,37,467.28,2022-08-17,2022-09-16,2027-07-22,2024-07-07,23,37,0,En cours,Caution personnelle,21517.15,Travaux,660,B,102.97,,0,CONS-011,2026-09-11 14:53:27.170366,2026-09-11 14:53:27.170366
CRD-000432,CLI-004411,AG-NAD-01,CPT-005655,Crédit professionnel,12929.17,2370.35,0.0794,0.0992,60,11,261.79,2025-01-06,2025-02-05,2029-12-11,2029-01-15,49,11,0,En cours,Sans garantie,0.0,Fonds de roulement,545,C,32.14,,0,CONS-038,2026-09-11 14:53:27.173364,2026-09-11 14:53:27.173364
CRD-000433,CLI-001873,AG-NAD-01,CPT-002389,Crédit automobile,25304.87,25304.87,0.0388,0.0454,24,24,1097.51,2021-12-14,2022-01-13,2023-12-04,,0,24,0,En cours,Hypothèque,26718.67,Achat immobilier,667,B,81.37,,0,CONS-036,2026-09-11 14:53:27.176364,2026-09-11 14:53:27.176364
CRD-000434,CLI-002846,AG-MAR-01,CPT-003627,Crédit consommation,24313.65,5065.34,0.0307,0.0443,24,5,1045.78,2026-03-17,2026-04-16,2028-03-06,2027-10-08,19,5,0,En cours,Garantie autonome,17622.82,Équipement professionnel,364,C,53.62,,0,CONS-043,2026-09-11 14:53:27.178366,2026-09-11 14:53:27.178366
CRD-000435,CLI-002054,AG-TAN-02,CPT-002614,Crédit investissement,500102.44,361185.1,0.0478,0.0529,36,26,14939.17,2022-09-22,2022-10-22,2025-09-06,2023-07-19,10,26,0,En cours,Sans garantie,0.0,Équipement professionnel,573,C,5415.46,,0,CONS-039,2026-09-11 14:53:27.181364,2026-09-11 14:53:27.181364
CRD-000436,CLI-002908,AG-CAS-06,CPT-003709,Crédit équipement,8985.28,4492.64,0.0506,0.0693,24,12,394.44,2023-10-27,2023-11-26,2025-10-16,2024-10-21,12,12,10,En cours (retard),Hypothèque,8473.69,Achat immobilier,680,B,39.18,,0,CONS-026,2026-09-11 14:53:27.183364,2026-09-11 14:53:27.183364
CRD-000437,CLI-002255,AG-MEK-01,CPT-002874,Crédit automobile,59745.45,58500.75,0.0321,0.0429,48,47,1327.98,2023-08-08,2023-09-07,2027-07-18,2023-09-07,1,47,0,En cours,Nantissement,60512.24,Achat immobilier,688,B,392.65,,0,CONS-039,2026-09-11 14:53:27.186365,2026-09-11 14:53:27.186365
CRD-000438,CLI-003913,AG-CAS-05,CPT-005001,Crédit équipement,7864.35,4587.54,0.0467,0.0578,48,28,179.94,2022-11-19,2022-12-19,2026-10-29,2024-07-11,20,28,0,En cours,Sans garantie,0.0,Équipement professionnel,564,C,33.23,,0,CONS-036,2026-09-11 14:53:27.188363,2026-09-11 14:53:27.188363
CRD-000439,CLI-000178,AG-RAB-01,CPT-000222,Crédit professionnel,41571.65,6928.61,0.0507,0.0593,36,6,1247.25,2023-07-12,2023-08-11,2026-06-26,2025-12-28,30,6,0,En cours,Caution personnelle,29630.86,Travaux,746,A,38.33,,0,CONS-047,2026-09-11 14:53:27.191345,2026-09-11 14:53:27.191345
CRD-000440,CLI-002891,AG-RAB-02,CPT-003686,Crédit professionnel,19141.89,6779.42,0.0346,0.0478,48,17,427.6,2021-10-26,2021-11-25,2025-10-05,2024-05-13,31,17,0,En cours,Garantie autonome,20586.76,Équipement professionnel,433,C,29.78,,0,CONS-019,2026-09-11 14:53:27.194365,2026-09-11 14:53:27.194365
CRD-000441,CLI-003674,AG-LAÂ-01,CPT-004699,Crédit automobile,15374.35,6405.98,0.0611,0.074,24,10,682.16,2022-11-19,2022-12-19,2024-11-08,2024-01-13,14,10,0,En cours,Sans garantie,0.0,Véhicule,529,C,57.48,,0,CONS-044,2026-09-11 14:53:27.197364,2026-09-11 14:53:27.197364
CRD-000442,CLI-000081,AG-MAR-02,CPT-000107,Crédit professionnel,1636.82,1432.22,0.043,0.0555,48,42,37.18,2022-06-04,2022-07-04,2026-05-14,2022-12-01,6,42,0,En cours,Caution personnelle,1420.48,Équipement professionnel,634,B,12.29,,0,CONS-023,2026-09-11 14:53:27.202342,2026-09-11 14:53:27.202342
CRD-000443,CLI-002562,AG-CAS-01,CPT-003260,Crédit automobile,92598.89,19291.44,0.0764,0.086,24,5,4172.81,2022-04-27,2022-05-27,2024-04-16,2023-11-18,19,5,0,En cours,Hypothèque,96957.92,Achat immobilier,542,C,64.34,,0,CONS-043,2026-09-11 14:53:27.205363,2026-09-11 14:53:27.205363
CRD-000444,CLI-001724,AG-KHO-01,CPT-002200,Crédit immobilier,827523.57,627538.71,0.0766,0.088,120,91,9892.09,2023-11-01,2023-12-01,2033-09-09,2026-03-20,29,91,0,En cours,Nantissement,741947.74,Investissement,531,C,6239.32,,0,CONS-025,2026-09-11 14:53:27.208359,2026-09-11 14:53:27.208359
CRD-000445,CLI-001618,AG-SAF-01,CPT-002071,Crédit investissement,76865.63,64054.69,0.0447,0.0575,60,50,1431.96,2024-08-03,2024-09-02,2029-07-08,2025-05-30,10,50,40,En cours (retard),Nantissement,78620.57,Investissement,767,C,2882.24,2025-03-10,2,CONS-028,2026-09-11 14:53:27.210366,2026-09-11 14:53:27.210366
CRD-000446,CLI-001655,AG-TAN-02,CPT-002116,Crédit immobilier,395417.4,304471.4,0.0793,0.0974,300,231,3033.58,2024-09-04,2024-10-04,2049-04-26,2030-05-06,69,231,0,En cours,Caution personnelle,324965.2,Études,662,B,1606.82,,0,CONS-013,2026-09-11 14:53:27.214360,2026-09-11 14:53:27.214360
CRD-000447,CLI-002329,AG-TAN-02,CPT-002968,Crédit équipement,15032.48,5950.36,0.0498,0.0654,48,19,346.05,2022-02-16,2022-03-18,2026-01-26,2024-07-05,29,19,0,En cours,Nantissement,14359.63,Travaux,510,C,18.22,,0,CONS-026,2026-09-11 14:53:27.217360,2026-09-11 14:53:27.217360
CRD-000448,CLI-004614,AG-RAB-02,CPT-005913,Crédit équipement,12022.44,2003.74,0.0504,0.0588,48,8,277.09,2026-07-07,2026-08-06,2030-06-16,2029-10-19,40,8,0,En cours,Caution personnelle,7552.83,Investissement,624,B,10.72,,0,CONS-045,2026-09-11 14:53:27.219366,2026-09-11 14:53:27.219366
CRD-000449,CLI-000222,AG-CAS-03,CPT-000280,Crédit équipement,17313.44,15870.65,0.0565,0.0763,12,11,1487.32,2025-10-10,2025-11-09,2026-10-05,2025-11-09,1,11,0,En cours,Nantissement,17414.91,Travaux,597,C,95.04,,0,CONS-034,2026-09-11 14:53:27.222359,2026-09-11 14:53:27.222359
CRD-000450,CLI-000094,AG-RAB-01,CPT-000123,Crédit automobile,17373.61,13754.11,0.0656,0.0761,48,38,412.5,2023-06-24,2023-07-24,2027-06-03,2024-04-19,10,38,0,En cours,Sans garantie,0.0,Équipement professionnel,736,A,114.16,,0,CONS-030,2026-09-11 14:53:27.224362,2026-09-11 14:53:27.224362
CRD-000451,CLI-002610,AG-FÈS-02,CPT-003322,Crédit consommation,6072.56,4723.1,0.0582,0.0686,36,28,184.24,2025-06-03,2025-07-03,2028-05-18,2026-01-29,8,28,66,En cours (retard),Nantissement,3872.08,Fonds de roulement,659,C,304.59,2025-12-15,1,CONS-049,2026-09-11 14:53:27.227365,2026-09-11 14:53:27.227365
CRD-000452,CLI-003383,AG-SAL-01,CPT-004312,Crédit consommation,6578.0,3837.17,0.0748,0.082,36,21,204.56,2026-04-04,2026-05-04,2029-03-19,2027-06-28,15,21,0,En cours,Garantie autonome,4496.9,Équipement professionnel,608,B,12.75,,0,CONS-028,2026-09-11 14:53:27.231362,2026-09-11 14:53:27.231362
CRD-000453,CLI-004416,AG-AGA-02,CPT-005660,Crédit consommation,8685.62,2714.26,0.0384,0.0493,48,15,195.49,2024-04-11,2024-05-11,2028-03-21,2026-12-27,33,15,127,Incident de paiement,Caution personnelle,5048.41,Études,790,D,268.25,2025-01-28,1,CONS-005,2026-09-11 14:53:27.234364,2026-09-11 14:53:27.234364
CRD-000454,CLI-001398,AG-BÉN-01,CPT-001792,Crédit professionnel,422794.19,237821.73,0.0392,0.049,48,27,9531.17,2023-10-25,2023-11-24,2027-10-04,2025-07-16,21,27,0,En cours,Hypothèque,496057.65,Véhicule,733,A,1027.72,,0,CONS-032,2026-09-11 14:53:27.236367,2026-09-11 14:53:27.236367
CRD-000455,CLI-004687,AG-CAS-06,CPT-006007,Crédit immobilier,891063.87,835372.38,0.0378,0.0515,240,225,5296.94,2025-10-13,2025-11-12,2045-06-30,2027-01-06,15,225,0,En cours,Caution personnelle,966959.13,Équipement professionnel,463,C,10373.38,,0,CONS-026,2026-09-11 14:53:27.239364,2026-09-11 14:53:27.239364
CRD-000456,CLI-001293,AG-MEK-01,CPT-001658,Crédit immobilier,134830.12,29213.19,0.0613,0.0794,180,39,1147.26,2023-05-12,2023-06-11,2038-02-22,2034-12-10,141,39,0,En cours,Sans garantie,0.0,Équipement professionnel,513,C,248.8,,0,CONS-022,2026-09-11 14:53:27.242359,2026-09-11 14:53:27.242359
CRD-000457,CLI-002165,AG-EL -01,CPT-002761,Crédit consommation,26001.09,8667.03,0.0373,0.049,12,4,2210.78,2025-06-09,2025-07-09,2026-06-04,2026-02-04,8,4,0,En cours,Sans garantie,0.0,Équipement professionnel,627,B,56.55,,0,CONS-008,2026-09-11 14:53:27.244365,2026-09-11 14:53:27.244365
CRD-000458,CLI-002940,AG-KHE-01,CPT-003748,Crédit immobilier,178151.23,103179.25,0.072,0.0837,240,139,1402.67,2022-12-08,2023-01-07,2042-08-25,2031-03-26,101,139,373,Contentieux,Caution personnelle,175530.41,Travaux,622,D,39349.57,2023-06-24,2,CONS-007,2026-09-11 14:53:27.247364,2026-09-11 14:53:27.247364
CRD-000459,CLI-003669,AG-RAB-01,CPT-004691,Crédit automobile,122621.93,28100.86,0.0686,0.0751,48,11,2928.38,2025-04-10,2025-05-10,2029-03-20,2028-04-24,37,11,0,En cours,Sans garantie,0.0,Travaux,640,B,186.33,,0,CONS-036,2026-09-11 14:53:27.250361,2026-09-11 14:53:27.250361
CRD-000460,CLI-000813,AG-RAB-02,CPT-001039,Crédit automobile,15987.55,4329.96,0.0678,0.0863,48,13,381.21,2024-01-31,2024-03-01,2028-01-10,2026-12-16,35,13,0,En cours,Nantissement,14878.77,Fonds de roulement,496,C,20.99,,0,CONS-033,2026-09-11 14:53:27.253364,2026-09-11 14:53:27.253364
CRD-000461,CLI-001259,AG-CAS-02,CPT-001614,Crédit professionnel,791310.66,678266.28,0.0307,0.0405,84,72,10480.81,2024-06-09,2024-07-09,2031-05-04,2025-06-04,12,72,0,En cours,Caution personnelle,783643.86,Investissement,521,C,1803.71,,0,CONS-022,2026-09-11 14:53:27.256363,2026-09-11 14:53:27.256363
CRD-000462,CLI-000890,AG-SAL-01,CPT-001137,Crédit équipement,10135.96,7390.8,0.0344,0.0474,48,35,226.33,2025-01-12,2025-02-11,2028-12-22,2026-02-06,13,35,0,En cours,Caution personnelle,9995.64,Études,498,C,73.16,,0,CONS-015,2026-09-11 14:53:27.259364,2026-09-11 14:53:27.259364
CRD-000463,CLI-001452,AG-CAS-02,CPT-001869,Crédit immobilier,346063.8,80748.22,0.0689,0.0862,120,28,3998.5,2023-05-16,2023-06-15,2033-03-24,2030-12-05,92,28,0,En cours,Garantie autonome,281386.12,Travaux,674,B,333.26,,0,CONS-027,2026-09-11 14:53:27.262364,2026-09-11 14:53:27.262364
CRD-000464,CLI-003317,AG-SAF-01,CPT-004220,Crédit immobilier,530964.65,53096.46,0.0694,0.08,120,12,6148.54,2024-05-14,2024-06-13,2034-03-23,2033-03-28,108,12,0,En cours,Garantie autonome,526598.86,Travaux,538,C,419.22,,0,CONS-034,2026-09-11 14:53:27.265364,2026-09-11 14:53:27.265364
CRD-000465,CLI-002560,AG-MAR-02,CPT-003257,Crédit investissement,44553.98,1060.81,0.0524,0.0665,84,2,634.76,2023-05-28,2023-06-27,2030-04-21,2030-02-20,82,2,0,En cours,Nantissement,47907.19,Véhicule,453,C,4.14,,0,CONS-010,2026-09-11 14:53:27.268364,2026-09-11 14:53:27.268364
CRD-000466,CLI-003575,AG-KÉN-01,CPT-004567,Crédit automobile,31591.28,6142.75,0.0433,0.0519,36,7,937.35,2023-05-05,2023-06-04,2026-04-19,2025-09-21,29,7,0,En cours,Caution personnelle,36579.81,Fonds de roulement,547,C,53.46,,0,CONS-006,2026-09-11 14:53:27.270365,2026-09-11 14:53:27.270365
CRD-000467,CLI-002681,AG-SAF-01,CPT-003415,Crédit investissement,77720.98,42098.86,0.0436,0.0628,48,26,1767.41,2024-08-05,2024-09-04,2028-07-15,2026-05-27,22,26,0,En cours,Hypothèque,79939.81,Travaux,523,C,157.48,,0,CONS-021,2026-09-11 14:53:27.273363,2026-09-11 14:53:27.273363
CRD-000468,CLI-004652,AG-CAS-05,CPT-005959,Crédit investissement,91639.77,82475.79,0.0699,0.0795,60,54,1814.14,2021-10-14,2021-11-13,2026-09-18,2022-04-12,6,54,50,En cours (retard),Sans garantie,0.0,Équipement professionnel,669,C,7963.3,2026-04-24,2,CONS-011,2026-09-11 14:53:27.276363,2026-09-11 14:53:27.276363
CRD-000469,CLI-004812,AG-TAN-01,CPT-006169,Crédit immobilier,171106.03,4752.95,0.0661,0.082,180,5,1500.88,2022-06-16,2022-07-16,2037-03-29,2036-10-30,175,5,0,En cours,Sans garantie,0.0,Études,732,A,45.9,,0,CONS-013,2026-09-11 14:53:27.279344,2026-09-11 14:53:27.279344
CRD-000470,CLI-004680,AG-NAD-01,CPT-005996,Crédit professionnel,228649.32,201429.16,0.0688,0.0763,84,74,3437.53,2026-08-13,2026-09-12,2033-07-07,2027-06-09,10,74,1,En cours (retard),Hypothèque,190773.6,Équipement professionnel,737,B,2515.18,,0,CONS-050,2026-09-11 14:53:27.282341,2026-09-11 14:53:27.282341
CRD-000471,CLI-002965,AG-EL -01,CPT-003783,Crédit automobile,18663.83,8554.26,0.0317,0.0371,24,11,803.6,2025-10-26,2025-11-25,2027-10-16,2026-11-20,13,11,0,En cours,Sans garantie,0.0,Fonds de roulement,489,C,127.41,,0,CONS-039,2026-09-11 14:53:27.284344,2026-09-11 14:53:27.284344
CRD-000472,CLI-002673,AG-MAR-01,CPT-003404,Crédit équipement,16587.07,460.75,0.0379,0.0472,36,1,488.17,2025-05-22,2025-06-21,2028-05-06,2028-04-06,35,1,0,En cours,Sans garantie,0.0,Véhicule,688,B,6.28,,0,CONS-047,2026-09-11 14:53:27.287342,2026-09-11 14:53:27.287342
CRD-000473,CLI-000562,AG-MAR-02,CPT-000712,Crédit immobilier,246406.59,9034.91,0.0323,0.0474,300,11,1198.18,2024-11-10,2024-12-10,2049-07-02,2048-08-06,289,11,0,En cours,Caution personnelle,224615.17,Investissement,579,C,54.69,,0,CONS-009,2026-09-11 14:53:27.290484,2026-09-11 14:53:27.290484
CRD-000474,CLI-002779,AG-SET-01,CPT-003541,Crédit immobilier,152667.8,94654.04,0.0709,0.088,300,186,1087.81,2025-01-21,2025-02-20,2049-09-12,2034-06-03,114,186,0,En cours,Nantissement,143654.13,Travaux,685,B,762.59,,0,CONS-018,2026-09-11 14:53:27.292510,2026-09-11 14:53:27.292510
CRD-000475,CLI-002949,AG-BÉN-01,CPT-003760,Crédit immobilier,139934.7,55507.43,0.0631,0.0742,300,119,928.3,2026-08-04,2026-09-03,2051-03-26,2041-06-16,181,119,0,En cours,Caution personnelle,147301.67,Véhicule,546,C,361.41,,0,CONS-030,2026-09-11 14:53:27.295508,2026-09-11 14:53:27.295508
CRD-000476,CLI-002818,AG-EL -01,CPT-003594,Crédit automobile,12829.73,9978.68,0.043,0.049,36,28,380.5,2024-12-09,2025-01-08,2027-11-24,2025-08-06,8,28,0,En cours,Nantissement,14922.87,Études,701,A,68.73,,0,CONS-011,2026-09-11 14:53:27.298509,2026-09-11 14:53:27.298509
CRD-000477,CLI-002759,AG-RAB-03,CPT-003515,Crédit professionnel,32545.14,4520.16,0.06,0.0779,36,5,990.09,2026-01-11,2026-02-10,2028-12-26,2028-07-29,31,5,0,En cours,Nantissement,31359.98,Investissement,634,B,23.88,,0,CONS-031,2026-09-11 14:53:27.300509,2026-09-11 14:53:27.300509
CRD-000478,CLI-001757,AG-LAÂ-01,CPT-002242,Crédit automobile,46373.55,33814.05,0.0686,0.0846,48,35,1107.46,2024-03-12,2024-04-11,2028-02-20,2025-04-06,13,35,0,En cours,Hypothèque,53710.44,Équipement professionnel,536,C,135.2,,0,CONS-016,2026-09-11 14:53:27.303509,2026-09-11 14:53:27.303509
CRD-000479,CLI-000725,AG-CAS-03,CPT-000918,Crédit immobilier,197666.98,64241.77,0.0718,0.0892,120,39,2313.46,2024-09-30,2024-10-30,2034-08-09,2031-05-27,81,39,0,En cours,Nantissement,125487.49,Travaux,494,C,261.2,,0,CONS-034,2026-09-11 14:53:27.306507,2026-09-11 14:53:27.306507
CRD-000480,CLI-000220,AG-AGA-02,CPT-000277,Crédit professionnel,344532.75,35888.83,0.0584,0.0737,48,5,8066.11,2022-09-10,2022-10-10,2026-08-20,2026-03-23,43,5,0,En cours,Nantissement,405061.61,Études,724,A,114.98,,0,CONS-004,2026-09-11 14:53:27.309489,2026-09-11 14:53:27.309489
CRD-000481,CLI-004140,AG-CAS-04,CPT-005299,Crédit consommation,29409.47,3063.49,0.0495,0.0604,48,5,676.61,2025-03-26,2025-04-25,2029-03-05,2028-10-06,43,5,176,Incident de paiement,Hypothèque,16654.38,Investissement,578,D,177.47,2025-11-27,2,CONS-005,2026-09-11 14:53:27.313507,2026-09-11 14:53:27.313507
CRD-000482,CLI-003958,AG-CAS-04,CPT-005058,Crédit consommation,12032.14,1002.68,0.0415,0.055,12,1,1025.36,2023-05-16,2023-06-15,2024-05-10,2024-04-10,11,1,0,En cours,Sans garantie,0.0,Travaux,730,A,14.13,,0,CONS-032,2026-09-11 14:53:27.316493,2026-09-11 14:53:27.316493
CRD-000483,CLI-001589,AG-MAR-01,CPT-002031,Crédit immobilier,79634.78,17917.83,0.0582,0.0736,120,27,876.93,2024-10-17,2024-11-16,2034-08-26,2032-06-07,93,27,0,En cours,Caution personnelle,89365.3,Fonds de roulement,487,C,205.4,,0,CONS-035,2026-09-11 14:53:27.319494,2026-09-11 14:53:27.319494
CRD-000484,CLI-003348,AG-CAS-05,CPT-004263,Crédit automobile,50063.71,45891.73,0.0385,0.0577,36,33,1474.74,2026-08-06,2026-09-05,2029-07-21,2026-11-04,3,33,0,En cours,Caution personnelle,56818.5,Achat immobilier,596,C,265.6,,0,CONS-034,2026-09-11 14:53:27.323493,2026-09-11 14:53:27.323493
CRD-000485,CLI-003971,AG-SAL-01,CPT-005075,Crédit équipement,15897.36,9715.05,0.0471,0.0589,36,22,474.39,2023-06-28,2023-07-28,2026-06-12,2024-08-21,14,22,0,En cours,Caution personnelle,16187.92,Équipement professionnel,833,A,57.66,,0,CONS-040,2026-09-11 14:53:27.328484,2026-09-11 14:53:27.328484
CRD-000486,CLI-004708,AG-FÈS-01,CPT-006032,Crédit automobile,22970.97,9571.24,0.0492,0.0615,60,25,432.65,2025-11-22,2025-12-22,2030-10-27,2028-10-07,35,25,0,En cours,Hypothèque,22006.34,Véhicule,494,C,26.97,,0,CONS-040,2026-09-11 14:53:27.331509,2026-09-11 14:53:27.331509
CRD-000487,CLI-000044,AG-CAS-03,CPT-000060,Crédit professionnel,220050.74,42787.64,0.0429,0.0588,36,7,6525.2,2023-12-01,2023-12-31,2026-11-15,2026-04-19,29,7,0,En cours,Nantissement,127751.11,Achat immobilier,645,B,296.99,,0,CONS-017,2026-09-11 14:53:27.334506,2026-09-11 14:53:27.334506
CRD-000488,CLI-003002,AG-CAS-01,CPT-003830,Crédit consommation,6453.97,5109.39,0.0399,0.0557,24,19,280.23,2025-08-28,2025-09-27,2027-08-18,2026-01-25,5,19,0,En cours,Sans garantie,0.0,Études,550,C,61.79,,0,CONS-035,2026-09-11 14:53:27.336505,2026-09-11 14:53:27.336505
CRD-000489,CLI-000211,AG-EL -01,CPT-000266,Crédit automobile,30364.17,7591.04,0.0484,0.0641,60,15,570.79,2025-12-16,2026-01-15,2030-11-20,2029-08-27,45,15,158,Incident de paiement,Garantie autonome,26053.56,Véhicule,568,D,1010.36,2026-07-14,2,CONS-044,2026-09-11 14:53:27.339507,2026-09-11 14:53:27.339507
CRD-000490,CLI-000678,AG-FÈS-01,CPT-000857,Crédit immobilier,409603.89,155649.48,0.0653,0.0805,300,114,2773.36,2022-02-27,2022-03-29,2046-10-19,2037-06-08,186,114,0,En cours,Hypothèque,393283.73,Véhicule,537,C,611.43,,0,CONS-017,2026-09-11 14:53:27.341509,2026-09-11 14:53:27.341509
CRD-000491,CLI-000355,AG-BÉN-01,CPT-000449,Crédit automobile,13290.24,11444.37,0.055,0.0708,36,31,401.31,2023-02-08,2023-03-10,2026-01-23,2023-07-08,5,31,0,En cours,Hypothèque,15077.82,Équipement professionnel,713,A,38.1,,0,CONS-033,2026-09-11 14:53:27.345489,2026-09-11 14:53:27.345489
CRD-000492,CLI-001434,AG-KHO-01,CPT-001844,Crédit équipement,5025.23,139.59,0.0364,0.0541,36,1,147.56,2026-03-26,2026-04-25,2029-03-10,2029-02-08,35,1,0,En cours,Hypothèque,3321.47,Travaux,629,B,0.46,,0,CONS-047,2026-09-11 14:53:27.348488,2026-09-11 14:53:27.348488
CRD-000493,CLI-000950,AG-CAS-04,CPT-001212,Crédit automobile,52657.72,8776.29,0.0691,0.0806,36,6,1623.75,2022-05-27,2022-06-26,2025-05-11,2024-11-12,30,6,0,En cours,Hypothèque,26633.92,Équipement professionnel,613,B,41.83,,0,CONS-047,2026-09-11 14:53:27.351734,2026-09-11 14:53:27.351734
CRD-000494,CLI-002844,AG-LAÂ-01,CPT-003625,Crédit consommation,18435.33,384.07,0.0371,0.0563,48,1,413.86,2023-03-03,2023-04-02,2027-02-10,2027-01-11,47,1,266,Contentieux,Sans garantie,0.0,Travaux,576,D,130.13,2026-03-20,2,CONS-039,2026-09-11 14:53:27.353732,2026-09-11 14:53:27.353732
CRD-000495,CLI-000578,AG-KHE-01,CPT-000732,Crédit immobilier,123777.0,21042.09,0.0321,0.0436,300,51,600.57,2026-01-12,2026-02-11,2050-09-03,2046-06-26,249,51,0,En cours,Hypothèque,130725.0,Études,706,A,111.19,,0,CONS-019,2026-09-11 14:53:27.356734,2026-09-11 14:53:27.356734
CRD-000496,CLI-003929,AG-MAR-02,CPT-005024,Crédit consommation,10548.35,2637.09,0.0371,0.0568,24,6,456.7,2026-02-05,2026-03-07,2028-01-26,2027-07-30,18,6,0,En cours,Garantie autonome,8511.21,Investissement,671,B,10.68,,0,CONS-046,2026-09-11 14:53:27.359733,2026-09-11 14:53:27.359733
CRD-000497,CLI-000545,AG-MOH-01,CPT-000693,Crédit immobilier,166384.5,151964.51,0.0687,0.0886,300,274,1162.21,2022-11-28,2022-12-28,2047-07-20,2025-01-16,26,274,0,En cours,Hypothèque,88267.2,Études,555,C,808.39,,0,CONS-042,2026-09-11 14:53:27.362734,2026-09-11 14:53:27.362734
CRD-000498,CLI-000368,AG-TAN-02,CPT-000463,Crédit professionnel,10340.92,1206.44,0.0623,0.0713,60,7,201.03,2026-04-17,2026-05-17,2031-03-22,2030-08-24,53,7,183,Contentieux,Nantissement,8302.52,Fonds de roulement,631,D,327.65,2026-06-12,3,CONS-038,2026-09-11 14:53:27.365890,2026-09-11 14:53:27.365890
CRD-000499,CLI-001613,AG-EL -01,CPT-002063,Crédit immobilier,357866.81,220684.53,0.0668,0.0786,180,111,3152.92,2023-09-06,2023-10-06,2038-06-19,2029-05-07,69,111,0,En cours,Caution personnelle,267950.37,Travaux,690,B,556.14,,0,CONS-025,2026-09-11 14:53:27.367889,2026-09-11 14:53:27.367889
CRD-000500,CLI-003551,AG-TAN-01,CPT-004534,Crédit professionnel,8647.72,240.21,0.0625,0.0707,36,1,264.06,2025-04-07,2025-05-07,2028-03-22,2028-02-21,35,1,0,En cours,Hypothèque,5239.48,Équipement professionnel,657,B,0.75,,0,CONS-024,2026-09-11 14:53:27.370890,2026-09-11 14:53:27.370890
CRD-000501,CLI-003717,AG-CAS-02,CPT-004752,Crédit professionnel,87696.76,19000.96,0.0725,0.0798,60,13,1746.86,2024-03-26,2024-04-25,2029-02-28,2028-02-04,47,13,94,Incident de paiement,Sans garantie,0.0,Équipement professionnel,705,D,2035.6,2024-09-02,3,CONS-019,2026-09-11 14:53:27.373940,2026-09-11 14:53:27.373940
CRD-000502,CLI-003780,AG-SET-01,CPT-004835,Crédit automobile,100555.33,36311.65,0.0719,0.0807,36,13,3113.6,2025-12-02,2026-01-01,2028-11-16,2027-10-23,23,13,158,Incident de paiement,Caution personnelle,96632.5,Fonds de roulement,635,D,5093.34,2026-07-17,2,CONS-018,2026-09-11 14:53:27.377085,2026-09-11 14:53:27.377085
CRD-000503,CLI-000136,AG-RAB-02,CPT-000174,Crédit immobilier,985798.63,821498.86,0.0651,0.0786,300,250,6662.34,2026-09-05,2026-10-05,2051-04-27,2030-10-14,50,250,0,En cours,Nantissement,675348.82,Achat immobilier,661,B,4117.64,,0,CONS-033,2026-09-11 14:53:27.379085,2026-09-11 14:53:27.379085
CRD-000504,CLI-004481,AG-LAÂ-01,CPT-005744,Crédit immobilier,128911.08,74481.96,0.0761,0.0841,180,104,1203.09,2024-05-28,2024-06-27,2039-03-11,2030-08-25,76,104,0,En cours,Caution personnelle,77810.7,Véhicule,629,B,838.68,,0,CONS-014,2026-09-11 14:53:27.382085,2026-09-11 14:53:27.382085
CRD-000505,CLI-001438,AG-FÈS-01,CPT-001849,Crédit immobilier,556176.44,278088.22,0.079,0.0895,120,60,6718.6,2025-06-21,2025-07-21,2035-04-30,2030-05-26,60,60,124,Incident de paiement,Nantissement,324176.87,Véhicule,725,D,30913.01,2026-02-07,2,CONS-031,2026-09-11 14:53:27.384084,2026-09-11 14:53:27.384084
CRD-000506,CLI-000048,AG-BÉN-01,CPT-000064,Crédit équipement,17762.55,9991.43,0.0788,0.0879,48,27,432.64,2024-05-28,2024-06-27,2028-05-07,2026-02-17,21,27,0,En cours,Nantissement,9947.55,Fonds de roulement,512,C,105.7,,0,CONS-023,2026-09-11 14:53:27.387085,2026-09-11 14:53:27.387085
CRD-000507,CLI-001361,AG-TAN-01,CPT-001744,Crédit professionnel,264343.09,49564.33,0.0759,0.0946,48,9,6402.63,2022-12-22,2023-01-21,2026-12-01,2026-03-06,39,9,0,En cours,Caution personnelle,247338.75,Études,430,C,307.76,,0,CONS-034,2026-09-11 14:53:27.389084,2026-09-11 14:53:27.389084
CRD-000508,CLI-000735,AG-RAB-02,CPT-000932,Crédit automobile,39350.16,36070.98,0.0428,0.0537,36,33,1166.68,2024-08-07,2024-09-06,2027-07-23,2024-11-05,3,33,0,En cours,Sans garantie,0.0,Équipement professionnel,580,C,374.88,,0,CONS-042,2026-09-11 14:53:27.392326,2026-09-11 14:53:27.392326
CRD-000509,CLI-001535,AG-KHE-01,CPT-001966,Crédit immobilier,384998.18,279123.68,0.0313,0.0466,120,87,3740.72,2022-11-27,2022-12-27,2032-10-05,2025-08-13,33,87,0,En cours,Sans garantie,0.0,Achat immobilier,528,C,2504.83,,0,CONS-021,2026-09-11 14:53:27.395325,2026-09-11 14:53:27.395325
CRD-000510,CLI-002005,AG-CAS-04,CPT-002557,Crédit immobilier,140645.54,26957.06,0.0745,0.0861,120,23,1665.82,2022-01-17,2022-02-16,2031-11-26,2030-01-05,97,23,0,En cours,Nantissement,114915.52,Équipement professionnel,548,C,93.87,,0,CONS-010,2026-09-11 14:53:27.397327,2026-09-11 14:53:27.397327
CRD-000511,CLI-003796,AG-MAR-02,CPT-004855,Crédit professionnel,8712.84,6897.66,0.0789,0.0926,48,38,212.26,2025-04-27,2025-05-27,2029-04-06,2026-02-21,10,38,0,En cours,Garantie autonome,4571.69,Achat immobilier,506,C,47.03,,0,CONS-019,2026-09-11 14:53:27.400499,2026-09-11 14:53:27.400499
CRD-000512,CLI-002520,AG-CAS-04,CPT-003204,Crédit professionnel,91994.21,62424.64,0.0669,0.0838,84,57,1374.54,2024-02-14,2024-03-15,2031-01-08,2026-05-04,27,57,0,En cours,Hypothèque,91300.18,Fonds de roulement,688,B,400.08,,0,CONS-029,2026-09-11 14:53:27.402502,2026-09-11 14:53:27.402502
CRD-000513,CLI-001973,AG-CAS-05,CPT-002516,Crédit investissement,79567.44,4420.41,0.0664,0.0728,36,2,2443.74,2021-10-06,2021-11-05,2024-09-20,2024-07-22,34,2,0,En cours,Nantissement,90500.92,Fonds de roulement,611,B,24.44,,0,CONS-026,2026-09-11 14:53:27.405499,2026-09-11 14:53:27.405499
CRD-000514,CLI-000997,AG-MAR-01,CPT-001269,Crédit immobilier,514685.16,19300.69,0.0774,0.0856,240,9,4222.13,2023-08-31,2023-09-30,2043-05-18,2042-08-21,231,9,174,Incident de paiement,Caution personnelle,610497.32,Travaux,474,D,2333.61,2024-05-15,1,CONS-028,2026-09-11 14:53:27.408480,2026-09-11 14:53:27.408480
CRD-000515,CLI-000062,AG-FÈS-02,CPT-000080,Crédit automobile,46301.37,6752.28,0.0737,0.0922,48,7,1116.71,2025-04-21,2025-05-21,2029-03-31,2028-09-02,41,7,0,En cours,Hypothèque,23963.79,Équipement professionnel,546,C,27.04,,0,CONS-001,2026-09-11 14:53:27.411480,2026-09-11 14:53:27.411480
CRD-000516,CLI-001109,AG-FÈS-02,CPT-001417,Crédit immobilier,139567.31,50709.46,0.0588,0.0766,300,109,889.02,2022-04-18,2022-05-18,2046-12-08,2037-12-25,191,109,0,En cours,Garantie autonome,71245.94,Équipement professionnel,716,A,431.45,,0,CONS-043,2026-09-11 14:53:27.413480,2026-09-11 14:53:27.413480
CRD-000517,CLI-002406,AG-CAS-05,CPT-003060,Crédit professionnel,28338.81,0.0,0.0302,0.0498,48,0,627.51,2024-06-08,2024-07-08,2028-05-18,2028-05-18,48,0,0,En cours,Caution personnelle,33433.25,Travaux,721,A,0.0,,0,CONS-009,2026-09-11 14:53:27.415854,2026-09-11 14:53:27.415854
CRD-000518,CLI-000096,AG-FÈS-02,CPT-000125,Crédit professionnel,33133.98,24850.49,0.0454,0.0517,48,36,756.17,2023-11-02,2023-12-02,2027-10-12,2024-10-27,12,36,0,En cours,Sans garantie,0.0,Études,585,C,112.45,,0,CONS-034,2026-09-11 14:53:27.418857,2026-09-11 14:53:27.418857
CRD-000519,CLI-000479,AG-TÉT-01,CPT-000606,Crédit immobilier,46754.75,35845.31,0.0503,0.065,180,138,370.46,2021-11-22,2021-12-22,2036-09-04,2025-05-05,42,138,0,En cours,Nantissement,34617.1,Achat immobilier,495,C,194.38,,0,CONS-044,2026-09-11 14:53:27.421870,2026-09-11 14:53:27.421870
CRD-000520,CLI-004360,AG-CAS-03,CPT-005592,Crédit professionnel,15358.29,1791.8,0.0313,0.0508,60,7,276.86,2022-01-31,2022-03-02,2027-01-05,2026-06-09,53,7,26,En cours (retard),Hypothèque,11717.27,Études,681,B,17.99,,0,CONS-002,2026-09-11 14:53:27.424859,2026-09-11 14:53:27.424859
CRD-000521,CLI-004113,AG-CAS-01,CPT-005265,Crédit professionnel,42658.94,32705.19,0.0773,0.0859,60,46,859.47,2026-02-24,2026-03-26,2031-01-29,2027-04-20,14,46,0,En cours,Garantie autonome,47159.12,Investissement,492,C,89.1,,0,CONS-023,2026-09-11 14:53:27.428861,2026-09-11 14:53:27.428861
CRD-000522,CLI-003708,AG-CAS-02,CPT-004742,Crédit immobilier,195040.3,7584.9,0.0536,0.0592,180,7,1579.19,2022-02-23,2022-03-25,2036-12-06,2036-05-10,173,7,0,En cours,Hypothèque,163487.73,Travaux,567,C,24.32,,0,CONS-038,2026-09-11 14:53:27.431853,2026-09-11 14:53:27.431853
CRD-000523,CLI-001102,AG-MAR-01,CPT-001407,Crédit automobile,104046.65,11560.74,0.0363,0.0447,36,4,3054.78,2021-12-16,2022-01-15,2024-11-30,2024-08-02,32,4,0,En cours,Garantie autonome,123716.43,Études,498,C,93.28,,0,CONS-036,2026-09-11 14:53:27.433854,2026-09-11 14:53:27.433854
CRD-000524,CLI-002747,AG-BÉN-01,CPT-003500,Crédit immobilier,1385104.03,623296.81,0.0525,0.0577,120,54,14861.02,2024-07-20,2024-08-19,2034-05-29,2029-12-21,66,54,336,Contentieux,Nantissement,1202614.51,Fonds de roulement,680,D,150697.74,2025-07-12,3,CONS-037,2026-09-11 14:53:27.436854,2026-09-11 14:53:27.436854
CRD-000525,CLI-002171,AG-KHO-01,CPT-002770,Crédit immobilier,521146.42,165029.7,0.0441,0.0538,180,57,3962.81,2026-06-20,2026-07-20,2041-04-02,2036-07-27,123,57,0,En cours,Nantissement,413064.96,Investissement,675,B,813.54,,0,CONS-046,2026-09-11 14:53:27.439854,2026-09-11 14:53:27.439854
CRD-000526,CLI-000323,AG-FÈS-02,CPT-000406,Crédit immobilier,232155.28,37402.8,0.0589,0.0666,180,29,1945.29,2024-05-21,2024-06-20,2039-03-04,2036-10-15,151,29,0,En cours,Hypothèque,125516.76,Équipement professionnel,603,B,179.81,,0,CONS-035,2026-09-11 14:53:27.442853,2026-09-11 14:53:27.442853
CRD-000527,CLI-004255,AG-TAN-02,CPT-005454,Crédit équipement,7070.6,4124.52,0.0389,0.0478,36,21,208.41,2023-05-18,2023-06-17,2026-05-02,2024-08-10,15,21,0,En cours,Caution personnelle,3541.96,Véhicule,609,B,34.48,,0,CONS-006,2026-09-11 14:53:27.445873,2026-09-11 14:53:27.445873
CRD-000528,CLI-003143,AG-FÈS-01,CPT-004012,Crédit professionnel,53582.77,40824.97,0.0362,0.0458,84,64,723.08,2024-08-06,2024-09-05,2031-07-01,2026-03-29,20,64,0,En cours,Garantie autonome,49595.29,Véhicule,677,B,456.91,,0,CONS-020,2026-09-11 14:53:27.448876,2026-09-11 14:53:27.448876
CRD-000529,CLI-003538,AG-RAB-03,CPT-004516,Crédit immobilier,598184.26,24924.34,0.0359,0.0515,240,10,3496.96,2025-01-06,2025-02-05,2044-09-23,2043-11-28,230,10,0,En cours,Caution personnelle,553603.99,Équipement professionnel,542,C,140.18,,0,CONS-020,2026-09-11 14:53:27.450877,2026-09-11 14:53:27.450877
CRD-000530,CLI-004926,AG-TAN-02,CPT-006313,Crédit automobile,93401.23,23350.31,0.0365,0.0507,60,15,1705.41,2025-04-06,2025-05-06,2030-03-11,2028-12-16,45,15,0,En cours,Nantissement,67207.76,Équipement professionnel,669,B,94.55,,0,CONS-048,2026-09-11 14:53:27.453854,2026-09-11 14:53:27.453854
CRD-000531,CLI-002925,AG-CAS-02,CPT-003731,Crédit immobilier,102338.24,8528.19,0.0377,0.0545,240,20,607.82,2023-06-15,2023-07-15,2043-03-02,2041-07-10,220,20,137,Incident de paiement,Nantissement,109874.21,Véhicule,525,D,1332.75,2023-06-16,2,CONS-043,2026-09-11 14:53:27.456876,2026-09-11 14:53:27.456876
CRD-000532,CLI-001150,AG-TÉT-01,CPT-001471,Crédit consommation,6251.87,2865.44,0.0413,0.0604,24,11,271.85,2024-01-07,2024-02-06,2025-12-27,2025-01-31,13,11,0,En cours,Nantissement,4530.07,Fonds de roulement,647,B,8.98,,0,CONS-030,2026-09-11 14:53:27.459872,2026-09-11 14:53:27.459872
CRD-000533,CLI-003618,AG-KHE-01,CPT-004625,Crédit consommation,9899.32,7836.96,0.0325,0.0449,24,19,426.58,2024-11-23,2024-12-23,2026-11-13,2025-04-22,5,19,0,En cours,Garantie autonome,8251.87,Études,598,C,71.4,,0,CONS-040,2026-09-11 14:53:27.461853,2026-09-11 14:53:27.461853
CRD-000534,CLI-000292,AG-KHO-01,CPT-000364,Crédit automobile,23491.34,21533.73,0.0644,0.0792,48,44,556.45,2025-08-26,2025-09-25,2029-08-05,2025-12-24,4,44,0,En cours,Garantie autonome,26371.64,Véhicule,594,C,154.95,,0,CONS-045,2026-09-11 14:53:27.464855,2026-09-11 14:53:27.464855
CRD-000535,CLI-003750,AG-TAN-02,CPT-004796,Crédit professionnel,170438.23,35507.96,0.0301,0.0369,48,10,3773.29,2025-02-19,2025-03-21,2029-01-29,2028-04-04,38,10,0,En cours,Hypothèque,175905.32,Investissement,541,C,174.59,,0,CONS-010,2026-09-11 14:53:27.468044,2026-09-11 14:53:27.468044
CRD-000536,CLI-003587,AG-MAR-02,CPT-004583,Crédit consommation,13570.24,1130.85,0.0634,0.0703,12,1,1170.06,2026-05-18,2026-06-17,2027-05-13,2027-04-13,11,1,0,En cours,Nantissement,13302.08,Véhicule,546,C,9.87,,0,CONS-009,2026-09-11 14:53:27.471046,2026-09-11 14:53:27.471046
CRD-000537,CLI-000534,AG-CAS-04,CPT-000678,Crédit consommation,7154.58,5962.15,0.0564,0.0628,24,20,315.94,2026-02-18,2026-03-20,2028-02-08,2026-06-18,4,20,0,En cours,Sans garantie,0.0,Achat immobilier,453,C,78.47,,0,CONS-022,2026-09-11 14:53:27.473046,2026-09-11 14:53:27.473046
CRD-000538,CLI-003608,AG-MAR-02,CPT-004612,Crédit équipement,29685.43,24737.86,0.0545,0.0646,36,30,895.71,2025-09-03,2025-10-03,2028-08-18,2026-03-02,6,30,145,Incident de paiement,Caution personnelle,24797.92,Travaux,552,D,3244.79,2025-10-08,2,CONS-028,2026-09-11 14:53:27.476200,2026-09-11 14:53:27.476200
CRD-000539,CLI-002649,AG-CAS-04,CPT-003370,Crédit consommation,11534.8,2403.08,0.0356,0.0464,24,5,498.64,2024-07-09,2024-08-08,2026-06-29,2026-01-30,19,5,0,En cours,Hypothèque,11945.98,Études,579,C,8.73,,0,CONS-032,2026-09-11 14:53:27.478204,2026-09-11 14:53:27.478204
CRD-000540,CLI-004811,AG-MOH-01,CPT-006168,Crédit consommation,12472.11,8834.41,0.0677,0.0787,24,17,557.11,2022-11-14,2022-12-14,2024-11-03,2023-06-12,7,17,0,En cours,Garantie autonome,13487.94,Achat immobilier,737,A,61.23,,0,CONS-012,2026-09-11 14:53:27.481203,2026-09-11 14:53:27.481203
CRD-000541,CLI-001984,AG-OUJ-01,CPT-002529,Crédit équipement,22086.28,3067.54,0.0408,0.0555,36,5,652.86,2022-08-08,2022-09-07,2025-07-23,2025-02-23,31,5,0,En cours,Garantie autonome,25060.4,Achat immobilier,685,B,28.24,,0,CONS-007,2026-09-11 14:53:27.483204,2026-09-11 14:53:27.483204
CRD-000542,CLI-002933,AG-AGA-02,CPT-003740,Crédit automobile,74906.7,32771.68,0.042,0.0491,48,21,1698.03,2021-11-11,2021-12-11,2025-10-21,2024-01-30,27,21,0,En cours,Caution personnelle,53265.22,Fonds de roulement,569,C,152.32,,0,CONS-033,2026-09-11 14:53:27.486203,2026-09-11 14:53:27.486203
CRD-000543,CLI-001537,AG-CAS-03,CPT-001968,Crédit consommation,4459.66,3251.84,0.0416,0.0504,48,35,101.01,2023-10-16,2023-11-15,2027-09-25,2024-11-09,13,35,0,En cours,Caution personnelle,5096.72,Investissement,815,A,11.35,,0,CONS-031,2026-09-11 14:53:27.488203,2026-09-11 14:53:27.488203
CRD-000544,CLI-004535,AG-FÈS-01,CPT-005815,Crédit automobile,99629.32,8302.44,0.0544,0.0732,24,2,4390.54,2024-08-19,2024-09-18,2026-08-09,2026-06-10,22,2,0,En cours,Nantissement,84876.38,Investissement,673,B,35.85,,0,CONS-002,2026-09-11 14:53:27.491337,2026-09-11 14:53:27.491337
CRD-000545,CLI-004173,AG-MOH-01,CPT-005345,Crédit immobilier,33272.48,18299.86,0.0366,0.0516,240,132,195.71,2023-07-02,2023-08-01,2043-03-19,2032-05-15,108,132,0,En cours,Hypothèque,17064.86,Véhicule,584,C,26.23,,0,CONS-005,2026-09-11 14:53:27.493341,2026-09-11 14:53:27.493341
CRD-000546,CLI-003361,AG-FÈS-01,CPT-004281,Crédit consommation,10794.09,9894.58,0.0457,0.0562,36,33,321.43,2023-05-02,2023-06-01,2026-04-16,2023-07-31,3,33,0,En cours,Sans garantie,0.0,Fonds de roulement,523,C,82.69,,0,CONS-042,2026-09-11 14:53:27.496341,2026-09-11 14:53:27.496341
CRD-000547,CLI-003666,AG-AGA-02,CPT-004686,Crédit immobilier,151127.3,144410.53,0.0527,0.072,180,172,1216.47,2025-06-13,2025-07-13,2040-03-26,2026-02-08,8,172,0,En cours,Nantissement,149973.69,Achat immobilier,435,C,718.01,,0,CONS-025,2026-09-11 14:53:27.499522,2026-09-11 14:53:27.499522
CRD-000548,CLI-004006,AG-OUJ-01,CPT-005120,Crédit consommation,5040.93,1260.23,0.065,0.0752,24,6,224.55,2023-11-08,2023-12-08,2025-10-28,2025-05-01,18,6,0,En cours,Hypothèque,4584.38,Fonds de roulement,543,C,4.77,,0,CONS-015,2026-09-11 14:53:27.501523,2026-09-11 14:53:27.501523
CRD-000549,CLI-003627,AG-MAR-01,CPT-004637,Crédit professionnel,119450.06,6636.11,0.041,0.0461,36,2,3531.96,2023-11-23,2023-12-23,2026-11-07,2026-09-08,34,2,0,En cours,Sans garantie,0.0,Fonds de roulement,758,A,89.66,,0,CONS-042,2026-09-11 14:53:27.504522,2026-09-11 14:53:27.504522
CRD-000550,CLI-000587,AG-TÉT-01,CPT-000743,Crédit professionnel,41187.04,19907.07,0.0525,0.0703,60,29,781.98,2023-02-27,2023-03-29,2028-02-01,2025-09-14,31,29,0,En cours,Hypothèque,21704.34,Équipement professionnel,455,C,88.67,,0,CONS-044,2026-09-11 14:53:27.506522,2026-09-11 14:53:27.506522
CRD-000551,CLI-003257,AG-MEK-01,CPT-004147,Crédit consommation,16166.98,15493.36,0.044,0.0553,24,23,704.93,2022-01-03,2022-02-02,2023-12-24,2022-02-02,1,23,0,En cours,Garantie autonome,10765.9,Achat immobilier,461,C,57.7,,0,CONS-030,2026-09-11 14:53:27.508521,2026-09-11 14:53:27.508521
CRD-000552,CLI-002299,AG-BÉN-01,CPT-002932,Crédit automobile,18465.34,15695.54,0.0499,0.06,60,51,348.38,2023-07-16,2023-08-15,2028-06-19,2024-04-11,9,51,0,En cours,Sans garantie,0.0,Études,564,C,102.79,,0,CONS-010,2026-09-11 14:53:27.511522,2026-09-11 14:53:27.511522
CRD-000553,CLI-003989,AG-LAÂ-01,CPT-005099,Crédit automobile,61962.56,26850.44,0.0552,0.0694,60,26,1184.13,2022-07-14,2022-08-13,2027-06-18,2025-04-29,34,26,0,En cours,Hypothèque,52801.8,Travaux,717,A,116.57,,0,CONS-017,2026-09-11 14:53:27.514522,2026-09-11 14:53:27.514522
CRD-000554,CLI-000585,AG-EL -01,CPT-000741,Crédit immobilier,255568.66,221492.84,0.0549,0.0601,120,104,2772.33,2022-05-11,2022-06-10,2032-03-19,2023-09-03,16,104,21,En cours (retard),Caution personnelle,305381.31,Investissement,427,C,5264.87,,0,CONS-001,2026-09-11 14:53:27.517521,2026-09-11 14:53:27.517521
CRD-000555,CLI-002424,AG-CAS-01,CPT-003082,Crédit consommation,8196.56,1821.46,0.0677,0.0871,36,8,252.22,2022-03-25,2022-04-24,2025-03-09,2024-07-12,28,8,0,En cours,Hypothèque,5781.1,Études,725,A,13.32,,0,CONS-025,2026-09-11 14:53:27.519522,2026-09-11 14:53:27.519522
CRD-000556,CLI-001392,AG-FÈS-01,CPT-001783,Crédit immobilier,466041.55,321050.85,0.0454,0.0541,180,124,3574.72,2024-05-20,2024-06-19,2039-03-03,2028-12-25,56,124,0,En cours,Sans garantie,0.0,Véhicule,535,C,1929.3,,0,CONS-050,2026-09-11 14:53:27.522522,2026-09-11 14:53:27.522522
CRD-000557,CLI-004526,AG-SAF-01,CPT-005801,Crédit immobilier,157228.79,66822.24,0.0393,0.0545,120,51,1586.64,2025-04-01,2025-05-01,2035-02-08,2030-12-01,69,51,0,En cours,Hypothèque,153381.76,Études,451,C,115.53,,0,CONS-049,2026-09-11 14:53:27.524521,2026-09-11 14:53:27.524521
CRD-000558,CLI-004921,AG-RAB-01,CPT-006307,Crédit consommation,19449.43,17828.64,0.0596,0.0716,24,22,861.66,2023-09-30,2023-10-30,2025-09-19,2023-11-29,2,22,0,En cours,Caution personnelle,15386.17,Achat immobilier,514,C,56.87,,0,CONS-016,2026-09-11 14:53:27.527521,2026-09-11 14:53:27.527521
CRD-000559,CLI-004801,AG-MOH-01,CPT-006156,Crédit équipement,9452.17,6104.53,0.0519,0.0651,48,31,218.49,2025-04-03,2025-05-03,2029-03-13,2026-08-26,17,31,0,En cours,Caution personnelle,8915.25,Investissement,512,C,35.14,,0,CONS-031,2026-09-11 14:53:27.529521,2026-09-11 14:53:27.529521
CRD-000560,CLI-003241,AG-BÉN-01,CPT-004128,Crédit immobilier,173072.83,154323.27,0.0374,0.0539,240,214,1025.23,2025-12-29,2026-01-28,2045-09-15,2028-02-17,26,214,0,En cours,Caution personnelle,111346.58,Achat immobilier,673,B,927.74,,0,CONS-038,2026-09-11 14:53:27.532519,2026-09-11 14:53:27.532519
CRD-000561,CLI-004282,AG-NAD-01,CPT-005491,Crédit automobile,16951.04,6215.38,0.0305,0.0443,60,22,304.96,2025-08-30,2025-09-29,2030-08-04,2028-10-13,38,22,0,En cours,Sans garantie,0.0,Fonds de roulement,714,A,71.71,,0,CONS-026,2026-09-11 14:53:27.535518,2026-09-11 14:53:27.535518
CRD-000562,CLI-003339,AG-OUJ-01,CPT-004250,Crédit professionnel,57891.23,45830.56,0.0783,0.0844,48,38,1408.68,2025-05-23,2025-06-22,2029-05-02,2026-03-19,10,38,0,En cours,Hypothèque,51023.42,Études,645,B,74.97,,0,CONS-021,2026-09-11 14:53:27.537519,2026-09-11 14:53:27.537519
CRD-000563,CLI-003221,AG-FÈS-02,CPT-004105,Crédit immobilier,889085.93,448247.49,0.0505,0.0564,240,121,5892.16,2023-02-10,2023-03-12,2042-10-28,2032-11-19,119,121,0,En cours,Hypothèque,713751.92,Équipement professionnel,552,C,2508.19,,0,CONS-044,2026-09-11 14:53:27.540518,2026-09-11 14:53:27.540518
CRD-000564,CLI-002112,AG-FÈS-02,CPT-002689,Crédit équipement,20078.64,10039.32,0.0662,0.0733,24,12,895.52,2022-02-23,2022-03-25,2024-02-13,2023-02-18,12,12,0,En cours,Hypothèque,18544.11,Équipement professionnel,642,B,17.36,,0,CONS-017,2026-09-11 14:53:27.543812,2026-09-11 14:53:27.543812
CRD-000565,CLI-001175,AG-CAS-05,CPT-001501,Crédit immobilier,694538.6,443732.99,0.0478,0.0547,180,115,5413.1,2023-03-20,2023-04-19,2037-12-31,2028-07-21,65,115,0,En cours,Hypothèque,800998.18,Achat immobilier,521,C,1264.45,,0,CONS-012,2026-09-11 14:53:27.546813,2026-09-11 14:53:27.546813
CRD-000566,CLI-004863,AG-CAS-04,CPT-006236,Crédit automobile,13471.66,12349.02,0.0625,0.0729,36,33,411.36,2024-01-28,2024-02-27,2027-01-12,2024-04-27,3,33,0,En cours,Caution personnelle,13229.22,Fonds de roulement,403,C,53.32,,0,CONS-036,2026-09-11 14:53:27.548814,2026-09-11 14:53:27.548814
CRD-000567,CLI-003812,AG-RAB-02,CPT-004874,Crédit immobilier,688244.35,516183.26,0.0358,0.0439,240,180,4019.89,2024-01-06,2024-02-05,2043-09-23,2028-12-10,60,180,0,En cours,Hypothèque,464832.4,Fonds de roulement,391,C,1353.0,,0,CONS-019,2026-09-11 14:53:27.551811,2026-09-11 14:53:27.551811
CRD-000568,CLI-001868,AG-SAF-01,CPT-002382,Crédit consommation,3270.83,2180.55,0.0538,0.0706,12,8,280.58,2024-04-02,2024-05-02,2025-03-28,2024-07-31,4,8,0,En cours,Hypothèque,2669.35,Fonds de roulement,685,B,9.74,,0,CONS-009,2026-09-11 14:53:27.554811,2026-09-11 14:53:27.554811
CRD-000569,CLI-002615,AG-KÉN-01,CPT-003329,Crédit immobilier,2064237.56,192662.17,0.0713,0.082,300,28,14761.24,2023-04-30,2023-05-30,2047-12-20,2045-09-01,272,28,100,Incident de paiement,Garantie autonome,1344511.72,Achat immobilier,623,D,34059.09,2026-05-11,2,CONS-032,2026-09-11 14:53:27.557791,2026-09-11 14:53:27.557791
CRD-000570,CLI-003867,AG-MOH-01,CPT-004945,Crédit immobilier,111425.74,106318.73,0.0366,0.0487,240,229,655.42,2026-08-30,2026-09-29,2046-05-17,2027-07-26,11,229,0,En cours,Nantissement,121413.59,Investissement,544,C,598.1,,0,CONS-050,2026-09-11 14:53:27.560790,2026-09-11 14:53:27.560790
CRD-000571,CLI-004886,AG-RAB-02,CPT-006264,Crédit investissement,70224.33,25916.12,0.0422,0.0554,84,31,967.01,2025-05-13,2025-06-12,2032-04-06,2029-09-19,53,31,0,En cours,Sans garantie,0.0,Fonds de roulement,586,C,213.25,,0,CONS-029,2026-09-11 14:53:27.563790,2026-09-11 14:53:27.563790
CRD-000572,CLI-003779,AG-MEK-01,CPT-004834,Crédit immobilier,309905.8,27547.18,0.0382,0.047,180,16,2264.48,2024-09-17,2024-10-17,2039-07-01,2038-03-08,164,16,0,En cours,Nantissement,304186.51,Études,796,A,136.63,,0,CONS-042,2026-09-11 14:53:27.565792,2026-09-11 14:53:27.565792
CRD-000573,CLI-003847,AG-LAÂ-01,CPT-004920,Crédit automobile,23548.21,10792.93,0.0562,0.0646,24,11,1039.64,2024-01-03,2024-02-02,2025-12-23,2025-01-27,13,11,0,En cours,Hypothèque,27898.46,Travaux,415,C,20.15,,0,CONS-023,2026-09-11 14:53:27.568791,2026-09-11 14:53:27.568791
CRD-000574,CLI-002417,AG-CAS-06,CPT-003074,Crédit immobilier,104126.74,38758.29,0.0405,0.057,180,67,772.82,2023-11-04,2023-12-04,2038-08-17,2033-02-14,113,67,0,En cours,Sans garantie,0.0,Travaux,578,C,436.23,,0,CONS-045,2026-09-11 14:53:27.570793,2026-09-11 14:53:27.570793
CRD-000575,CLI-000071,AG-SET-01,CPT-000092,Crédit consommation,13658.86,1138.24,0.0563,0.0729,48,4,318.47,2023-02-02,2023-03-04,2027-01-12,2026-09-14,44,4,0,En cours,Caution personnelle,9706.66,Investissement,670,B,5.18,,0,CONS-042,2026-09-11 14:53:27.573791,2026-09-11 14:53:27.573791
CRD-000576,CLI-004881,AG-TAN-01,CPT-006257,Crédit immobilier,3395205.62,2961373.79,0.0379,0.0439,180,157,24758.13,2025-04-01,2025-05-01,2040-01-13,2027-02-20,23,157,0,En cours,Sans garantie,0.0,Véhicule,546,C,26626.09,,0,CONS-031,2026-09-11 14:53:27.576790,2026-09-11 14:53:27.576790
CRD-000577,CLI-001127,AG-TAN-01,CPT-001440,Crédit professionnel,42633.52,38192.53,0.0393,0.0448,48,43,961.29,2025-12-06,2026-01-05,2029-11-15,2026-05-05,5,43,0,En cours,Garantie autonome,47856.1,Achat immobilier,559,C,225.95,,0,CONS-010,2026-09-11 14:53:27.579811,2026-09-11 14:53:27.579811
CRD-000578,CLI-004025,AG-RAB-01,CPT-005144,Crédit automobile,56616.98,27128.97,0.0731,0.0878,48,23,1363.92,2022-08-23,2022-09-22,2026-08-02,2024-09-11,25,23,0,En cours,Nantissement,67679.3,Achat immobilier,567,C,93.26,,0,CONS-029,2026-09-11 14:53:27.582811,2026-09-11 14:53:27.582811
CRD-000579,CLI-003251,AG-CAS-02,CPT-004138,Crédit immobilier,142315.69,101992.91,0.0618,0.0722,120,86,1592.89,2024-03-01,2024-03-31,2034-01-08,2026-12-16,34,86,0,En cours,Caution personnelle,115994.98,Véhicule,420,C,623.39,,0,CONS-008,2026-09-11 14:53:27.584812,2026-09-11 14:53:27.584812
CRD-000580,CLI-003902,AG-SAF-01,CPT-004988,Crédit immobilier,74766.47,54517.22,0.0498,0.0573,240,175,492.6,2024-07-11,2024-08-10,2044-03-28,2029-11-12,65,175,0,En cours,Hypothèque,62566.04,Équipement professionnel,580,C,192.9,,0,CONS-027,2026-09-11 14:53:27.587812,2026-09-11 14:53:27.587812
CRD-000581,CLI-001096,AG-CAS-02,CPT-001399,Crédit immobilier,1045507.08,130688.38,0.0549,0.0692,120,15,11341.32,2026-06-28,2026-07-28,2036-05-06,2035-02-11,105,15,0,En cours,Nantissement,923635.04,Achat immobilier,518,C,411.35,,0,CONS-046,2026-09-11 14:53:27.589920,2026-09-11 14:53:27.589920
CRD-000582,CLI-004546,AG-MAR-01,CPT-005832,Crédit automobile,9507.08,1188.38,0.0708,0.0892,24,3,426.0,2023-07-22,2023-08-21,2025-07-11,2025-04-12,21,3,0,En cours,Caution personnelle,4938.1,Achat immobilier,590,C,3.96,,0,CONS-019,2026-09-11 14:53:27.592944,2026-09-11 14:53:27.592944
CRD-000583,CLI-001213,AG-RAB-03,CPT-001552,Crédit immobilier,423618.26,254170.96,0.077,0.0902,300,180,3185.82,2024-02-02,2024-03-03,2048-09-23,2033-12-11,120,180,0,En cours,Garantie autonome,462391.11,Études,631,B,713.6,,0,CONS-013,2026-09-11 14:53:27.595940,2026-09-11 14:53:27.595940
CRD-000584,CLI-003922,AG-LAÂ-01,CPT-005014,Crédit consommation,4866.57,3379.56,0.0544,0.072,36,25,146.82,2023-02-20,2023-03-22,2026-02-04,2024-01-16,11,25,120,Incident de paiement,Hypothèque,4729.79,Fonds de roulement,475,D,196.91,2026-08-17,2,CONS-021,2026-09-11 14:53:27.597945,2026-09-11 14:53:27.597945
CRD-000585,CLI-001426,AG-RAB-01,CPT-001834,Crédit automobile,28512.17,28512.17,0.0346,0.0402,48,48,636.91,2022-05-20,2022-06-19,2026-04-29,,0,48,0,En cours,Nantissement,30235.41,Travaux,518,C,150.89,,0,CONS-032,2026-09-11 14:53:27.601133,2026-09-11 14:53:27.601133
CRD-000586,CLI-003067,AG-FÈS-01,CPT-003912,Crédit immobilier,1534366.44,992223.63,0.0703,0.0794,300,194,10873.96,2026-02-03,2026-03-05,2050-09-25,2034-10-19,106,194,0,En cours,Garantie autonome,1814439.73,Études,601,B,3307.1,,0,CONS-037,2026-09-11 14:53:27.603133,2026-09-11 14:53:27.603133
CRD-000587,CLI-004520,AG-MAR-02,CPT-005794,Crédit professionnel,3634472.24,1211490.75,0.0483,0.0575,36,12,108651.2,2025-06-27,2025-07-27,2028-06-11,2027-06-17,24,12,0,En cours,Hypothèque,4256726.84,Véhicule,600,B,3388.11,,0,CONS-047,2026-09-11 14:53:27.606133,2026-09-11 14:53:27.606133
CRD-000588,CLI-002101,AG-OUJ-01,CPT-002676,Crédit professionnel,86185.13,76609.0,0.0444,0.0585,36,32,2561.43,2023-02-14,2023-03-16,2026-01-29,2023-06-14,4,32,0,En cours,Garantie autonome,100421.22,Véhicule,713,A,511.97,,0,CONS-045,2026-09-11 14:53:27.609133,2026-09-11 14:53:27.609133
CRD-000589,CLI-000808,AG-BÉN-01,CPT-001032,Crédit consommation,9206.31,9206.31,0.05,0.0643,48,48,212.01,2023-08-17,2023-09-16,2027-07-27,,0,48,0,En cours,Garantie autonome,9827.28,Achat immobilier,551,C,58.32,,0,CONS-015,2026-09-11 14:53:27.611133,2026-09-11 14:53:27.611133
CRD-000590,CLI-004744,AG-KHE-01,CPT-006080,Crédit équipement,21796.72,0.0,0.0553,0.0741,24,0,961.43,2025-12-14,2026-01-13,2027-12-04,2027-12-04,24,0,0,En cours,Hypothèque,23902.47,Véhicule,792,A,0.0,,0,CONS-018,2026-09-11 14:53:27.614133,2026-09-11 14:53:27.614133
CRD-000591,CLI-003751,AG-LAÂ-01,CPT-004798,Crédit équipement,19568.4,7338.15,0.0544,0.0682,48,18,454.56,2023-09-21,2023-10-21,2027-08-31,2026-03-09,30,18,0,En cours,Garantie autonome,20968.01,Fonds de roulement,750,A,34.4,,0,CONS-018,2026-09-11 14:53:27.616268,2026-09-11 14:53:27.616268
CRD-000592,CLI-001363,AG-FÈS-02,CPT-001747,Crédit immobilier,2912219.91,2062822.44,0.0732,0.0906,120,85,34295.59,2025-04-07,2025-05-07,2035-02-14,2028-02-21,35,85,0,En cours,Hypothèque,2118866.46,Investissement,578,C,8901.54,,0,CONS-038,2026-09-11 14:53:27.619273,2026-09-11 14:53:27.619273
CRD-000593,CLI-002318,AG-MEK-01,CPT-002956,Crédit immobilier,686884.02,240409.41,0.0577,0.0659,120,42,7546.73,2024-10-02,2024-11-01,2034-08-11,2031-02-28,78,42,0,En cours,Sans garantie,0.0,Investissement,636,B,3034.0,,0,CONS-046,2026-09-11 14:53:27.621273,2026-09-11 14:53:27.621273
CRD-000594,CLI-004582,AG-OUJ-01,CPT-005876,Crédit équipement,4645.91,2129.38,0.0353,0.0531,24,11,200.78,2022-02-12,2022-03-14,2024-02-02,2023-03-09,13,11,0,En cours,Nantissement,4211.95,Fonds de roulement,576,C,8.95,,0,CONS-015,2026-09-11 14:53:27.624403,2026-09-11 14:53:27.624403
CRD-000595,CLI-004742,AG-BÉN-01,CPT-006077,Crédit consommation,9142.85,9142.85,0.0715,0.0852,12,12,791.73,2025-06-12,2025-07-12,2026-06-07,,0,12,0,En cours,Garantie autonome,9311.08,Études,699,B,27.26,,0,CONS-031,2026-09-11 14:53:27.626408,2026-09-11 14:53:27.626408
CRD-000596,CLI-001026,AG-EL -01,CPT-001306,Crédit consommation,12601.73,1050.14,0.0301,0.0477,12,1,1067.34,2026-03-14,2026-04-13,2027-03-09,2027-02-07,11,1,0,En cours,Hypothèque,13236.29,Études,593,C,6.82,,0,CONS-011,2026-09-11 14:53:27.629408,2026-09-11 14:53:27.629408
CRD-000597,CLI-003110,AG-AGA-02,CPT-003967,Crédit consommation,14789.33,1848.67,0.0388,0.0569,24,3,641.44,2022-09-23,2022-10-23,2024-09-12,2024-06-14,21,3,0,En cours,Hypothèque,7894.21,Véhicule,534,C,4.99,,0,CONS-013,2026-09-11 14:53:27.631408,2026-09-11 14:53:27.631408
CRD-000598,CLI-002111,AG-RAB-02,CPT-002687,Crédit immobilier,108471.16,24586.8,0.0629,0.0818,300,68,718.24,2026-01-23,2026-02-22,2050-09-14,2045-02-12,232,68,0,En cours,Garantie autonome,104302.59,Achat immobilier,493,C,76.37,,0,CONS-009,2026-09-11 14:53:27.634408,2026-09-11 14:53:27.634408
CRD-000599,CLI-001042,AG-CAS-06,CPT-001326,Crédit équipement,11730.9,10101.61,0.0367,0.0497,36,31,344.62,2025-01-02,2025-02-01,2027-12-18,2025-06-01,5,31,0,En cours,Garantie autonome,10574.58,Véhicule,646,B,38.1,,0,CONS-021,2026-09-11 14:53:27.637392,2026-09-11 14:53:27.637392
CRD-000600,CLI-001877,AG-KHE-01,CPT-002393,Crédit automobile,24998.92,11457.84,0.0618,0.0753,24,11,1110.0,2026-09-02,2026-10-02,2028-08-22,2027-09-27,13,11,0,En cours,Garantie autonome,24744.82,Investissement,654,B,81.96,,0,CONS-017,2026-09-11 14:53:27.640409,2026-09-11 14:53:27.640409
CRD-000601,CLI-000882,AG-EL -01,CPT-001127,Crédit immobilier,267819.07,169618.74,0.0716,0.0871,180,114,2431.25,2026-06-08,2026-07-08,2041-03-21,2031-11-09,66,114,0,En cours,Nantissement,186485.5,Achat immobilier,446,C,1023.6,,0,CONS-017,2026-09-11 14:53:27.642410,2026-09-11 14:53:27.642410
CRD-000602,CLI-004300,AG-SAL-01,CPT-005514,Crédit immobilier,278285.73,201757.15,0.0489,0.0637,120,87,2936.71,2022-03-21,2022-04-20,2032-01-28,2024-12-05,33,87,0,En cours,Hypothèque,251358.14,Achat immobilier,555,C,785.01,,0,CONS-042,2026-09-11 14:53:27.645404,2026-09-11 14:53:27.645404
CRD-000603,CLI-001193,AG-MEK-01,CPT-001526,Crédit immobilier,498883.06,450657.7,0.0615,0.0796,300,271,3260.21,2023-05-12,2023-06-11,2048-01-01,2025-09-28,29,271,0,En cours,Sans garantie,0.0,Investissement,554,C,5530.28,,0,CONS-017,2026-09-11 14:53:27.648409,2026-09-11 14:53:27.648409
CRD-000604,CLI-004588,AG-MEK-01,CPT-005884,Crédit immobilier,496057.73,440940.2,0.0664,0.0742,180,160,4359.46,2024-03-26,2024-04-25,2039-01-07,2025-11-16,20,160,0,En cours,Caution personnelle,412310.12,Études,475,C,2692.12,,0,CONS-010,2026-09-11 14:53:27.652409,2026-09-11 14:53:27.652409
CRD-000605,CLI-004511,AG-RAB-02,CPT-005783,Crédit investissement,88630.83,43260.29,0.0796,0.0854,84,41,1379.65,2025-03-12,2025-04-11,2032-02-04,2028-09-22,43,41,0,En cours,Garantie autonome,58168.88,Travaux,612,B,139.2,,0,CONS-034,2026-09-11 14:53:27.655408,2026-09-11 14:53:27.655408
CRD-000606,CLI-003671,AG-SET-01,CPT-004695,Crédit immobilier,104991.72,1749.86,0.0565,0.0731,120,2,1147.26,2026-04-14,2026-05-14,2036-02-21,2035-12-23,118,2,0,En cours,Nantissement,63477.94,Équipement professionnel,686,B,15.71,,0,CONS-003,2026-09-11 14:53:27.657411,2026-09-11 14:53:27.657411
CRD-000607,CLI-000625,AG-MAR-02,CPT-000785,Crédit consommation,20646.86,7312.43,0.0557,0.0681,48,17,480.83,2024-04-21,2024-05-21,2028-03-31,2026-11-07,31,17,0,En cours,Nantissement,14646.4,Investissement,603,B,58.02,,0,CONS-013,2026-09-11 14:53:27.660409,2026-09-11 14:53:27.660409
CRD-000608,CLI-002797,AG-KHE-01,CPT-003567,Crédit immobilier,400804.71,199066.34,0.0695,0.0809,300,149,2820.03,2022-03-28,2022-04-27,2046-11-17,2034-08-22,151,149,0,En cours,Hypothèque,261728.62,Études,669,B,1253.68,,0,CONS-011,2026-09-11 14:53:27.663386,2026-09-11 14:53:27.663386
CRD-000609,CLI-004292,AG-AGA-02,CPT-005506,Crédit consommation,12341.31,12341.31,0.04,0.0519,12,12,1050.86,2024-12-30,2025-01-29,2025-12-25,,0,12,0,En cours,Caution personnelle,6672.89,Équipement professionnel,632,B,97.7,,0,CONS-035,2026-09-11 14:53:27.666386,2026-09-11 14:53:27.666386
CRD-000610,CLI-004969,AG-FÈS-01,CPT-006366,Crédit équipement,21404.07,21404.07,0.042,0.0555,48,48,485.2,2025-06-23,2025-07-23,2029-06-02,,0,48,0,En cours,Caution personnelle,25530.07,Fonds de roulement,679,B,64.8,,0,CONS-048,2026-09-11 14:53:27.669408,2026-09-11 14:53:27.669408
CRD-000611,CLI-000234,AG-FÈS-02,CPT-000293,Crédit consommation,18598.02,9299.01,0.0495,0.0638,48,24,427.88,2021-10-09,2021-11-08,2025-09-18,2023-09-29,24,24,0,En cours,Sans garantie,0.0,Équipement professionnel,814,A,78.6,,0,CONS-039,2026-09-11 14:53:27.671408,2026-09-11 14:53:27.671408
CRD-000612,CLI-004567,AG-MEK-01,CPT-005860,Crédit investissement,1742481.31,1423026.4,0.0531,0.0603,60,49,33130.82,2025-11-24,2025-12-24,2030-10-29,2026-10-20,11,49,0,En cours,Nantissement,1423689.48,Fonds de roulement,602,B,7783.37,,0,CONS-006,2026-09-11 14:53:27.674406,2026-09-11 14:53:27.674406
CRD-000613,CLI-001663,AG-MOH-01,CPT-002126,Crédit immobilier,351024.98,76055.41,0.0662,0.0815,120,26,4007.28,2026-03-13,2026-04-12,2036-01-20,2033-12-01,94,26,163,Incident de paiement,Hypothèque,226004.74,Travaux,663,D,7302.3,2026-07-23,2,CONS-012,2026-09-11 14:53:27.677409,2026-09-11 14:53:27.677409
CRD-000614,CLI-000416,AG-LAÂ-01,CPT-000524,Crédit immobilier,264501.52,132250.76,0.0655,0.0759,240,120,1979.85,2023-08-22,2023-09-21,2043-05-09,2033-06-30,120,120,0,En cours,Garantie autonome,221789.99,Achat immobilier,399,C,1237.68,,0,CONS-013,2026-09-11 14:53:27.680409,2026-09-11 14:53:27.680409
CRD-000615,CLI-004247,AG-CAS-01,CPT-005442,Crédit professionnel,65708.75,39425.25,0.0329,0.0386,60,36,1189.19,2023-10-01,2023-10-31,2028-09-04,2025-09-20,24,36,0,En cours,Hypothèque,55921.45,Véhicule,459,C,185.85,,0,CONS-030,2026-09-11 14:53:27.682411,2026-09-11 14:53:27.682411
CRD-000616,CLI-002174,AG-CAS-02,CPT-002774,Crédit immobilier,119056.44,1587.42,0.0481,0.0532,300,4,682.88,2024-11-28,2024-12-28,2049-07-20,2049-03-22,296,4,0,En cours,Sans garantie,0.0,Équipement professionnel,743,A,13.31,,0,CONS-030,2026-09-11 14:53:27.685410,2026-09-11 14:53:27.685410
CRD-000617,CLI-001457,AG-CAS-01,CPT-001874,Crédit automobile,30318.1,25265.08,0.0508,0.0623,36,30,909.75,2024-04-14,2024-05-14,2027-03-30,2024-10-11,6,30,32,En cours (retard),Nantissement,23591.57,Travaux,662,C,1030.01,2025-09-28,2,CONS-038,2026-09-11 14:53:27.688407,2026-09-11 14:53:27.688407
CRD-000618,CLI-000747,AG-FÈS-02,CPT-000946,Crédit professionnel,405497.47,243298.48,0.064,0.0727,60,36,7915.04,2022-07-06,2022-08-05,2027-06-10,2024-06-25,24,36,0,En cours,Garantie autonome,429061.7,Études,670,B,1254.67,,0,CONS-024,2026-09-11 14:53:27.690410,2026-09-11 14:53:27.690410
CRD-000619,CLI-000018,AG-MEK-01,CPT-000030,Crédit investissement,251019.33,104591.39,0.0473,0.0632,36,15,7492.88,2022-10-15,2022-11-14,2025-09-29,2024-07-06,21,15,71,En cours (retard),Garantie autonome,224024.51,Études,628,C,4317.7,2024-11-11,1,CONS-010,2026-09-11 14:53:27.693408,2026-09-11 14:53:27.693408
CRD-000620,CLI-001201,AG-OUJ-01,CPT-001537,Crédit immobilier,86478.22,69182.58,0.0599,0.0723,120,96,959.65,2025-09-20,2025-10-20,2035-07-30,2027-09-10,24,96,0,En cours,Hypothèque,53603.26,Investissement,765,A,335.49,,0,CONS-036,2026-09-11 14:53:27.696408,2026-09-11 14:53:27.696408
CRD-000621,CLI-001700,AG-SET-01,CPT-002170,Crédit automobile,26745.68,19502.06,0.0614,0.0684,48,35,629.84,2025-06-29,2025-07-29,2029-06-08,2026-07-24,13,35,0,En cours,Garantie autonome,28980.19,Travaux,625,B,68.25,,0,CONS-048,2026-09-11 14:53:27.698410,2026-09-11 14:53:27.698410
CRD-000622,CLI-003254,AG-SAL-01,CPT-004143,Crédit investissement,171263.52,49951.86,0.0545,0.0605,48,14,3979.08,2022-05-22,2022-06-21,2026-05-01,2025-03-07,34,14,0,En cours,Nantissement,133883.78,Véhicule,594,C,245.29,,0,CONS-032,2026-09-11 14:53:27.703623,2026-09-11 14:53:27.703623
CRD-000623,CLI-000597,AG-CAS-02,CPT-000753,Crédit équipement,15457.51,6762.66,0.0505,0.0661,48,21,356.33,2024-04-11,2024-05-11,2028-03-21,2026-06-30,27,21,0,En cours,Caution personnelle,13885.21,Équipement professionnel,638,B,47.12,,0,CONS-030,2026-09-11 14:53:27.705623,2026-09-11 14:53:27.705623
CRD-000624,CLI-003227,AG-AGA-02,CPT-004112,Crédit consommation,14198.24,0.0,0.0705,0.076,24,0,636.01,2022-02-25,2022-03-27,2024-02-15,2024-02-15,24,0,0,En cours,Garantie autonome,16502.34,Travaux,639,B,0.0,,0,CONS-035,2026-09-11 14:53:27.708623,2026-09-11 14:53:27.708623
CRD-000625,CLI-004406,AG-CAS-04,CPT-005648,Crédit immobilier,490020.8,424684.69,0.0412,0.0558,180,156,3654.16,2022-08-25,2022-09-24,2037-06-07,2024-08-14,24,156,0,En cours,Garantie autonome,440367.32,Fonds de roulement,623,B,1752.78,,0,CONS-035,2026-09-11 14:53:27.711623,2026-09-11 14:53:27.711623
CRD-000626,CLI-004720,AG-SET-01,CPT-006048,Crédit immobilier,373389.29,258260.93,0.033,0.038,120,83,3657.41,2026-06-05,2026-07-05,2036-04-13,2029-06-19,37,83,84,En cours (retard),Hypothèque,426715.76,Achat immobilier,666,C,4457.64,2026-08-21,1,CONS-030,2026-09-11 14:53:27.714622,2026-09-11 14:53:27.714622
CRD-000627,CLI-001506,AG-FÈS-02,CPT-001934,Crédit immobilier,163012.65,2037.66,0.0678,0.0788,240,3,1242.4,2024-10-25,2024-11-24,2044-07-12,2044-04-13,237,3,0,En cours,Nantissement,104052.55,Travaux,582,C,12.47,,0,CONS-025,2026-09-11 14:53:27.717645,2026-09-11 14:53:27.717645
CRD-000628,CLI-001413,AG-CAS-02,CPT-001815,Crédit immobilier,274621.91,203220.21,0.0308,0.0472,300,222,1313.74,2021-09-29,2021-10-29,2046-05-21,2028-02-25,78,222,0,En cours,Hypothèque,176456.69,Équipement professionnel,685,B,364.79,,0,CONS-040,2026-09-11 14:53:27.719647,2026-09-11 14:53:27.719647
CRD-000629,CLI-001966,AG-CAS-05,CPT-002507,Crédit immobilier,164294.33,26287.09,0.061,0.0766,300,48,1068.62,2024-08-09,2024-09-08,2049-03-31,2045-04-21,252,48,0,En cours,Sans garantie,0.0,Études,580,C,119.1,,0,CONS-049,2026-09-11 14:53:27.722645,2026-09-11 14:53:27.722645
CRD-000630,CLI-000372,AG-CAS-02,CPT-000469,Crédit professionnel,63771.18,45171.25,0.0722,0.0894,48,34,1533.6,2026-08-10,2026-09-09,2030-07-20,2027-10-04,14,34,0,En cours,Caution personnelle,54830.91,Fonds de roulement,615,B,159.92,,0,CONS-046,2026-09-11 14:53:27.724642,2026-09-11 14:53:27.724642
CRD-000631,CLI-001341,AG-LAÂ-01,CPT-001721,Crédit équipement,12771.56,11175.11,0.07,0.0811,24,21,571.82,2022-05-09,2022-06-08,2024-04-28,2022-08-07,3,21,0,En cours,Caution personnelle,8448.48,Fonds de roulement,672,B,67.36,,0,CONS-014,2026-09-11 14:53:27.727647,2026-09-11 14:53:27.727647
CRD-000632,CLI-000599,AG-TAN-01,CPT-000755,Crédit automobile,10884.11,907.01,0.0415,0.0517,36,3,322.07,2023-04-20,2023-05-20,2026-04-04,2026-01-04,33,3,0,En cours,Hypothèque,9427.72,Travaux,664,B,3.56,,0,CONS-027,2026-09-11 14:53:27.730624,2026-09-11 14:53:27.730624
CRD-000633,CLI-000239,AG-SAL-01,CPT-000299,Crédit consommation,28498.47,10291.11,0.0473,0.0535,36,13,850.67,2023-10-23,2023-11-22,2026-10-07,2025-09-12,23,13,0,En cours,Nantissement,25996.82,Investissement,427,C,68.1,,0,CONS-029,2026-09-11 14:53:27.733624,2026-09-11 14:53:27.733624
CRD-000634,CLI-003401,AG-KÉN-01,CPT-004337,Crédit investissement,37566.95,1043.53,0.032,0.0438,36,1,1095.81,2023-10-07,2023-11-06,2026-09-21,2026-08-22,35,1,0,En cours,Nantissement,30531.61,Fonds de roulement,682,B,10.93,,0,CONS-002,2026-09-11 14:53:27.736623,2026-09-11 14:53:27.736623
CRD-000635,CLI-002068,AG-SAL-01,CPT-002634,Crédit immobilier,168289.79,32536.03,0.0646,0.075,300,58,1132.1,2025-11-20,2025-12-20,2050-07-12,2045-10-06,242,58,0,En cours,Caution personnelle,107701.39,Achat immobilier,509,C,223.55,,0,CONS-015,2026-09-11 14:53:27.738624,2026-09-11 14:53:27.738624
CRD-000636,CLI-000811,AG-TÉT-01,CPT-001036,Crédit immobilier,65657.29,38664.85,0.07,0.0752,180,106,590.15,2024-03-20,2024-04-19,2039-01-01,2030-04-18,74,106,0,En cours,Sans garantie,0.0,Investissement,667,B,494.25,,0,CONS-035,2026-09-11 14:53:27.741623,2026-09-11 14:53:27.741623
CRD-000637,CLI-001095,AG-RAB-01,CPT-001398,Crédit professionnel,53097.2,43141.47,0.0726,0.0847,48,39,1277.89,2024-08-04,2024-09-03,2028-07-14,2025-05-01,9,39,0,En cours,Caution personnelle,61844.17,Véhicule,783,A,135.05,,0,CONS-008,2026-09-11 14:53:27.744621,2026-09-11 14:53:27.744621
CRD-000638,CLI-004325,AG-AGA-01,CPT-005549,Crédit professionnel,96720.37,80600.31,0.0638,0.0737,48,40,2288.37,2024-03-29,2024-04-28,2028-03-08,2024-11-24,8,40,0,En cours,Hypothèque,72824.61,Achat immobilier,734,A,340.81,,0,CONS-011,2026-09-11 14:53:27.746624,2026-09-11 14:53:27.746624
CRD-000639,CLI-004761,AG-MEK-01,CPT-006102,Crédit immobilier,534423.88,302840.2,0.0716,0.0881,240,136,4194.86,2023-01-02,2023-02-01,2042-09-19,2031-07-19,104,136,0,En cours,Caution personnelle,453769.1,Achat immobilier,576,C,1019.4,,0,CONS-038,2026-09-11 14:53:27.749625,2026-09-11 14:53:27.749625
CRD-000640,CLI-003677,AG-FÈS-02,CPT-004702,Crédit consommation,20912.99,13361.08,0.0566,0.0703,36,23,633.0,2025-04-26,2025-05-26,2028-04-10,2026-05-21,13,23,0,En cours,Caution personnelle,18122.22,Achat immobilier,551,C,77.35,,0,CONS-022,2026-09-11 14:53:27.751625,2026-09-11 14:53:27.751625
CRD-000641,CLI-003465,AG-BÉN-01,CPT-004422,Crédit équipement,8179.58,1590.47,0.0395,0.0459,36,7,241.31,2023-06-12,2023-07-12,2026-05-27,2025-10-29,29,7,0,En cours,Nantissement,9797.75,Travaux,616,B,11.4,,0,CONS-046,2026-09-11 14:53:27.754622,2026-09-11 14:53:27.754622
CRD-000642,CLI-003104,AG-EL -01,CPT-003959,Crédit immobilier,1360670.12,544268.05,0.0328,0.0389,300,120,6652.35,2026-01-20,2026-02-19,2050-09-11,2040-11-02,180,120,0,En cours,Hypothèque,1164001.22,Achat immobilier,571,C,2447.96,,0,CONS-006,2026-09-11 14:53:27.757624,2026-09-11 14:53:27.757624
CRD-000643,CLI-002750,AG-RAB-01,CPT-003503,Crédit consommation,3588.7,1894.04,0.0455,0.056,36,19,106.83,2022-04-15,2022-05-15,2025-03-30,2023-09-07,17,19,0,En cours,Caution personnelle,2956.24,Investissement,605,B,13.06,,0,CONS-043,2026-09-11 14:53:27.759625,2026-09-11 14:53:27.759625
CRD-000644,CLI-002296,AG-RAB-03,CPT-002927,Crédit immobilier,108424.61,10119.63,0.0465,0.0612,300,28,611.93,2026-02-08,2026-03-10,2050-09-30,2048-06-12,272,28,0,En cours,Caution personnelle,71764.61,Études,480,C,39.02,,0,CONS-025,2026-09-11 14:53:27.762624,2026-09-11 14:53:27.762624
CRD-000645,CLI-004193,AG-CAS-02,CPT-005368,Crédit automobile,25269.35,3369.25,0.0447,0.056,60,8,470.75,2022-12-27,2023-01-26,2027-12-01,2027-04-05,52,8,0,En cours,Hypothèque,26562.01,Investissement,550,C,23.27,,0,CONS-037,2026-09-11 14:53:27.765698,2026-09-11 14:53:27.765698
CRD-000646,CLI-003709,AG-CAS-02,CPT-004744,Crédit professionnel,4143.89,3712.23,0.0716,0.0769,48,43,99.54,2023-01-21,2023-02-20,2026-12-31,2023-06-20,5,43,0,En cours,Sans garantie,0.0,Études,618,B,31.28,,0,CONS-026,2026-09-11 14:53:27.768943,2026-09-11 14:53:27.768943
CRD-000647,CLI-003019,AG-RAB-01,CPT-003854,Crédit immobilier,359871.33,215922.8,0.0338,0.0401,120,72,3538.42,2024-05-13,2024-06-12,2034-03-22,2028-04-22,48,72,0,En cours,Sans garantie,0.0,Équipement professionnel,607,B,1285.88,,0,CONS-017,2026-09-11 14:53:27.771944,2026-09-11 14:53:27.771944
CRD-000648,CLI-004253,AG-AGA-02,CPT-005450,Crédit automobile,56966.39,4747.2,0.0302,0.0473,60,5,1024.12,2022-06-07,2022-07-07,2027-05-12,2026-12-13,55,5,0,En cours,Garantie autonome,68267.55,Études,624,B,18.78,,0,CONS-010,2026-09-11 14:53:27.774944,2026-09-11 14:53:27.774944
CRD-000649,CLI-000804,AG-MOH-01,CPT-001025,Crédit investissement,180378.01,85178.5,0.0571,0.0663,36,17,5463.78,2022-12-09,2023-01-08,2025-11-23,2024-07-01,19,17,0,En cours,Garantie autonome,195560.71,Études,506,C,598.2,,0,CONS-031,2026-09-11 14:53:27.776943,2026-09-11 14:53:27.776943
CRD-000650,CLI-004191,AG-CAS-01,CPT-005366,Crédit immobilier,167298.14,73053.52,0.0687,0.082,300,131,1168.59,2024-09-30,2024-10-30,2049-05-22,2038-08-18,169,131,0,En cours,Hypothèque,101521.42,Études,690,B,234.6,,0,CONS-038,2026-09-11 14:53:27.779943,2026-09-11 14:53:27.779943
CRD-000651,CLI-003706,AG-MAR-02,CPT-004740,Crédit immobilier,35579.99,31577.24,0.0745,0.086,240,213,285.54,2024-04-23,2024-05-23,2044-01-09,2026-07-12,27,213,0,En cours,Garantie autonome,20739.56,Travaux,550,C,89.51,,0,CONS-033,2026-09-11 14:53:27.782944,2026-09-11 14:53:27.782944
CRD-000652,CLI-000752,AG-OUJ-01,CPT-000951,Crédit automobile,69116.46,21886.88,0.0625,0.0707,60,19,1344.26,2026-08-17,2026-09-16,2031-07-22,2029-12-29,41,19,373,Contentieux,Hypothèque,65841.55,Fonds de roulement,708,D,3818.3,2026-08-18,2,CONS-004,2026-09-11 14:53:27.785943,2026-09-11 14:53:27.785943
CRD-000653,CLI-004645,AG-KÉN-01,CPT-005951,Crédit automobile,50205.01,48113.13,0.0696,0.0832,24,23,2246.9,2023-11-06,2023-12-06,2025-10-26,2023-12-06,1,23,0,En cours,Nantissement,35387.42,Travaux,517,C,499.49,,0,CONS-019,2026-09-11 14:53:27.787941,2026-09-11 14:53:27.787941
CRD-000654,CLI-002532,AG-CAS-06,CPT-003220,Crédit immobilier,194461.23,152327.96,0.0615,0.0725,180,141,1656.78,2024-11-04,2024-12-04,2039-08-18,2028-01-18,39,141,0,En cours,Sans garantie,0.0,Achat immobilier,757,A,801.44,,0,CONS-001,2026-09-11 14:53:27.790943,2026-09-11 14:53:27.790943
CRD-000655,CLI-000622,AG-RAB-02,CPT-000782,Crédit professionnel,611184.18,589356.17,0.0685,0.082,84,81,9179.66,2024-11-11,2024-12-11,2031-10-06,2025-02-09,3,81,178,Incident de paiement,Sans garantie,0.0,Investissement,653,D,153155.27,2026-07-11,1,CONS-003,2026-09-11 14:53:27.793944,2026-09-11 14:53:27.793944
CRD-000656,CLI-002298,AG-FÈS-02,CPT-002930,Crédit immobilier,129869.76,97943.44,0.0434,0.0587,240,181,810.45,2024-11-07,2024-12-07,2044-07-25,2029-09-12,59,181,0,En cours,Nantissement,129539.37,Fonds de roulement,677,B,476.69,,0,CONS-036,2026-09-11 14:53:27.796944,2026-09-11 14:53:27.796944
CRD-000657,CLI-003829,AG-KÉN-01,CPT-004895,Crédit professionnel,151239.06,115229.76,0.0537,0.0646,84,64,2163.99,2025-09-18,2025-10-18,2032-08-12,2027-05-11,20,64,0,En cours,Sans garantie,0.0,Véhicule,788,A,859.64,,0,CONS-043,2026-09-11 14:53:27.801116,2026-09-11 14:53:27.801116
CRD-000658,CLI-000567,AG-AGA-01,CPT-000719,Crédit consommation,25196.66,6299.16,0.0707,0.0784,12,3,2181.0,2025-02-28,2025-03-30,2026-02-23,2025-11-25,9,3,0,En cours,Garantie autonome,16054.95,Investissement,652,B,54.66,,0,CONS-025,2026-09-11 14:53:27.804115,2026-09-11 14:53:27.804115
CRD-000659,CLI-001136,AG-KHE-01,CPT-001452,Crédit automobile,12767.19,212.79,0.0302,0.0428,60,1,229.52,2023-02-10,2023-03-12,2028-01-15,2027-12-16,59,1,0,En cours,Caution personnelle,14811.88,Véhicule,561,C,0.92,,0,CONS-026,2026-09-11 14:53:27.806115,2026-09-11 14:53:27.806115
CRD-000660,CLI-001205,AG-TAN-01,CPT-001542,Crédit équipement,7256.63,6651.91,0.0505,0.0573,36,33,217.65,2025-06-24,2025-07-24,2028-06-08,2025-09-22,3,33,0,En cours,Sans garantie,0.0,Achat immobilier,559,C,63.03,,0,CONS-023,2026-09-11 14:53:27.809115,2026-09-11 14:53:27.809115
CRD-000661,CLI-001048,AG-SAF-01,CPT-001334,Crédit immobilier,106477.88,87400.59,0.0523,0.072,240,197,716.31,2023-12-02,2024-01-01,2043-08-19,2027-06-14,43,197,0,En cours,Garantie autonome,93223.09,Travaux,661,B,475.84,,0,CONS-027,2026-09-11 14:53:27.812116,2026-09-11 14:53:27.812116
CRD-000662,CLI-000052,AG-SET-01,CPT-000069,Crédit immobilier,75434.28,66214.53,0.0702,0.0803,180,158,678.87,2023-09-26,2023-10-26,2038-07-09,2025-07-17,22,158,0,En cours,Garantie autonome,54731.13,Travaux,687,B,703.31,,0,CONS-011,2026-09-11 14:53:27.815100,2026-09-11 14:53:27.815100
CRD-000663,CLI-003652,AG-KÉN-01,CPT-004668,Crédit automobile,83640.98,83640.98,0.0689,0.0829,24,24,3740.65,2023-09-01,2023-10-01,2025-08-21,,0,24,0,En cours,Hypothèque,97401.06,Fonds de roulement,548,C,469.25,,0,CONS-004,2026-09-11 14:53:27.819100,2026-09-11 14:53:27.819100
CRD-000664,CLI-001045,AG-AGA-01,CPT-001330,Crédit consommation,28882.16,19856.49,0.044,0.0598,48,33,657.31,2025-06-06,2025-07-06,2029-05-16,2026-08-30,15,33,0,En cours,Hypothèque,17482.57,Achat immobilier,746,A,140.63,,0,CONS-014,2026-09-11 14:53:27.822100,2026-09-11 14:53:27.822100
CRD-000665,CLI-002182,AG-MOH-01,CPT-002784,Crédit professionnel,8031.07,5521.36,0.0302,0.0414,48,33,177.83,2025-11-27,2025-12-27,2029-11-06,2027-02-20,15,33,0,En cours,Hypothèque,7635.16,Équipement professionnel,654,B,9.24,,0,CONS-026,2026-09-11 14:53:27.825304,2026-09-11 14:53:27.825304
CRD-000666,CLI-002689,AG-CAS-03,CPT-003426,Crédit automobile,32552.45,31196.1,0.0562,0.0706,48,46,758.84,2023-03-15,2023-04-14,2027-02-22,2023-05-14,2,46,0,En cours,Hypothèque,27253.91,Travaux,704,A,62.06,,0,CONS-010,2026-09-11 14:53:27.828324,2026-09-11 14:53:27.828324
CRD-000667,CLI-000535,AG-BÉN-01,CPT-000679,Crédit automobile,29140.71,29140.71,0.07,0.0769,36,36,899.78,2023-10-21,2023-11-20,2026-10-05,,0,36,0,En cours,Hypothèque,24058.87,Travaux,697,B,180.42,,0,CONS-028,2026-09-11 14:53:27.832324,2026-09-11 14:53:27.832324
CRD-000668,CLI-003185,AG-SAF-01,CPT-004062,Crédit professionnel,98763.79,72015.26,0.0389,0.0467,48,35,2225.13,2025-03-04,2025-04-03,2029-02-11,2026-03-29,13,35,175,Incident de paiement,Garantie autonome,76429.01,Achat immobilier,501,D,6239.27,2026-04-08,3,CONS-011,2026-09-11 14:53:27.834322,2026-09-11 14:53:27.834322
CRD-000669,CLI-003858,AG-TAN-01,CPT-004936,Crédit immobilier,103103.98,70454.39,0.0759,0.0886,180,123,961.07,2023-11-22,2023-12-22,2038-09-04,2028-07-28,57,123,0,En cours,Nantissement,106703.88,Achat immobilier,623,B,498.18,,0,CONS-010,2026-09-11 14:53:27.837322,2026-09-11 14:53:27.837322
CRD-000670,CLI-000444,AG-SAF-01,CPT-000561,Crédit immobilier,172820.9,118094.28,0.0389,0.0579,180,123,1268.83,2022-07-30,2022-08-29,2037-05-12,2027-04-05,57,123,0,En cours,Sans garantie,0.0,Achat immobilier,631,B,1020.94,,0,CONS-015,2026-09-11 14:53:27.840324,2026-09-11 14:53:27.840324
CRD-000671,CLI-003605,AG-TAN-02,CPT-004608,Crédit automobile,11294.27,7764.81,0.0711,0.0779,48,33,271.03,2026-03-15,2026-04-14,2030-02-22,2027-06-08,15,33,0,En cours,Sans garantie,0.0,Véhicule,576,C,41.58,,0,CONS-018,2026-09-11 14:53:27.842322,2026-09-11 14:53:27.842322
CRD-000672,CLI-000196,AG-SAL-01,CPT-000246,Crédit immobilier,460486.2,396018.13,0.0468,0.0615,300,258,2606.81,2023-02-07,2023-03-09,2047-09-29,2026-07-21,42,258,0,En cours,Sans garantie,0.0,Achat immobilier,652,B,4281.54,,0,CONS-027,2026-09-11 14:53:27.845302,2026-09-11 14:53:27.845302
CRD-000673,CLI-001116,AG-BÉN-01,CPT-001424,Crédit consommation,6752.93,562.74,0.069,0.0783,12,1,584.0,2024-07-05,2024-08-04,2025-06-30,2025-05-31,11,1,0,En cours,Sans garantie,0.0,Études,641,B,4.69,,0,CONS-025,2026-09-11 14:53:27.848303,2026-09-11 14:53:27.848303
CRD-000674,CLI-000766,AG-KÉN-01,CPT-000972,Crédit professionnel,89856.75,1872.02,0.0788,0.0924,48,1,2188.61,2021-11-27,2021-12-27,2025-11-06,2025-10-07,47,1,46,En cours (retard),Caution personnelle,64698.61,Équipement professionnel,620,C,65.54,2023-01-06,1,CONS-034,2026-09-11 14:53:27.851302,2026-09-11 14:53:27.851302
CRD-000675,CLI-001946,AG-FÈS-01,CPT-002481,Crédit investissement,94967.85,80722.67,0.0794,0.0848,60,51,1922.88,2024-02-19,2024-03-20,2029-01-23,2024-11-15,9,51,0,En cours,Garantie autonome,69875.24,Véhicule,637,B,399.35,,0,CONS-033,2026-09-11 14:53:27.853303,2026-09-11 14:53:27.853303
CRD-000676,CLI-003248,AG-CAS-03,CPT-004135,Crédit consommation,21195.63,4121.37,0.0475,0.0558,36,7,632.88,2021-12-24,2022-01-23,2024-12-08,2024-05-12,29,7,0,En cours,Sans garantie,0.0,Études,411,C,30.12,,0,CONS-045,2026-09-11 14:53:27.856302,2026-09-11 14:53:27.856302
CRD-000677,CLI-003003,AG-TÉT-01,CPT-003832,Crédit consommation,14328.95,8358.55,0.0644,0.077,24,14,637.91,2026-01-09,2026-02-08,2027-12-30,2026-11-05,10,14,15,En cours (retard),Sans garantie,0.0,Travaux,681,B,147.92,,0,CONS-039,2026-09-11 14:53:27.859302,2026-09-11 14:53:27.859302
CRD-000678,CLI-001433,AG-BÉN-01,CPT-001843,Crédit professionnel,77334.72,2761.95,0.0408,0.0512,84,3,1059.92,2024-06-03,2024-07-03,2031-04-28,2031-01-28,81,3,0,En cours,Garantie autonome,41853.15,Achat immobilier,798,A,9.06,,0,CONS-001,2026-09-11 14:53:27.862305,2026-09-11 14:53:27.862305
CRD-000679,CLI-004201,AG-CAS-06,CPT-005379,Crédit professionnel,368178.63,283804.36,0.0556,0.0642,48,37,8572.61,2022-10-15,2022-11-14,2026-09-24,2023-09-10,11,37,0,En cours,Sans garantie,0.0,Véhicule,705,A,2428.5,,0,CONS-011,2026-09-11 14:53:27.865304,2026-09-11 14:53:27.865304
CRD-000680,CLI-003096,AG-TAN-01,CPT-003950,Crédit consommation,30951.15,2579.26,0.0381,0.0572,48,4,696.22,2023-01-22,2023-02-21,2027-01-01,2026-09-03,44,4,0,En cours,Sans garantie,0.0,Véhicule,543,C,28.65,,0,CONS-034,2026-09-11 14:53:27.867304,2026-09-11 14:53:27.867304
CRD-000681,CLI-002923,AG-AGA-02,CPT-003728,Crédit consommation,11729.26,11729.26,0.0738,0.0919,48,48,282.94,2024-11-12,2024-12-12,2028-10-22,,0,48,0,En cours,Hypothèque,7583.16,Équipement professionnel,456,C,59.69,,0,CONS-015,2026-09-11 14:53:27.870305,2026-09-11 14:53:27.870305
CRD-000682,CLI-000645,AG-MAR-01,CPT-000812,Crédit professionnel,94785.65,29620.52,0.0502,0.0608,48,15,2183.71,2025-12-05,2026-01-04,2029-11-14,2028-08-21,33,15,0,En cours,Nantissement,56488.44,Achat immobilier,465,C,130.28,,0,CONS-029,2026-09-11 14:53:27.872303,2026-09-11 14:53:27.872303
CRD-000683,CLI-001050,AG-TÉT-01,CPT-001337,Crédit équipement,7222.59,601.88,0.0733,0.0847,36,3,224.1,2022-11-22,2022-12-22,2025-11-06,2025-08-08,33,3,0,En cours,Caution personnelle,8629.01,Fonds de roulement,553,C,4.57,,0,CONS-037,2026-09-11 14:53:27.876305,2026-09-11 14:53:27.876305
CRD-000684,CLI-003746,AG-MOH-01,CPT-004791,Crédit professionnel,129390.67,103512.54,0.0498,0.0593,60,48,2440.58,2026-01-20,2026-02-19,2030-12-25,2027-01-15,12,48,0,En cours,Hypothèque,122184.73,Travaux,470,C,282.13,,0,CONS-024,2026-09-11 14:53:27.879302,2026-09-11 14:53:27.879302
CRD-000685,CLI-004094,AG-AGA-01,CPT-005238,Crédit équipement,12043.99,6021.99,0.0584,0.0635,12,6,1035.7,2022-09-07,2022-10-07,2023-09-02,2023-03-06,6,6,0,En cours,Caution personnelle,6961.86,Travaux,454,C,29.91,,0,CONS-023,2026-09-11 14:53:27.882301,2026-09-11 14:53:27.882301
CRD-000686,CLI-004404,AG-MEK-01,CPT-005646,Crédit investissement,80944.42,16863.42,0.0779,0.0838,48,10,1968.12,2026-02-24,2026-03-26,2030-02-03,2029-04-09,38,10,0,En cours,Garantie autonome,48740.98,Investissement,582,C,85.63,,0,CONS-003,2026-09-11 14:53:27.884303,2026-09-11 14:53:27.884303
CRD-000687,CLI-000121,AG-AGA-01,CPT-000157,Crédit automobile,36225.04,22137.52,0.0662,0.0819,36,22,1112.24,2025-05-04,2025-06-03,2028-04-18,2026-06-28,14,22,0,En cours,Sans garantie,0.0,Véhicule,673,B,107.22,,0,CONS-041,2026-09-11 14:53:27.887301,2026-09-11 14:53:27.887301
CRD-000688,CLI-002053,AG-KHO-01,CPT-002613,Crédit professionnel,118360.52,50725.94,0.0373,0.0565,84,36,1603.18,2024-07-26,2024-08-25,2031-06-20,2028-07-05,48,36,0,En cours,Nantissement,108726.94,Études,701,A,365.52,,0,CONS-029,2026-09-11 14:53:27.889302,2026-09-11 14:53:27.889302
CRD-000689,CLI-004259,AG-AGA-02,CPT-005459,Crédit automobile,20245.4,17714.73,0.0494,0.0657,48,42,465.69,2024-07-28,2024-08-27,2028-07-07,2025-01-24,6,42,0,En cours,Nantissement,22094.91,Achat immobilier,667,B,155.38,,0,CONS-040,2026-09-11 14:53:27.892301,2026-09-11 14:53:27.892301
CRD-000690,CLI-004889,AG-CAS-02,CPT-006268,Crédit consommation,3001.21,625.25,0.0646,0.0799,24,5,133.64,2023-11-09,2023-12-09,2025-10-29,2025-06-01,19,5,0,En cours,Hypothèque,2878.43,Travaux,671,B,1.99,,0,CONS-024,2026-09-11 14:53:27.895322,2026-09-11 14:53:27.895322
CRD-000691,CLI-004335,AG-FÈS-01,CPT-005560,Crédit équipement,37894.15,34736.3,0.0608,0.0741,12,11,3262.81,2025-02-12,2025-03-14,2026-02-07,2025-03-14,1,11,0,En cours,Garantie autonome,23136.45,Achat immobilier,565,C,158.86,,0,CONS-034,2026-09-11 14:53:27.898438,2026-09-11 14:53:27.898438
CRD-000692,CLI-004692,AG-KHE-01,CPT-006013,Crédit automobile,23370.48,6816.39,0.0573,0.0764,24,7,1032.95,2026-06-01,2026-07-01,2028-05-21,2027-10-24,17,7,0,En cours,Hypothèque,18856.98,Véhicule,678,B,41.59,,0,CONS-033,2026-09-11 14:53:27.900463,2026-09-11 14:53:27.900463
CRD-000693,CLI-000135,AG-AGA-01,CPT-000173,Crédit professionnel,326854.8,217903.2,0.0379,0.0459,36,24,9619.55,2026-09-02,2026-10-02,2029-08-17,2027-08-28,12,24,0,En cours,Sans garantie,0.0,Véhicule,801,A,2587.36,,0,CONS-026,2026-09-11 14:53:27.903463,2026-09-11 14:53:27.903463
CRD-000694,CLI-002461,AG-NAD-01,CPT-003132,Crédit immobilier,566445.71,4720.38,0.0523,0.0602,240,2,3810.64,2021-12-28,2022-01-27,2041-09-14,2041-07-16,238,2,384,Contentieux,Garantie autonome,631209.86,Véhicule,404,D,1527.51,2024-05-06,3,CONS-041,2026-09-11 14:53:27.905466,2026-09-11 14:53:27.905466
CRD-000695,CLI-001955,AG-KHO-01,CPT-002493,Crédit professionnel,317849.77,0.0,0.0376,0.0567,48,0,7142.66,2025-11-22,2025-12-22,2029-11-01,2029-11-01,48,0,0,En cours,Nantissement,165547.97,Équipement professionnel,560,C,0.0,,0,CONS-028,2026-09-11 14:53:27.908463,2026-09-11 14:53:27.908463
CRD-000696,CLI-002464,AG-RAB-03,CPT-003136,Crédit automobile,22432.16,14207.03,0.03,0.0372,60,38,403.08,2023-03-14,2023-04-13,2028-02-16,2025-01-02,22,38,0,En cours,Caution personnelle,11251.98,Achat immobilier,702,A,57.75,,0,CONS-015,2026-09-11 14:53:27.911464,2026-09-11 14:53:27.911464
CRD-000697,CLI-000185,AG-KHO-01,CPT-000232,Crédit professionnel,30862.65,20060.72,0.0563,0.0627,60,39,591.37,2025-09-10,2025-10-10,2030-08-15,2027-06-02,21,39,36,En cours (retard),Nantissement,34200.23,Achat immobilier,544,C,1018.96,2025-12-17,2,CONS-046,2026-09-11 14:53:27.913464,2026-09-11 14:53:27.913464
CRD-000698,CLI-001393,AG-SAL-01,CPT-001784,Crédit investissement,73085.17,29234.07,0.0382,0.0564,60,24,1340.05,2025-02-27,2025-03-29,2030-02-01,2028-02-12,36,24,320,Contentieux,Garantie autonome,38471.37,Équipement professionnel,612,D,5971.49,2026-02-27,1,CONS-033,2026-09-11 14:53:27.916604,2026-09-11 14:53:27.916604
CRD-000699,CLI-002277,AG-TAN-02,CPT-002899,Crédit consommation,7573.66,1893.41,0.0339,0.045,12,3,642.79,2024-01-12,2024-02-11,2025-01-06,2024-10-08,9,3,0,En cours,Caution personnelle,4123.16,Véhicule,608,B,4.65,,0,CONS-039,2026-09-11 14:53:27.918608,2026-09-11 14:53:27.918608
CRD-000700,CLI-000512,AG-SET-01,CPT-000650,Crédit immobilier,1968887.45,1312591.63,0.0474,0.0626,180,120,15304.48,2023-08-17,2023-09-16,2038-05-30,2028-07-21,60,120,0,En cours,Garantie autonome,1546979.21,Travaux,645,B,9825.09,,0,CONS-032,2026-09-11 14:53:27.921609,2026-09-11 14:53:27.921609
CRD-000701,CLI-004730,AG-NAD-01,CPT-006062,Crédit immobilier,151197.84,5039.93,0.0606,0.0803,180,6,1280.8,2023-09-30,2023-10-30,2038-07-13,2038-01-14,174,6,0,En cours,Garantie autonome,84826.83,Achat immobilier,542,C,19.56,,0,CONS-028,2026-09-11 14:53:27.923865,2026-09-11 14:53:27.923865
CRD-000702,CLI-004055,AG-MAR-01,CPT-005185,Crédit automobile,77435.76,58076.82,0.0588,0.0755,36,27,2351.54,2023-12-26,2024-01-25,2026-12-10,2024-09-21,9,27,0,En cours,Caution personnelle,62111.16,Fonds de roulement,713,A,401.72,,0,CONS-008,2026-09-11 14:53:27.926885,2026-09-11 14:53:27.926885
CRD-000703,CLI-003138,AG-RAB-02,CPT-004004,Crédit automobile,57538.62,4794.89,0.0518,0.0576,24,2,2528.94,2026-02-10,2026-03-12,2028-01-31,2027-12-02,22,2,0,En cours,Nantissement,53680.96,Investissement,619,B,26.88,,0,CONS-034,2026-09-11 14:53:27.929885,2026-09-11 14:53:27.929885
CRD-000704,CLI-002670,AG-CAS-04,CPT-003400,Crédit consommation,40113.86,9192.76,0.0705,0.0789,48,11,961.51,2022-12-07,2023-01-06,2026-11-16,2025-12-21,37,11,96,Incident de paiement,Caution personnelle,29739.87,Achat immobilier,769,D,971.7,2026-02-13,1,CONS-002,2026-09-11 14:53:27.931885,2026-09-11 14:53:27.931885
CRD-000705,CLI-004774,AG-SAL-01,CPT-006124,Crédit automobile,50260.45,36299.21,0.0488,0.0669,36,26,1503.64,2021-10-29,2021-11-28,2024-10-13,2022-08-25,10,26,0,En cours,Garantie autonome,33849.36,Études,501,C,153.58,,0,CONS-010,2026-09-11 14:53:27.934884,2026-09-11 14:53:27.934884
CRD-000706,CLI-004862,AG-FÈS-01,CPT-006234,Crédit équipement,25435.37,4945.77,0.0667,0.0801,36,7,781.54,2025-04-28,2025-05-28,2028-04-12,2027-09-15,29,7,0,En cours,Garantie autonome,26770.12,Études,609,B,36.01,,0,CONS-021,2026-09-11 14:53:27.936885,2026-09-11 14:53:27.936885
CRD-000707,CLI-002118,AG-TAN-01,CPT-002696,Crédit équipement,9206.3,6521.13,0.0552,0.0718,24,17,406.04,2024-07-09,2024-08-08,2026-06-29,2025-02-04,7,17,0,En cours,Hypothèque,8025.26,Études,661,B,19.18,,0,CONS-050,2026-09-11 14:53:27.939886,2026-09-11 14:53:27.939886
CRD-000708,CLI-000252,AG-CAS-03,CPT-000318,Crédit investissement,24314.32,5499.67,0.0583,0.0704,84,19,353.22,2022-04-09,2022-05-09,2029-03-03,2027-08-11,65,19,142,Incident de paiement,Sans garantie,0.0,Études,739,D,841.88,2024-04-02,3,CONS-048,2026-09-11 14:53:27.942885,2026-09-11 14:53:27.942885
CRD-000709,CLI-003527,AG-MOH-01,CPT-004502,Crédit immobilier,858342.41,346913.39,0.0417,0.0499,240,97,5278.6,2022-09-27,2022-10-27,2042-06-14,2034-06-26,143,97,0,En cours,Sans garantie,0.0,Achat immobilier,644,B,4068.42,,0,CONS-048,2026-09-11 14:53:27.944885,2026-09-11 14:53:27.944885
CRD-000710,CLI-003560,AG-CAS-05,CPT-004547,Crédit immobilier,718540.29,632315.46,0.0449,0.0564,300,264,3989.8,2021-11-01,2021-12-01,2046-06-23,2024-10-16,36,264,0,En cours,Hypothèque,401792.18,Travaux,609,B,1525.38,,0,CONS-002,2026-09-11 14:53:27.947886,2026-09-11 14:53:27.947886
CRD-000711,CLI-004012,AG-SAL-01,CPT-005128,Crédit automobile,19082.46,1590.21,0.0643,0.0784,36,3,584.25,2024-09-07,2024-10-07,2027-08-23,2027-05-25,33,3,0,En cours,Hypothèque,19532.11,Équipement professionnel,794,A,10.64,,0,CONS-048,2026-09-11 14:53:27.949885,2026-09-11 14:53:27.949885
CRD-000712,CLI-001508,AG-TAN-01,CPT-001936,Crédit consommation,5406.23,1576.82,0.0305,0.0491,24,7,232.49,2022-09-21,2022-10-21,2024-09-10,2024-02-13,17,7,0,En cours,Caution personnelle,4027.58,Achat immobilier,640,B,7.33,,0,CONS-023,2026-09-11 14:53:27.952885,2026-09-11 14:53:27.952885
CRD-000713,CLI-000123,AG-TAN-01,CPT-000159,Crédit consommation,2555.63,1810.24,0.0772,0.0955,48,34,62.06,2026-04-04,2026-05-04,2030-03-14,2027-05-29,14,34,0,En cours,Nantissement,2423.88,Travaux,839,A,9.58,,0,CONS-003,2026-09-11 14:53:27.955886,2026-09-11 14:53:27.955886
CRD-000714,CLI-004260,AG-KÉN-01,CPT-005461,Crédit consommation,19835.64,18733.66,0.0797,0.096,36,34,621.3,2022-01-26,2022-02-25,2025-01-10,2022-03-27,2,34,0,En cours,Caution personnelle,16770.53,Équipement professionnel,682,B,166.2,,0,CONS-004,2026-09-11 14:53:27.957885,2026-09-11 14:53:27.957885
CRD-000715,CLI-003334,AG-MOH-01,CPT-004243,Crédit immobilier,42248.85,22814.38,0.0354,0.0423,300,162,212.42,2023-11-30,2023-12-30,2048-07-21,2035-04-01,138,162,0,En cours,Sans garantie,0.0,Études,625,B,264.64,,0,CONS-021,2026-09-11 14:53:27.960885,2026-09-11 14:53:27.960885
CRD-000716,CLI-001872,AG-TÉT-01,CPT-002388,Crédit professionnel,191421.42,11963.84,0.0623,0.0679,48,3,4515.75,2026-07-09,2026-08-08,2030-06-18,2030-03-20,45,3,124,Incident de paiement,Caution personnelle,172361.84,Achat immobilier,674,D,1370.57,2026-08-02,3,CONS-016,2026-09-11 14:53:27.963880,2026-09-11 14:53:27.963880
CRD-000717,CLI-003693,AG-AGA-02,CPT-004722,Crédit consommation,27080.76,11283.65,0.0792,0.0859,24,10,1223.8,2022-10-06,2022-11-05,2024-09-25,2023-11-30,14,10,14,En cours (retard),Nantissement,14313.32,Travaux,401,C,219.09,,0,CONS-047,2026-09-11 14:53:27.965881,2026-09-11 14:53:27.965881
CRD-000718,CLI-000568,AG-CAS-03,CPT-000720,Crédit immobilier,183429.15,45857.29,0.0316,0.0413,120,30,1784.79,2023-01-17,2023-02-16,2032-11-25,2030-06-09,90,30,0,En cours,Garantie autonome,94405.85,Véhicule,762,A,351.32,,0,CONS-031,2026-09-11 14:53:27.968885,2026-09-11 14:53:27.968885
CRD-000719,CLI-001372,AG-RAB-01,CPT-001758,Crédit immobilier,220915.65,86157.1,0.0742,0.0816,300,117,1621.07,2024-07-06,2024-08-05,2049-02-25,2039-07-18,183,117,385,Contentieux,Caution personnelle,137871.03,Études,674,D,33221.14,2025-06-07,1,CONS-046,2026-09-11 14:53:27.971886,2026-09-11 14:53:27.971886
CRD-000720,CLI-003186,AG-TÉT-01,CPT-004063,Crédit automobile,103412.34,98241.72,0.0545,0.0597,60,57,1972.91,2023-03-08,2023-04-07,2028-02-10,2023-06-06,3,57,0,En cours,Garantie autonome,101280.48,Études,667,B,311.78,,0,CONS-019,2026-09-11 14:53:27.973885,2026-09-11 14:53:27.973885
CRD-000721,CLI-003956,AG-SAL-01,CPT-005056,Crédit automobile,110861.46,6158.97,0.0592,0.0764,36,2,3368.6,2025-11-09,2025-12-09,2028-10-24,2028-08-25,34,2,0,En cours,Sans garantie,0.0,Achat immobilier,602,B,88.68,,0,CONS-045,2026-09-11 14:53:27.976885,2026-09-11 14:53:27.976885
CRD-000722,CLI-001057,AG-KÉN-01,CPT-001347,Crédit immobilier,532843.54,326810.7,0.0534,0.0678,300,184,3221.41,2022-04-23,2022-05-23,2046-12-13,2031-11-02,116,184,0,En cours,Garantie autonome,369695.51,Fonds de roulement,502,C,2908.76,,0,CONS-010,2026-09-11 14:53:27.979880,2026-09-11 14:53:27.979880
CRD-000723,CLI-000857,AG-CAS-01,CPT-001093,Crédit automobile,13402.06,4746.56,0.0739,0.0923,48,17,323.36,2021-11-16,2021-12-16,2025-10-26,2024-06-03,31,17,0,En cours,Nantissement,7157.16,Travaux,645,B,38.06,,0,CONS-023,2026-09-11 14:53:27.981885,2026-09-11 14:53:27.981885
CRD-000724,CLI-003839,AG-CAS-04,CPT-004909,Crédit immobilier,148293.22,72910.83,0.0368,0.0559,240,118,873.82,2022-03-17,2022-04-16,2041-12-02,2032-03-24,122,118,0,En cours,Hypothèque,140263.57,Investissement,633,B,419.71,,0,CONS-012,2026-09-11 14:53:27.984885,2026-09-11 14:53:27.984885
CRD-000725,CLI-002861,AG-SAF-01,CPT-003648,Crédit consommation,18124.63,7551.93,0.0729,0.0812,48,20,436.46,2024-10-12,2024-11-11,2028-09-21,2027-01-30,28,20,0,En cours,Hypothèque,19635.68,Travaux,555,C,46.18,,0,CONS-028,2026-09-11 14:53:27.986885,2026-09-11 14:53:27.986885
CRD-000726,CLI-004770,AG-BÉN-01,CPT-006117,Crédit immobilier,214602.66,65096.14,0.0355,0.0446,300,91,1080.11,2025-06-21,2025-07-21,2050-02-10,2042-08-21,209,91,0,En cours,Caution personnelle,232650.63,Véhicule,738,A,507.88,,0,CONS-009,2026-09-11 14:53:27.990480,2026-09-11 14:53:27.990480
CRD-000727,CLI-000777,AG-TAN-02,CPT-000987,Crédit immobilier,548956.44,3049.76,0.0587,0.0729,180,1,4593.94,2024-05-31,2024-06-30,2039-03-14,2039-02-12,179,1,0,En cours,Sans garantie,0.0,Équipement professionnel,524,C,25.2,,0,CONS-027,2026-09-11 14:53:27.994171,2026-09-11 14:53:27.994171
CRD-000728,CLI-000721,AG-FÈS-02,CPT-000912,Crédit immobilier,1314780.53,146086.73,0.0371,0.0517,180,20,9535.31,2022-11-20,2022-12-20,2037-09-02,2036-01-11,160,20,0,En cours,Nantissement,929272.4,Achat immobilier,572,C,1203.08,,0,CONS-026,2026-09-11 14:53:27.997171,2026-09-11 14:53:27.997171
CRD-000729,CLI-002711,AG-CAS-04,CPT-003454,Crédit automobile,36582.53,23372.17,0.0434,0.0608,36,23,1085.6,2024-07-28,2024-08-27,2027-07-13,2025-08-22,13,23,113,Incident de paiement,Garantie autonome,43072.09,Équipement professionnel,618,D,1699.18,2026-01-12,3,CONS-036,2026-09-11 14:53:28.000172,2026-09-11 14:53:28.000172
CRD-000730,CLI-002655,AG-MEK-01,CPT-003380,Crédit automobile,75290.65,41409.86,0.0347,0.053,60,33,1368.66,2023-07-12,2023-08-11,2028-06-15,2025-09-29,27,33,0,En cours,Sans garantie,0.0,Travaux,520,C,290.29,,0,CONS-050,2026-09-11 14:53:28.002173,2026-09-11 14:53:28.002173
CRD-000731,CLI-004878,AG-CAS-05,CPT-006253,Crédit équipement,10818.08,5409.04,0.0381,0.0547,36,18,318.48,2023-10-25,2023-11-24,2026-10-09,2025-04-17,18,18,0,En cours,Hypothèque,8778.42,Équipement professionnel,609,B,20.32,,0,CONS-042,2026-09-11 14:53:28.005170,2026-09-11 14:53:28.005170
CRD-000732,CLI-000603,AG-TÉT-01,CPT-000760,Crédit professionnel,342651.11,207018.38,0.0408,0.05,48,29,7749.01,2022-02-13,2022-03-15,2026-01-23,2023-09-06,19,29,0,En cours,Hypothèque,189858.11,Équipement professionnel,542,C,712.88,,0,CONS-042,2026-09-11 14:53:28.007170,2026-09-11 14:53:28.007170
CRD-000733,CLI-003823,AG-TAN-02,CPT-004887,Crédit équipement,11467.19,2866.8,0.054,0.0654,12,3,983.78,2023-11-24,2023-12-24,2024-11-18,2024-08-20,9,3,0,En cours,Garantie autonome,11394.28,Investissement,518,C,11.69,,0,CONS-031,2026-09-11 14:53:28.010171,2026-09-11 14:53:28.010171
CRD-000734,CLI-001245,AG-CAS-04,CPT-001595,Crédit équipement,13225.89,6888.48,0.079,0.0946,48,25,322.26,2021-11-28,2021-12-28,2025-11-07,2023-10-19,23,25,0,En cours,Nantissement,8320.37,Travaux,629,B,18.04,,0,CONS-014,2026-09-11 14:53:28.013189,2026-09-11 14:53:28.013189
CRD-000735,CLI-004846,AG-LAÂ-01,CPT-006212,Crédit équipement,6622.91,6254.97,0.0712,0.0819,36,34,204.86,2021-10-04,2021-11-03,2024-09-18,2021-12-03,2,34,0,En cours,Nantissement,6806.22,Investissement,496,C,51.49,,0,CONS-042,2026-09-11 14:53:28.016315,2026-09-11 14:53:28.016315
CRD-000736,CLI-004842,AG-BÉN-01,CPT-006207,Crédit professionnel,54650.62,21253.02,0.0305,0.0476,36,14,1590.51,2023-01-14,2023-02-13,2025-12-29,2024-11-04,22,14,33,En cours (retard),Hypothèque,49087.57,Équipement professionnel,628,C,680.11,2025-10-19,3,CONS-019,2026-09-11 14:53:28.018320,2026-09-11 14:53:28.018320
CRD-000737,CLI-000319,AG-RAB-02,CPT-000401,Crédit consommation,16833.95,12625.46,0.0316,0.0455,36,27,490.74,2026-05-17,2026-06-16,2029-05-01,2027-02-11,9,27,0,En cours,Nantissement,17515.6,Études,561,C,139.06,,0,CONS-034,2026-09-11 14:53:28.021298,2026-09-11 14:53:28.021298
CRD-000738,CLI-000829,AG-MOH-01,CPT-001058,Crédit professionnel,129947.84,57238.93,0.044,0.064,84,37,1800.26,2022-05-25,2022-06-24,2029-04-18,2026-04-04,47,37,0,En cours,Sans garantie,0.0,Équipement professionnel,850,A,584.88,,0,CONS-037,2026-09-11 14:53:28.023497,2026-09-11 14:53:28.023497
CRD-000739,CLI-003264,AG-EL -01,CPT-004156,Crédit équipement,29778.17,4342.65,0.07,0.0851,48,7,713.08,2025-04-28,2025-05-28,2029-04-07,2028-09-09,41,7,0,En cours,Caution personnelle,20090.42,Investissement,588,C,19.19,,0,CONS-016,2026-09-11 14:53:28.026521,2026-09-11 14:53:28.026521
CRD-000740,CLI-000275,AG-MAR-02,CPT-000345,Crédit consommation,4832.84,3624.63,0.0759,0.0877,12,9,419.49,2024-05-15,2024-06-14,2025-05-10,2024-08-13,3,9,0,En cours,Garantie autonome,3114.23,Équipement professionnel,646,B,21.05,,0,CONS-019,2026-09-11 14:53:28.029521,2026-09-11 14:53:28.029521
CRD-000741,CLI-002665,AG-MAR-02,CPT-003393,Crédit consommation,6271.97,3658.65,0.0705,0.081,12,7,542.84,2025-03-23,2025-04-22,2026-03-18,2025-08-20,5,7,0,En cours,Caution personnelle,6440.44,Achat immobilier,678,B,20.54,,0,CONS-046,2026-09-11 14:53:28.031521,2026-09-11 14:53:28.031521
CRD-000742,CLI-000550,AG-MOH-01,CPT-000699,Crédit consommation,8507.69,1417.95,0.0441,0.0532,12,2,726.02,2022-02-24,2022-03-26,2023-02-19,2022-12-21,10,2,11,En cours (retard),Nantissement,8749.84,Travaux,659,B,22.6,,0,CONS-016,2026-09-11 14:53:28.034521,2026-09-11 14:53:28.034521
CRD-000743,CLI-003642,AG-MAR-02,CPT-004656,Crédit consommation,27212.32,18141.55,0.0682,0.086,48,32,649.36,2023-08-01,2023-08-31,2027-07-11,2024-11-23,16,32,0,En cours,Nantissement,23704.8,Fonds de roulement,574,C,135.09,,0,CONS-027,2026-09-11 14:53:28.036521,2026-09-11 14:53:28.036521
CRD-000744,CLI-004054,AG-MAR-01,CPT-005183,Crédit immobilier,182426.54,34965.09,0.0576,0.065,120,23,2003.39,2023-05-13,2023-06-12,2033-03-21,2031-05-01,97,23,0,En cours,Hypothèque,97270.06,Fonds de roulement,661,B,158.66,,0,CONS-048,2026-09-11 14:53:28.040518,2026-09-11 14:53:28.040518
CRD-000745,CLI-004893,AG-CAS-05,CPT-006273,Crédit immobilier,89926.38,83931.29,0.0547,0.0743,240,224,617.07,2022-12-03,2023-01-02,2042-08-20,2024-03-27,16,224,0,En cours,Nantissement,65271.5,Véhicule,606,B,589.33,,0,CONS-049,2026-09-11 14:53:28.043521,2026-09-11 14:53:28.043521
CRD-000746,CLI-002935,AG-MEK-01,CPT-003742,Crédit investissement,101805.58,23027.45,0.0576,0.0714,84,19,1475.55,2025-10-09,2025-11-08,2032-09-02,2031-02-10,65,19,0,En cours,Caution personnelle,54239.69,Investissement,599,C,247.02,,0,CONS-030,2026-09-11 14:53:28.046499,2026-09-11 14:53:28.046499
CRD-000747,CLI-000606,AG-CAS-04,CPT-000763,Crédit immobilier,332764.18,229607.28,0.0677,0.0814,300,207,2303.31,2025-07-01,2025-07-31,2050-02-20,2033-02-19,93,207,0,En cours,Hypothèque,313954.64,Investissement,622,B,412.5,,0,CONS-030,2026-09-11 14:53:28.048500,2026-09-11 14:53:28.048500
CRD-000748,CLI-000897,AG-TAN-02,CPT-001145,Crédit immobilier,1251284.58,1184549.4,0.0654,0.0781,300,284,8480.07,2023-07-31,2023-08-30,2048-03-21,2024-11-22,16,284,3,En cours (retard),Garantie autonome,751109.95,Investissement,588,C,32807.31,,0,CONS-024,2026-09-11 14:53:28.051500,2026-09-11 14:53:28.051500
CRD-000749,CLI-000528,AG-KHO-01,CPT-000670,Crédit automobile,19364.08,8068.37,0.069,0.0889,60,25,382.52,2021-10-04,2021-11-03,2026-09-08,2024-08-19,35,25,91,Incident de paiement,Sans garantie,0.0,Équipement professionnel,703,D,1465.01,2025-02-21,3,CONS-034,2026-09-11 14:53:28.054503,2026-09-11 14:53:28.054503
CRD-000750,CLI-004608,AG-FÈS-02,CPT-005906,Crédit immobilier,615681.33,615681.33,0.0645,0.0805,120,120,6975.28,2024-09-21,2024-10-21,2034-07-31,,0,120,0,En cours,Caution personnelle,709981.95,Équipement professionnel,514,C,5733.8,,0,CONS-026,2026-09-11 14:53:28.057503,2026-09-11 14:53:28.057503
CRD-000751,CLI-002348,AG-CAS-03,CPT-002989,Crédit professionnel,16540.34,3101.31,0.0417,0.0589,48,9,374.72,2025-02-23,2025-03-25,2029-02-02,2028-05-08,39,9,0,En cours,Nantissement,11548.89,Investissement,644,B,16.32,,0,CONS-018,2026-09-11 14:53:28.059502,2026-09-11 14:53:28.059502
CRD-000752,CLI-003440,AG-TÉT-01,CPT-004386,Crédit automobile,134424.96,70013.0,0.04,0.0452,48,25,3035.19,2022-07-16,2022-08-15,2026-06-25,2024-06-05,23,25,0,En cours,Nantissement,150936.47,Véhicule,436,C,248.22,,0,CONS-023,2026-09-11 14:53:28.062503,2026-09-11 14:53:28.062503
CRD-000753,CLI-004999,AG-AGA-01,CPT-006404,Crédit automobile,4194.77,0.0,0.0428,0.0516,24,0,182.68,2026-02-27,2026-03-29,2028-02-17,2028-02-17,24,0,0,En cours,Caution personnelle,3923.35,Achat immobilier,580,C,0.0,,0,CONS-027,2026-09-11 14:53:28.065504,2026-09-11 14:53:28.065504
CRD-000754,CLI-004827,AG-RAB-01,CPT-006186,Crédit professionnel,76022.29,7602.23,0.0405,0.0575,60,6,1401.78,2022-08-24,2022-09-23,2027-07-29,2027-01-30,54,6,147,Incident de paiement,Garantie autonome,79984.9,Achat immobilier,707,D,707.55,2023-03-17,1,CONS-027,2026-09-11 14:53:28.068503,2026-09-11 14:53:28.068503
CRD-000755,CLI-003923,AG-MEK-01,CPT-005015,Crédit automobile,50099.14,18787.18,0.0563,0.0713,48,18,1168.1,2024-10-25,2024-11-24,2028-10-04,2027-04-13,30,18,0,En cours,Garantie autonome,27829.26,Investissement,489,C,134.71,,0,CONS-029,2026-09-11 14:53:28.071504,2026-09-11 14:53:28.071504
CRD-000756,CLI-000299,AG-RAB-02,CPT-000374,Crédit automobile,23967.85,4493.97,0.0721,0.0824,48,9,576.28,2021-10-03,2021-11-02,2025-09-12,2024-12-16,39,9,0,En cours,Sans garantie,0.0,Investissement,583,C,17.05,,0,CONS-033,2026-09-11 14:53:28.075503,2026-09-11 14:53:28.075503
CRD-000757,CLI-002120,AG-MAR-01,CPT-002698,Crédit automobile,34376.67,17188.33,0.0562,0.0713,36,18,1039.9,2022-02-06,2022-03-08,2025-01-21,2023-07-31,18,18,0,En cours,Sans garantie,0.0,Achat immobilier,542,C,166.57,,0,CONS-020,2026-09-11 14:53:28.078501,2026-09-11 14:53:28.078501
CRD-000758,CLI-002537,AG-NAD-01,CPT-003228,Crédit automobile,32191.82,7377.29,0.0754,0.0824,48,11,778.96,2023-01-16,2023-02-15,2026-12-26,2026-01-30,37,11,0,En cours,Caution personnelle,22296.04,Études,492,C,26.0,,0,CONS-011,2026-09-11 14:53:28.082501,2026-09-11 14:53:28.082501
CRD-000759,CLI-004204,AG-AGA-01,CPT-005383,Crédit consommation,25422.76,7944.61,0.0511,0.0644,48,15,586.74,2025-08-28,2025-09-27,2029-08-07,2028-05-14,33,15,0,En cours,Nantissement,23323.83,Achat immobilier,767,A,25.61,,0,CONS-043,2026-09-11 14:53:28.085498,2026-09-11 14:53:28.085498
CRD-000760,CLI-003255,AG-TÉT-01,CPT-004144,Crédit immobilier,110747.3,57219.44,0.0505,0.0621,240,124,733.95,2024-09-07,2024-10-07,2044-05-25,2034-03-19,116,124,0,En cours,Garantie autonome,63349.48,Travaux,588,C,216.58,,0,CONS-009,2026-09-11 14:53:28.089635,2026-09-11 14:53:28.089635
CRD-000761,CLI-003726,AG-SAL-01,CPT-004762,Crédit automobile,22914.53,20368.47,0.0359,0.0465,36,32,672.36,2023-02-08,2023-03-10,2026-01-23,2023-06-08,4,32,0,En cours,Caution personnelle,18577.83,Investissement,465,C,191.21,,0,CONS-044,2026-09-11 14:53:28.094659,2026-09-11 14:53:28.094659
CRD-000762,CLI-001261,AG-EL -01,CPT-001617,Crédit automobile,23013.28,8949.61,0.0427,0.0479,36,14,682.21,2022-11-06,2022-12-06,2025-10-21,2024-08-27,22,14,0,En cours,Hypothèque,25501.35,Achat immobilier,599,C,12.22,,0,CONS-014,2026-09-11 14:53:28.098860,2026-09-11 14:53:28.098860
CRD-000763,CLI-001559,AG-KHE-01,CPT-001997,Crédit équipement,16852.59,15448.21,0.0435,0.0615,12,11,1437.69,2024-04-08,2024-05-08,2025-04-03,2024-05-08,1,11,0,En cours,Hypothèque,18415.48,Études,661,B,78.85,,0,CONS-019,2026-09-11 14:53:28.102249,2026-09-11 14:53:28.102249
CRD-000764,CLI-003270,AG-RAB-03,CPT-004163,Crédit équipement,21002.12,14876.5,0.0681,0.0792,24,17,938.51,2026-02-02,2026-03-04,2028-01-23,2026-08-31,7,17,0,En cours,Caution personnelle,14355.4,Études,594,C,78.96,,0,CONS-031,2026-09-11 14:53:28.106249,2026-09-11 14:53:28.106249
CRD-000765,CLI-004047,AG-EL -01,CPT-005174,Crédit automobile,17131.17,6281.43,0.0492,0.0576,60,22,322.66,2022-11-03,2022-12-03,2027-10-08,2025-12-17,38,22,0,En cours,Hypothèque,9301.5,Fonds de roulement,459,C,33.06,,0,CONS-043,2026-09-11 14:53:28.110248,2026-09-11 14:53:28.110248
CRD-000766,CLI-000757,AG-TAN-02,CPT-000957,Crédit consommation,16712.31,10213.08,0.0422,0.0606,36,22,495.05,2024-04-02,2024-05-02,2027-03-18,2025-05-27,14,22,0,En cours,Caution personnelle,16436.86,Achat immobilier,680,B,33.99,,0,CONS-012,2026-09-11 14:53:28.113251,2026-09-11 14:53:28.113251
CRD-000767,CLI-001011,AG-CAS-03,CPT-001287,Crédit professionnel,100652.32,82199.39,0.0766,0.0837,60,49,2024.53,2025-08-12,2025-09-11,2030-07-17,2026-07-08,11,49,0,En cours,Sans garantie,0.0,Véhicule,619,B,1030.71,,0,CONS-049,2026-09-11 14:53:28.117245,2026-09-11 14:53:28.117245
CRD-000768,CLI-002795,AG-SET-01,CPT-003564,Crédit immobilier,253087.37,155016.01,0.0492,0.0568,240,147,1659.1,2022-03-05,2022-04-04,2041-11-20,2029-10-24,93,147,0,En cours,Caution personnelle,175363.98,Investissement,473,C,569.48,,0,CONS-021,2026-09-11 14:53:28.122244,2026-09-11 14:53:28.122244
CRD-000769,CLI-002906,AG-RAB-02,CPT-003706,Crédit consommation,34360.37,22191.07,0.0409,0.0587,48,31,777.21,2023-01-06,2023-02-05,2026-12-16,2024-05-30,17,31,0,En cours,Sans garantie,0.0,Études,557,C,240.52,,0,CONS-042,2026-09-11 14:53:28.125244,2026-09-11 14:53:28.125244
CRD-000770,CLI-001871,AG-KHE-01,CPT-002387,Crédit investissement,784993.32,117749.0,0.0323,0.046,60,9,14185.68,2026-01-11,2026-02-10,2030-12-16,2030-03-21,51,9,0,En cours,Garantie autonome,760411.3,Travaux,717,A,689.38,,0,CONS-006,2026-09-11 14:53:28.130250,2026-09-11 14:53:28.130250
CRD-000771,CLI-002230,AG-RAB-03,CPT-002842,Crédit immobilier,1823140.73,151928.39,0.0692,0.0827,120,10,21093.12,2024-01-23,2024-02-22,2033-12-01,2033-02-04,110,10,0,En cours,Sans garantie,0.0,Fonds de roulement,546,C,1048.3,,0,CONS-046,2026-09-11 14:53:28.134248,2026-09-11 14:53:28.134248
CRD-000772,CLI-001174,AG-KHE-01,CPT-001499,Crédit immobilier,605947.27,247428.47,0.066,0.0783,120,49,6911.28,2022-03-30,2022-04-29,2032-02-06,2028-01-28,71,49,0,En cours,Sans garantie,0.0,Travaux,473,C,1766.24,,0,CONS-029,2026-09-11 14:53:28.137245,2026-09-11 14:53:28.137245
CRD-000773,CLI-001833,AG-EL -01,CPT-002338,Crédit immobilier,796253.41,623731.84,0.0484,0.0585,300,235,4580.89,2023-01-06,2023-02-05,2047-08-28,2028-05-09,65,235,0,En cours,Caution personnelle,619225.81,Achat immobilier,574,C,5257.79,,0,CONS-031,2026-09-11 14:53:28.141417,2026-09-11 14:53:28.141417
CRD-000774,CLI-000377,AG-LAÂ-01,CPT-000475,Crédit professionnel,65090.03,48817.52,0.032,0.0407,84,63,865.93,2026-08-16,2026-09-15,2033-07-10,2028-05-07,21,63,84,En cours (retard),Sans garantie,0.0,Achat immobilier,563,C,2351.5,2026-09-10,3,CONS-038,2026-09-11 14:53:28.145421,2026-09-11 14:53:28.145421
CRD-000775,CLI-003854,AG-CAS-01,CPT-004930,Crédit consommation,5084.62,847.44,0.0765,0.0905,24,4,229.15,2025-08-29,2025-09-28,2027-08-19,2027-04-21,20,4,0,En cours,Caution personnelle,3843.39,Travaux,571,C,3.39,,0,CONS-018,2026-09-11 14:53:28.148659,2026-09-11 14:53:28.148659
CRD-000776,CLI-003617,AG-FÈS-01,CPT-004624,Crédit immobilier,46839.29,28103.57,0.0401,0.0593,120,72,474.45,2024-06-23,2024-07-23,2034-05-02,2028-06-02,48,72,0,En cours,Hypothèque,45830.9,Achat immobilier,571,C,176.14,,0,CONS-036,2026-09-11 14:53:28.151666,2026-09-11 14:53:28.151666
CRD-000777,CLI-000799,AG-RAB-01,CPT-001019,Crédit équipement,5773.78,4089.76,0.0351,0.0477,48,34,129.1,2026-08-17,2026-09-16,2030-07-27,2027-10-11,14,34,0,En cours,Hypothèque,3761.28,Équipement professionnel,567,C,12.43,,0,CONS-036,2026-09-11 14:53:28.154657,2026-09-11 14:53:28.154657
CRD-000778,CLI-000379,AG-CAS-02,CPT-000478,Crédit automobile,117001.21,4875.05,0.0599,0.0708,48,2,2747.24,2026-08-24,2026-09-23,2030-08-03,2030-06-04,46,2,0,En cours,Sans garantie,0.0,Travaux,755,A,54.89,,0,CONS-027,2026-09-11 14:53:28.158682,2026-09-11 14:53:28.158682
CRD-000779,CLI-001159,AG-FÈS-01,CPT-001482,Crédit immobilier,82354.7,4117.74,0.0544,0.0739,120,6,891.32,2025-01-19,2025-02-18,2034-11-28,2034-06-01,114,6,0,En cours,Caution personnelle,57370.55,Achat immobilier,467,C,8.39,,0,CONS-025,2026-09-11 14:53:28.162664,2026-09-11 14:53:28.162664
CRD-000780,CLI-003820,AG-EL -01,CPT-004884,Crédit professionnel,273139.7,227616.42,0.0471,0.0593,84,70,3823.42,2022-03-02,2022-04-01,2029-01-24,2023-04-26,14,70,0,En cours,Sans garantie,0.0,Achat immobilier,491,C,2100.05,,0,CONS-018,2026-09-11 14:53:28.165662,2026-09-11 14:53:28.165662
CRD-000781,CLI-002793,AG-TÉT-01,CPT-003560,Crédit automobile,34778.81,11013.29,0.0597,0.0649,60,19,671.89,2025-11-19,2025-12-19,2030-10-24,2029-04-02,41,19,0,En cours,Caution personnelle,34895.54,Achat immobilier,601,B,68.3,,0,CONS-048,2026-09-11 14:53:28.168662,2026-09-11 14:53:28.168662
CRD-000782,CLI-002241,AG-LAÂ-01,CPT-002858,Crédit consommation,13585.46,11321.22,0.0685,0.0748,12,10,1174.57,2024-12-09,2025-01-08,2025-12-04,2025-02-07,2,10,0,En cours,Garantie autonome,11279.91,Études,733,A,76.46,,0,CONS-014,2026-09-11 14:53:28.171659,2026-09-11 14:53:28.171659
CRD-000783,CLI-004036,AG-EL -01,CPT-005158,Crédit immobilier,235717.35,94286.94,0.0619,0.071,300,120,1546.22,2024-12-22,2025-01-21,2049-08-13,2039-10-05,180,120,0,En cours,Hypothèque,169339.6,Travaux,720,A,184.66,,0,CONS-018,2026-09-11 14:53:28.175681,2026-09-11 14:53:28.175681
CRD-000784,CLI-002663,AG-CAS-03,CPT-003391,Crédit investissement,1702792.21,1702792.21,0.0566,0.0725,48,48,39725.23,2025-04-03,2025-05-03,2029-03-13,,0,48,0,En cours,Hypothèque,1469566.73,Fonds de roulement,392,C,3736.82,,0,CONS-025,2026-09-11 14:53:28.178658,2026-09-11 14:53:28.178658
CRD-000785,CLI-004013,AG-SAL-01,CPT-005130,Crédit professionnel,48252.57,25466.63,0.0659,0.0848,36,19,1480.87,2026-07-25,2026-08-24,2029-07-09,2027-12-17,17,19,57,En cours (retard),Hypothèque,27761.54,Achat immobilier,409,C,590.08,2026-08-03,3,CONS-017,2026-09-11 14:53:28.180659,2026-09-11 14:53:28.180659
CRD-000786,CLI-002958,AG-KÉN-01,CPT-003771,Crédit automobile,28412.98,20362.64,0.0628,0.081,60,43,553.01,2021-10-21,2021-11-20,2026-09-25,2023-03-15,17,43,0,En cours,Nantissement,16027.61,Véhicule,708,A,179.93,,0,CONS-026,2026-09-11 14:53:28.183660,2026-09-11 14:53:28.183660
CRD-000787,CLI-003928,AG-RAB-02,CPT-005023,Crédit professionnel,104196.8,73185.85,0.0757,0.0948,84,59,1601.8,2023-01-20,2023-02-19,2029-12-14,2025-02-08,25,59,0,En cours,Caution personnelle,123406.95,Véhicule,552,C,593.28,,0,CONS-026,2026-09-11 14:53:28.186659,2026-09-11 14:53:28.186659
CRD-000788,CLI-001039,AG-SET-01,CPT-001322,Crédit automobile,51470.99,18586.75,0.0317,0.0498,36,13,1500.7,2024-02-26,2024-03-27,2027-02-10,2026-01-16,23,13,48,En cours (retard),Sans garantie,0.0,Fonds de roulement,567,C,1429.03,2024-05-30,1,CONS-011,2026-09-11 14:53:28.188660,2026-09-11 14:53:28.188660
CRD-000789,CLI-003260,AG-OUJ-01,CPT-004150,Crédit automobile,55362.58,18454.19,0.0434,0.0581,60,20,1028.1,2024-07-05,2024-08-04,2029-06-09,2027-10-18,40,20,0,En cours,Nantissement,66001.39,Investissement,636,B,109.28,,0,CONS-003,2026-09-11 14:53:28.191661,2026-09-11 14:53:28.191661
CRD-000790,CLI-001345,AG-FÈS-01,CPT-001725,Crédit automobile,36143.15,15059.65,0.0398,0.0456,36,15,1066.77,2022-01-21,2022-02-20,2025-01-05,2023-10-13,21,15,0,En cours,Caution personnelle,21620.11,Véhicule,642,B,136.45,,0,CONS-005,2026-09-11 14:53:28.195661,2026-09-11 14:53:28.195661
CRD-000791,CLI-002506,AG-KHE-01,CPT-003185,Crédit automobile,46961.86,1304.5,0.0334,0.0492,36,1,1372.76,2024-09-01,2024-10-01,2027-08-17,2027-07-18,35,1,0,En cours,Hypothèque,37487.44,Travaux,402,C,6.31,,0,CONS-050,2026-09-11 14:53:28.198847,2026-09-11 14:53:28.198847
CRD-000792,CLI-001722,AG-CAS-06,CPT-002197,Crédit immobilier,107777.05,70055.08,0.0593,0.077,120,78,1192.76,2022-05-04,2022-06-03,2032-03-12,2025-10-15,42,78,0,En cours,Sans garantie,0.0,Investissement,609,B,594.98,,0,CONS-033,2026-09-11 14:53:28.201873,2026-09-11 14:53:28.201873
CRD-000793,CLI-004664,AG-CAS-02,CPT-005976,Crédit professionnel,113128.17,113128.17,0.0713,0.088,60,60,2247.02,2025-04-13,2025-05-13,2030-03-18,,0,60,0,En cours,Sans garantie,0.0,Investissement,507,C,1318.94,,0,CONS-003,2026-09-11 14:53:28.203870,2026-09-11 14:53:28.203870
CRD-000794,CLI-000176,AG-CAS-02,CPT-000219,Crédit immobilier,547502.78,387814.47,0.0647,0.0833,120,85,6208.43,2026-01-11,2026-02-10,2035-11-20,2028-11-26,35,85,0,En cours,Sans garantie,0.0,Fonds de roulement,601,B,2575.34,,0,CONS-008,2026-09-11 14:53:28.206874,2026-09-11 14:53:28.206874
CRD-000795,CLI-004894,AG-TÉT-01,CPT-006275,Crédit consommation,6326.32,3338.89,0.0347,0.0473,36,19,185.29,2022-11-24,2022-12-24,2025-11-08,2024-04-17,17,19,81,En cours (retard),Sans garantie,0.0,Équipement professionnel,703,C,175.17,2024-03-08,1,CONS-049,2026-09-11 14:53:28.209858,2026-09-11 14:53:28.209858
CRD-000796,CLI-001910,AG-CAS-05,CPT-002436,Crédit investissement,105974.13,50043.34,0.0454,0.058,36,17,3154.3,2026-04-11,2026-05-11,2029-03-26,2027-11-02,19,17,0,En cours,Sans garantie,0.0,Achat immobilier,766,A,582.14,,0,CONS-032,2026-09-11 14:53:28.212874,2026-09-11 14:53:28.212874
CRD-000797,CLI-000046,AG-KHO-01,CPT-000062,Crédit immobilier,289445.62,69949.36,0.0655,0.0801,120,29,3293.96,2026-07-29,2026-08-28,2036-06-06,2034-01-18,91,29,0,En cours,Sans garantie,0.0,Achat immobilier,554,C,491.57,,0,CONS-045,2026-09-11 14:53:28.216855,2026-09-11 14:53:28.216855
CRD-000798,CLI-003410,AG-BÉN-01,CPT-004349,Crédit équipement,26227.73,19670.8,0.0452,0.0583,12,9,2239.52,2022-01-14,2022-02-13,2023-01-09,2022-04-14,3,9,0,En cours,Nantissement,28876.4,Fonds de roulement,660,B,88.7,,0,CONS-006,2026-09-11 14:53:28.219855,2026-09-11 14:53:28.219855
CRD-000799,CLI-004675,AG-SAF-01,CPT-005990,Crédit professionnel,107822.24,80866.68,0.0402,0.0522,36,27,3184.3,2024-08-03,2024-09-02,2027-07-19,2025-04-30,9,27,12,En cours (retard),Garantie autonome,112423.47,Achat immobilier,596,C,1895.63,,0,CONS-009,2026-09-11 14:53:28.221855,2026-09-11 14:53:28.221855
CRD-000800,CLI-001076,AG-AGA-01,CPT-001371,Crédit professionnel,126208.13,87644.53,0.0603,0.072,36,25,3841.21,2023-12-18,2024-01-17,2026-12-02,2024-11-12,11,25,0,En cours,Nantissement,136559.37,Fonds de roulement,648,B,544.53,,0,CONS-004,2026-09-11 14:53:28.224856,2026-09-11 14:53:28.224856
CRD-000801,CLI-002830,AG-TÉT-01,CPT-003607,Crédit investissement,96693.32,72519.99,0.0767,0.082,60,45,1945.36,2024-03-19,2024-04-18,2029-02-21,2025-06-12,15,45,0,En cours,Nantissement,71939.6,Travaux,849,A,224.54,,0,CONS-039,2026-09-11 14:53:28.227855,2026-09-11 14:53:28.227855
CRD-000802,CLI-001505,AG-SAL-01,CPT-001933,Crédit consommation,18863.86,17815.87,0.0632,0.0773,36,34,576.61,2024-02-17,2024-03-18,2027-02-01,2024-04-17,2,34,16,En cours (retard),Nantissement,15295.75,Fonds de roulement,704,B,196.79,,0,CONS-040,2026-09-11 14:53:28.230869,2026-09-11 14:53:28.230869
CRD-000803,CLI-002310,AG-OUJ-01,CPT-002945,Crédit immobilier,177859.71,119561.25,0.073,0.0823,180,121,1628.63,2023-05-13,2023-06-12,2038-02-23,2028-03-17,59,121,0,En cours,Garantie autonome,146978.82,Équipement professionnel,507,C,313.7,,0,CONS-029,2026-09-11 14:53:28.233869,2026-09-11 14:53:28.233869
CRD-000804,CLI-001437,AG-CAS-03,CPT-001848,Crédit immobilier,385425.23,163805.72,0.0501,0.0651,120,51,4089.92,2022-03-16,2022-04-15,2032-01-23,2027-11-15,69,51,393,Contentieux,Sans garantie,0.0,Investissement,448,D,95471.34,2026-05-04,3,CONS-037,2026-09-11 14:53:28.235875,2026-09-11 14:53:28.235875
CRD-000805,CLI-002419,AG-SAF-01,CPT-003076,Crédit consommation,34173.55,27766.01,0.0521,0.0607,48,39,790.25,2024-02-22,2024-03-23,2028-02-01,2024-11-18,9,39,0,En cours,Hypothèque,27584.2,Travaux,574,C,177.41,,0,CONS-036,2026-09-11 14:53:28.238868,2026-09-11 14:53:28.238868
CRD-000806,CLI-003987,AG-SET-01,CPT-005096,Crédit consommation,12691.96,11105.47,0.0647,0.081,24,21,565.21,2023-11-12,2023-12-12,2025-11-01,2024-02-10,3,21,0,En cours,Hypothèque,9053.38,Achat immobilier,531,C,51.59,,0,CONS-025,2026-09-11 14:53:28.241872,2026-09-11 14:53:28.241872
CRD-000807,CLI-003099,AG-CAS-06,CPT-003953,Crédit consommation,3016.22,125.68,0.0604,0.0686,24,1,133.74,2021-09-30,2021-10-30,2023-09-20,2023-08-21,23,1,0,En cours,Caution personnelle,3543.51,Équipement professionnel,580,C,1.12,,0,CONS-041,2026-09-11 14:53:28.244850,2026-09-11 14:53:28.244850
CRD-000808,CLI-004589,AG-CAS-01,CPT-005885,Crédit équipement,20877.26,9858.71,0.0399,0.059,36,17,616.29,2024-02-04,2024-03-05,2027-01-19,2025-08-27,19,17,0,En cours,Sans garantie,0.0,Achat immobilier,495,C,76.11,,0,CONS-038,2026-09-11 14:53:28.246853,2026-09-11 14:53:28.246853
CRD-000809,CLI-000284,AG-CAS-01,CPT-000356,Crédit professionnel,73632.74,15340.15,0.0745,0.0913,48,10,1778.64,2025-08-08,2025-09-07,2029-07-18,2028-09-21,38,10,0,En cours,Garantie autonome,43395.18,Travaux,554,C,70.66,,0,CONS-019,2026-09-11 14:53:28.249852,2026-09-11 14:53:28.249852
CRD-000810,CLI-004919,AG-SAF-01,CPT-006305,Crédit immobilier,28210.78,26330.06,0.0799,0.0957,120,112,342.13,2023-08-06,2023-09-05,2033-06-14,2024-04-02,8,112,0,En cours,Sans garantie,0.0,Travaux,686,B,228.11,,0,CONS-020,2026-09-11 14:53:28.252851,2026-09-11 14:53:28.252851
CRD-000811,CLI-000843,AG-MOH-01,CPT-001075,Crédit immobilier,78221.49,44977.36,0.0318,0.047,120,69,761.83,2023-12-22,2024-01-21,2033-10-30,2028-02-29,51,69,0,En cours,Garantie autonome,80784.77,Achat immobilier,569,C,535.03,,0,CONS-033,2026-09-11 14:53:28.254850,2026-09-11 14:53:28.254850
CRD-000812,CLI-001514,AG-CAS-03,CPT-001943,Crédit immobilier,663674.96,342898.73,0.0513,0.0701,120,62,7081.55,2023-12-31,2024-01-30,2033-11-08,2028-10-05,58,62,0,En cours,Caution personnelle,467212.24,Travaux,554,C,3249.09,,0,CONS-037,2026-09-11 14:53:28.258850,2026-09-11 14:53:28.258850
CRD-000813,CLI-001169,AG-RAB-01,CPT-001494,Crédit immobilier,148899.57,79413.1,0.0774,0.0889,120,64,1786.17,2025-01-06,2025-02-05,2034-11-15,2029-08-13,56,64,0,En cours,Nantissement,108178.04,Investissement,580,C,539.86,,0,CONS-017,2026-09-11 14:53:28.263872,2026-09-11 14:53:28.263872
CRD-000814,CLI-001593,AG-RAB-03,CPT-002036,Crédit immobilier,139123.92,51012.1,0.0424,0.0579,240,88,860.76,2024-04-14,2024-05-14,2043-12-31,2036-10-08,152,88,11,En cours (retard),Garantie autonome,161027.57,Équipement professionnel,531,C,891.35,,0,CONS-028,2026-09-11 14:53:28.267991,2026-09-11 14:53:28.267991
CRD-000815,CLI-003461,AG-MAR-02,CPT-004417,Crédit automobile,40014.13,32511.48,0.0618,0.0779,48,39,943.04,2023-04-16,2023-05-16,2027-03-26,2024-01-11,9,39,76,En cours (retard),Sans garantie,0.0,Études,544,C,2906.52,2026-05-01,1,CONS-002,2026-09-11 14:53:28.271993,2026-09-11 14:53:28.271993
CRD-000816,CLI-003166,AG-CAS-01,CPT-004041,Crédit immobilier,198853.5,191120.31,0.0573,0.0653,180,173,1649.17,2025-11-20,2025-12-20,2040-09-02,2026-06-18,7,173,0,En cours,Garantie autonome,196859.58,Véhicule,531,C,1104.07,,0,CONS-028,2026-09-11 14:53:28.276198,2026-09-11 14:53:28.276198
CRD-000817,CLI-002285,AG-MAR-02,CPT-002910,Crédit équipement,5886.81,1226.42,0.0622,0.0711,24,5,261.49,2022-04-26,2022-05-26,2024-04-15,2023-11-17,19,5,0,En cours,Garantie autonome,3304.39,Véhicule,454,C,7.29,,0,CONS-027,2026-09-11 14:53:28.280203,2026-09-11 14:53:28.280203
CRD-000818,CLI-003576,AG-CAS-03,CPT-004568,Crédit consommation,25816.11,9322.48,0.0367,0.0523,36,13,758.41,2022-01-18,2022-02-17,2025-01-02,2023-12-09,23,13,0,En cours,Nantissement,24909.0,Travaux,715,A,87.14,,0,CONS-021,2026-09-11 14:53:28.284203,2026-09-11 14:53:28.284203
CRD-000819,CLI-004871,AG-SET-01,CPT-006245,Crédit consommation,4280.94,1962.1,0.0457,0.0611,24,11,186.99,2026-09-09,2026-10-09,2028-08-29,2027-10-04,13,11,0,En cours,Garantie autonome,2217.34,Fonds de roulement,688,B,17.14,,0,CONS-013,2026-09-11 14:53:28.288204,2026-09-11 14:53:28.288204
CRD-000820,CLI-002306,AG-FÈS-02,CPT-002939,Crédit consommation,13107.91,12015.58,0.0461,0.0587,12,11,1119.79,2023-01-12,2023-02-11,2024-01-07,2023-02-11,1,11,0,En cours,Garantie autonome,10728.69,Équipement professionnel,538,C,100.77,,0,CONS-020,2026-09-11 14:53:28.292201,2026-09-11 14:53:28.292201
CRD-000821,CLI-000953,AG-AGA-01,CPT-001216,Crédit automobile,48321.5,48321.5,0.0336,0.0533,60,60,876.03,2024-03-03,2024-04-02,2029-02-05,,0,60,0,En cours,Garantie autonome,49017.58,Véhicule,751,A,330.78,,0,CONS-018,2026-09-11 14:53:28.295202,2026-09-11 14:53:28.295202
CRD-000822,CLI-004943,AG-SAL-01,CPT-006334,Crédit immobilier,714577.08,696712.65,0.0457,0.0531,240,234,4547.81,2024-12-14,2025-01-13,2044-08-31,2025-06-12,6,234,0,En cours,Sans garantie,0.0,Études,524,C,12251.25,,0,CONS-024,2026-09-11 14:53:28.299204,2026-09-11 14:53:28.299204
CRD-000823,CLI-003054,AG-KHO-01,CPT-003896,Crédit consommation,20692.01,17243.34,0.0323,0.0382,12,10,1754.65,2023-08-08,2023-09-07,2024-08-02,2023-10-07,2,10,0,En cours,Garantie autonome,15166.74,Véhicule,612,B,65.11,,0,CONS-016,2026-09-11 14:53:28.303204,2026-09-11 14:53:28.303204
CRD-000824,CLI-004560,AG-MAR-02,CPT-005850,Crédit immobilier,1128256.06,742768.57,0.043,0.0586,120,79,11584.6,2025-12-15,2026-01-14,2035-10-24,2029-04-28,41,79,0,En cours,Caution personnelle,832345.64,Achat immobilier,569,C,3049.06,,0,CONS-044,2026-09-11 14:53:28.306198,2026-09-11 14:53:28.306198
CRD-000825,CLI-002686,AG-SET-01,CPT-003423,Crédit consommation,17322.92,4330.73,0.0733,0.079,12,3,1501.53,2026-04-03,2026-05-03,2027-03-29,2026-12-29,9,3,0,En cours,Sans garantie,0.0,Études,590,C,60.33,,0,CONS-009,2026-09-11 14:53:28.310199,2026-09-11 14:53:28.310199
CRD-000826,CLI-001490,AG-BÉN-01,CPT-001918,Crédit professionnel,477703.56,143311.07,0.0516,0.0673,60,18,9049.91,2025-09-27,2025-10-27,2030-09-01,2029-03-10,42,18,0,En cours,Garantie autonome,259941.91,Travaux,614,B,738.78,,0,CONS-029,2026-09-11 14:53:28.313204,2026-09-11 14:53:28.313204
CRD-000827,CLI-000928,AG-RAB-01,CPT-001183,Crédit automobile,55809.43,47670.55,0.0401,0.0589,48,41,1260.37,2023-03-06,2023-04-05,2027-02-13,2023-10-02,7,41,258,Contentieux,Caution personnelle,58788.49,Investissement,655,D,15375.95,2023-10-02,1,CONS-012,2026-09-11 14:53:28.317394,2026-09-11 14:53:28.317394
CRD-000828,CLI-001210,AG-TAN-02,CPT-001548,Crédit consommation,17129.51,0.0,0.0482,0.0546,48,0,393.09,2024-09-11,2024-10-11,2028-08-21,2028-08-21,48,0,0,En cours,Sans garantie,0.0,Véhicule,474,C,0.0,,0,CONS-030,2026-09-11 14:53:28.323585,2026-09-11 14:53:28.323585
CRD-000829,CLI-003974,AG-RAB-03,CPT-005079,Crédit équipement,16757.28,1396.44,0.0741,0.0835,12,1,1453.12,2026-08-26,2026-09-25,2027-08-21,2027-07-22,11,1,0,En cours,Nantissement,12159.2,Études,534,C,6.32,,0,CONS-036,2026-09-11 14:53:28.329761,2026-09-11 14:53:28.329761
CRD-000830,CLI-003546,AG-TÉT-01,CPT-004526,Crédit consommation,7506.1,0.0,0.074,0.0867,12,0,650.86,2024-02-28,2024-03-29,2025-02-22,2025-02-22,12,0,0,En cours,Sans garantie,0.0,Investissement,538,C,0.0,,0,CONS-050,2026-09-11 14:53:28.333762,2026-09-11 14:53:28.333762
CRD-000831,CLI-004362,AG-RAB-03,CPT-005595,Crédit consommation,3661.45,1118.78,0.0499,0.0674,36,11,109.72,2023-07-11,2023-08-10,2026-06-25,2025-07-30,25,11,0,En cours,Hypothèque,2241.41,Véhicule,614,B,5.45,,0,CONS-039,2026-09-11 14:53:28.337757,2026-09-11 14:53:28.338757
CRD-000832,CLI-001922,AG-SAL-01,CPT-002453,Crédit automobile,3620.92,1131.54,0.0532,0.0726,48,15,83.91,2022-01-14,2022-02-13,2025-12-24,2024-09-30,33,15,0,En cours,Sans garantie,0.0,Équipement professionnel,637,B,14.26,,0,CONS-032,2026-09-11 14:53:28.341760,2026-09-11 14:53:28.341760
CRD-000833,CLI-000352,AG-EL -01,CPT-000445,Crédit équipement,13517.17,5632.15,0.0513,0.0637,36,15,405.91,2023-06-22,2023-07-22,2026-06-06,2025-03-13,21,15,0,En cours,Hypothèque,6864.57,Investissement,741,A,31.22,,0,CONS-016,2026-09-11 14:53:28.345756,2026-09-11 14:53:28.345756
CRD-000834,CLI-004899,AG-FÈS-02,CPT-006281,Crédit professionnel,118601.22,84009.2,0.0339,0.0415,48,34,2645.65,2022-11-24,2022-12-24,2026-11-03,2024-01-18,14,34,0,En cours,Garantie autonome,114690.73,Études,784,A,324.55,,0,CONS-028,2026-09-11 14:53:28.348757,2026-09-11 14:53:28.348757
CRD-000835,CLI-003394,AG-CAS-05,CPT-004328,Crédit consommation,6924.04,961.67,0.0324,0.0396,36,5,202.09,2021-11-08,2021-12-08,2024-10-23,2024-05-26,31,5,0,En cours,Caution personnelle,6123.86,Études,613,B,8.24,,0,CONS-043,2026-09-11 14:53:28.353754,2026-09-11 14:53:28.353754
CRD-000836,CLI-002722,AG-EL -01,CPT-003469,Crédit équipement,28951.94,16084.41,0.068,0.0744,36,20,891.31,2026-03-12,2026-04-11,2029-02-24,2027-07-05,16,20,0,En cours,Hypothèque,33505.63,Véhicule,539,C,23.0,,0,CONS-020,2026-09-11 14:53:28.357993,2026-09-11 14:53:28.357993
CRD-000837,CLI-004982,AG-CAS-02,CPT-006385,Crédit consommation,9644.04,1205.51,0.0505,0.0652,48,6,222.31,2024-03-22,2024-04-21,2028-03-01,2027-09-03,42,6,130,Incident de paiement,Nantissement,7071.98,Études,589,D,149.98,2024-06-01,2,CONS-040,2026-09-11 14:53:28.362490,2026-09-11 14:53:28.362490
CRD-000838,CLI-000719,AG-CAS-05,CPT-000910,Crédit consommation,23213.07,19344.23,0.046,0.0615,24,20,1014.24,2021-09-15,2021-10-15,2023-09-05,2022-01-13,4,20,0,En cours,Caution personnelle,22579.38,Travaux,494,C,72.82,,0,CONS-024,2026-09-11 14:53:28.367640,2026-09-11 14:53:28.367640
CRD-000839,CLI-002703,AG-RAB-03,CPT-003444,Crédit automobile,37203.38,35963.27,0.0499,0.0632,60,58,701.9,2024-06-02,2024-07-02,2029-05-07,2024-08-01,2,58,0,En cours,Sans garantie,0.0,Achat immobilier,675,B,333.52,,0,CONS-019,2026-09-11 14:53:28.370976,2026-09-11 14:53:28.370976
CRD-000840,CLI-002723,AG-SAL-01,CPT-003470,Crédit immobilier,98182.82,65455.21,0.0503,0.0566,240,160,649.59,2024-12-02,2025-01-01,2044-08-19,2031-06-29,80,160,0,En cours,Sans garantie,0.0,Achat immobilier,698,B,325.61,,0,CONS-040,2026-09-11 14:53:28.375650,2026-09-11 14:53:28.375650
CRD-000841,CLI-004562,AG-RAB-02,CPT-005853,Crédit équipement,18424.27,1535.36,0.055,0.07,24,2,812.43,2025-12-01,2025-12-31,2027-11-21,2027-09-22,22,2,0,En cours,Sans garantie,0.0,Études,591,C,11.11,,0,CONS-006,2026-09-11 14:53:28.379903,2026-09-11 14:53:28.379903
CRD-000842,CLI-000309,AG-CAS-04,CPT-000389,Crédit immobilier,352872.19,255244.22,0.0481,0.0614,300,217,2023.98,2024-11-21,2024-12-21,2049-07-13,2031-09-16,83,217,0,En cours,Caution personnelle,421050.03,Travaux,590,C,745.77,,0,CONS-015,2026-09-11 14:53:28.383695,2026-09-11 14:53:28.383695
CRD-000843,CLI-001676,AG-AGA-01,CPT-002142,Crédit consommation,3290.03,2810.23,0.0672,0.073,48,41,78.36,2025-12-31,2026-01-30,2029-12-10,2026-07-29,7,41,0,En cours,Garantie autonome,2067.5,Véhicule,544,C,14.97,,0,CONS-048,2026-09-11 14:53:28.387823,2026-09-11 14:53:28.387823
CRD-000844,CLI-000834,AG-CAS-04,CPT-001064,Crédit consommation,5135.74,2032.9,0.0669,0.0801,48,19,122.24,2025-08-04,2025-09-03,2029-07-14,2027-12-22,29,19,0,En cours,Hypothèque,2640.27,Travaux,744,A,4.11,,0,CONS-016,2026-09-11 14:53:28.391797,2026-09-11 14:53:28.391797
CRD-000845,CLI-000367,AG-MAR-02,CPT-000461,Crédit consommation,10951.09,10038.5,0.0506,0.0677,24,22,480.73,2026-03-06,2026-04-05,2028-02-24,2026-05-05,2,22,49,En cours (retard),Caution personnelle,7784.36,Travaux,677,C,312.35,2026-05-18,3,CONS-037,2026-09-11 14:53:28.394802,2026-09-11 14:53:28.394802
CRD-000846,CLI-004507,AG-TAN-02,CPT-005777,Crédit immobilier,288451.69,230761.35,0.0775,0.088,180,144,2715.13,2026-05-21,2026-06-20,2041-03-03,2029-05-05,36,144,62,En cours (retard),Nantissement,148708.91,Investissement,619,C,7449.79,2026-07-31,1,CONS-009,2026-09-11 14:53:28.397807,2026-09-11 14:53:28.398798
CRD-000847,CLI-002079,AG-EL -01,CPT-002648,Crédit équipement,6002.81,3001.41,0.0714,0.0831,36,18,185.73,2026-02-22,2026-03-24,2029-02-06,2027-08-16,18,18,0,En cours,Sans garantie,0.0,Travaux,546,C,21.23,,0,CONS-040,2026-09-11 14:53:28.400796,2026-09-11 14:53:28.400796
CRD-000848,CLI-004039,AG-CAS-06,CPT-005163,Crédit consommation,17706.33,8853.17,0.0329,0.0526,36,18,517.19,2023-06-25,2023-07-25,2026-06-09,2024-12-16,18,18,0,En cours,Caution personnelle,11032.16,Achat immobilier,528,C,55.36,,0,CONS-038,2026-09-11 14:53:28.403799,2026-09-11 14:53:28.403799
CRD-000849,CLI-004847,AG-NAD-01,CPT-006214,Crédit immobilier,174147.55,101586.07,0.0586,0.0745,180,105,1456.42,2024-10-05,2024-11-04,2039-07-19,2030-12-03,75,105,0,En cours,Caution personnelle,119190.97,Fonds de roulement,700,A,255.53,,0,CONS-045,2026-09-11 14:53:28.406799,2026-09-11 14:53:28.406799
CRD-000850,CLI-004480,AG-EL -01,CPT-005743,Crédit automobile,10860.51,543.03,0.0624,0.0683,60,3,211.18,2025-08-20,2025-09-19,2030-07-25,2030-04-26,57,3,0,En cours,Caution personnelle,6273.09,Investissement,630,B,1.58,,0,CONS-009,2026-09-11 14:53:28.408799,2026-09-11 14:53:28.408799
CRD-000851,CLI-001747,AG-CAS-03,CPT-002227,Crédit automobile,65322.55,6532.25,0.0345,0.0521,60,6,1186.87,2025-02-04,2025-03-06,2030-01-09,2029-07-13,54,6,0,En cours,Garantie autonome,75240.79,Investissement,497,C,54.1,,0,CONS-033,2026-09-11 14:53:28.411796,2026-09-11 14:53:28.411796
CRD-000852,CLI-000020,AG-CAS-06,CPT-000033,Crédit immobilier,566760.13,415624.1,0.0608,0.0759,120,88,6314.99,2023-11-21,2023-12-21,2033-09-29,2026-07-08,32,88,0,En cours,Sans garantie,0.0,Études,519,C,2087.85,,0,CONS-042,2026-09-11 14:53:28.413797,2026-09-11 14:53:28.413797
CRD-000853,CLI-001323,AG-EL -01,CPT-001697,Crédit automobile,9221.4,960.56,0.0636,0.0764,48,5,218.09,2025-10-02,2025-11-01,2029-09-11,2029-04-14,43,5,0,En cours,Hypothèque,5073.18,Achat immobilier,511,C,4.51,,0,CONS-035,2026-09-11 14:53:28.416915,2026-09-11 14:53:28.416915
CRD-000854,CLI-003568,AG-FÈS-02,CPT-004558,Crédit immobilier,603009.12,335005.07,0.0681,0.0766,180,100,5356.16,2021-12-25,2022-01-24,2036-10-07,2028-07-21,80,100,0,En cours,Garantie autonome,642756.72,Achat immobilier,638,B,2130.9,,0,CONS-045,2026-09-11 14:53:28.419915,2026-09-11 14:53:28.419915
CRD-000855,CLI-002522,AG-CAS-01,CPT-003207,Crédit professionnel,646185.08,269243.78,0.0413,0.0485,36,15,19115.35,2024-08-06,2024-09-05,2027-07-22,2026-04-28,21,15,0,En cours,Nantissement,489141.49,Travaux,557,C,1807.24,,0,CONS-039,2026-09-11 14:53:28.421915,2026-09-11 14:53:28.421915
CRD-000856,CLI-000219,AG-KHO-01,CPT-000275,Crédit équipement,11105.04,7403.36,0.072,0.0784,12,8,961.91,2022-10-17,2022-11-16,2023-10-12,2023-02-14,4,8,0,En cours,Caution personnelle,10178.96,Investissement,626,B,45.2,,0,CONS-001,2026-09-11 14:53:28.425921,2026-09-11 14:53:28.425921
CRD-000857,CLI-001488,AG-SAF-01,CPT-001915,Crédit professionnel,109081.8,2597.19,0.0622,0.0721,84,2,1605.06,2023-05-31,2023-06-30,2030-04-24,2030-02-23,82,2,81,En cours (retard),Sans garantie,0.0,Investissement,656,C,138.43,2025-06-28,3,CONS-022,2026-09-11 14:53:28.428921,2026-09-11 14:53:28.428921
CRD-000858,CLI-000439,AG-MOH-01,CPT-000555,Crédit consommation,16126.85,8735.38,0.0742,0.0805,48,26,389.33,2022-02-07,2022-03-09,2026-01-17,2023-11-29,22,26,19,En cours (retard),Nantissement,12962.92,Travaux,593,C,111.49,,0,CONS-035,2026-09-11 14:53:28.431921,2026-09-11 14:53:28.431921
CRD-000859,CLI-004175,AG-FÈS-02,CPT-005348,Crédit investissement,88376.49,78065.9,0.0777,0.0899,60,53,1782.24,2024-07-13,2024-08-12,2029-06-17,2025-02-08,7,53,0,En cours,Nantissement,88267.53,Fonds de roulement,706,A,299.58,,0,CONS-034,2026-09-11 14:53:28.434922,2026-09-11 14:53:28.434922
CRD-000860,CLI-002751,AG-NAD-01,CPT-003504,Crédit investissement,29190.45,22865.85,0.0462,0.0524,60,47,545.79,2025-02-18,2025-03-20,2030-01-23,2026-03-15,13,47,0,En cours,Hypothèque,22090.83,Véhicule,660,B,90.56,,0,CONS-017,2026-09-11 14:53:28.437919,2026-09-11 14:53:28.437919
CRD-000861,CLI-003289,AG-SAF-01,CPT-004187,Crédit consommation,19837.86,7025.91,0.0627,0.0727,48,17,468.35,2022-06-05,2022-07-05,2026-05-15,2024-12-21,31,17,0,En cours,Garantie autonome,17025.1,Fonds de roulement,603,B,51.53,,0,CONS-028,2026-09-11 14:53:28.440924,2026-09-11 14:53:28.440924
CRD-000862,CLI-003434,AG-RAB-03,CPT-004378,Crédit consommation,8925.66,4462.83,0.0301,0.0436,12,6,755.99,2024-06-15,2024-07-15,2025-06-10,2024-12-12,6,6,0,En cours,Sans garantie,0.0,Achat immobilier,604,B,29.03,,0,CONS-031,2026-09-11 14:53:28.443936,2026-09-11 14:53:28.443936
CRD-000863,CLI-002526,AG-MAR-01,CPT-003213,Crédit équipement,44557.25,16708.97,0.0433,0.0549,24,9,1941.45,2022-07-17,2022-08-16,2024-07-06,2023-10-10,15,9,0,En cours,Sans garantie,0.0,Travaux,513,C,135.47,,0,CONS-050,2026-09-11 14:53:28.446939,2026-09-11 14:53:28.446939
CRD-000864,CLI-004651,AG-CAS-03,CPT-005958,Crédit immobilier,168717.18,52724.12,0.0748,0.089,240,75,1357.11,2023-02-17,2023-03-19,2042-11-04,2036-09-06,165,75,0,En cours,Garantie autonome,194492.14,Équipement professionnel,506,C,368.29,,0,CONS-026,2026-09-11 14:53:28.449936,2026-09-11 14:53:28.449936
CRD-000865,CLI-003689,AG-OUJ-01,CPT-004716,Crédit professionnel,147648.12,41013.37,0.0651,0.0779,36,10,4525.94,2025-09-20,2025-10-20,2028-09-04,2027-11-09,26,10,0,En cours,Hypothèque,132936.29,Investissement,580,C,235.39,,0,CONS-012,2026-09-11 14:53:28.452939,2026-09-11 14:53:28.452939
CRD-000866,CLI-002764,AG-SET-01,CPT-003522,Crédit professionnel,3619451.02,1628752.96,0.0538,0.0646,60,27,68935.42,2023-10-25,2023-11-24,2028-09-28,2026-07-11,33,27,0,En cours,Sans garantie,0.0,Investissement,553,C,11825.33,,0,CONS-005,2026-09-11 14:53:28.455939,2026-09-11 14:53:28.455939
CRD-000867,CLI-000803,AG-TAN-02,CPT-001024,Crédit automobile,10802.83,9002.36,0.0725,0.0914,24,20,484.9,2022-11-13,2022-12-13,2024-11-02,2023-03-13,4,20,0,En cours,Nantissement,11621.66,Études,687,B,37.83,,0,CONS-027,2026-09-11 14:53:28.457941,2026-09-11 14:53:28.457941
CRD-000868,CLI-002998,AG-LAÂ-01,CPT-003824,Crédit automobile,56887.31,14221.83,0.0795,0.0948,24,6,2571.56,2022-02-05,2022-03-07,2024-01-26,2023-07-30,18,6,0,En cours,Sans garantie,0.0,Véhicule,481,C,76.85,,0,CONS-049,2026-09-11 14:53:28.460923,2026-09-11 14:53:28.460923
CRD-000869,CLI-002229,AG-FÈS-01,CPT-002840,Crédit consommation,31277.82,16507.74,0.0579,0.0724,36,19,948.56,2026-01-11,2026-02-10,2028-12-26,2027-06-05,17,19,0,En cours,Sans garantie,0.0,Investissement,348,C,106.62,,0,CONS-036,2026-09-11 14:53:28.463923,2026-09-11 14:53:28.463923
CRD-000870,CLI-004786,AG-CAS-05,CPT-006139,Crédit investissement,64933.78,18939.02,0.0353,0.0485,48,14,1452.53,2025-10-25,2025-11-24,2029-10-04,2028-08-10,34,14,0,En cours,Hypothèque,64577.08,Achat immobilier,592,C,76.94,,0,CONS-001,2026-09-11 14:53:28.466921,2026-09-11 14:53:28.466921
CRD-000871,CLI-002078,AG-SAF-01,CPT-002647,Crédit immobilier,89005.62,12361.89,0.063,0.0812,180,25,765.58,2022-09-06,2022-10-06,2037-06-19,2035-05-31,155,25,0,En cours,Sans garantie,0.0,Travaux,494,C,96.77,,0,CONS-024,2026-09-11 14:53:28.469923,2026-09-11 14:53:28.469923
CRD-000872,CLI-000583,AG-EL -01,CPT-000739,Crédit consommation,21359.29,10679.65,0.0726,0.0855,12,6,1850.71,2023-10-16,2023-11-15,2024-10-10,2024-04-13,6,6,0,En cours,Hypothèque,24888.22,Véhicule,641,B,35.49,,0,CONS-022,2026-09-11 14:53:28.471920,2026-09-11 14:53:28.471920
CRD-000873,CLI-000204,AG-EL -01,CPT-000257,Crédit immobilier,95429.38,21471.61,0.0337,0.0459,120,27,937.86,2023-12-24,2024-01-23,2033-11-01,2031-08-14,93,27,0,En cours,Nantissement,96890.44,Achat immobilier,664,B,233.31,,0,CONS-046,2026-09-11 14:53:28.474920,2026-09-11 14:53:28.474920
CRD-000874,CLI-004347,AG-CAS-06,CPT-005575,Crédit équipement,17697.94,13273.45,0.0477,0.0626,48,36,405.73,2024-02-23,2024-03-24,2028-02-02,2025-02-17,12,36,0,En cours,Nantissement,20787.93,Équipement professionnel,495,C,43.61,,0,CONS-014,2026-09-11 14:53:28.477938,2026-09-11 14:53:28.477938
CRD-000875,CLI-003479,AG-KHO-01,CPT-004438,Crédit automobile,32535.03,25485.77,0.0682,0.083,60,47,641.47,2023-05-25,2023-06-24,2028-04-28,2024-06-18,13,47,0,En cours,Hypothèque,31338.78,Équipement professionnel,665,B,78.72,,0,CONS-043,2026-09-11 14:53:28.480940,2026-09-11 14:53:28.480940
CRD-000876,CLI-002930,AG-CAS-03,CPT-003737,Crédit consommation,4435.25,4342.85,0.073,0.0794,48,47,106.83,2022-08-01,2022-08-31,2026-07-11,2022-08-31,1,47,0,En cours,Hypothèque,2772.74,Investissement,479,C,18.7,,0,CONS-031,2026-09-11 14:53:28.482942,2026-09-11 14:53:28.482942
CRD-000877,CLI-003086,AG-MAR-02,CPT-003936,Crédit consommation,42518.5,2657.41,0.03,0.0466,48,3,941.12,2022-09-20,2022-10-20,2026-08-30,2026-06-01,45,3,0,En cours,Sans garantie,0.0,Fonds de roulement,614,B,19.55,,0,CONS-039,2026-09-11 14:53:28.485941,2026-09-11 14:53:28.485941
CRD-000878,CLI-001019,AG-OUJ-01,CPT-001296,Crédit immobilier,45476.43,757.94,0.0411,0.0553,300,5,242.81,2023-06-05,2023-07-05,2048-01-25,2047-08-28,295,5,0,En cours,Sans garantie,0.0,Fonds de roulement,631,B,9.12,,0,CONS-008,2026-09-11 14:53:28.488939,2026-09-11 14:53:28.488939
CRD-000879,CLI-001584,AG-MEK-01,CPT-002026,Crédit consommation,2571.52,2464.37,0.0572,0.071,24,23,113.65,2022-09-28,2022-10-28,2024-09-17,2022-10-28,1,23,81,En cours (retard),Garantie autonome,1361.65,Travaux,510,C,70.99,2024-11-27,1,CONS-028,2026-09-11 14:53:28.491081,2026-09-11 14:53:28.491081
CRD-000880,CLI-001033,AG-CAS-03,CPT-001316,Crédit professionnel,72550.39,7255.04,0.0327,0.0483,60,6,1312.36,2021-11-30,2021-12-30,2026-11-04,2026-05-08,54,6,0,En cours,Hypothèque,40436.81,Fonds de roulement,623,B,29.9,,0,CONS-010,2026-09-11 14:53:28.494083,2026-09-11 14:53:28.494083
CRD-000881,CLI-001719,AG-RAB-02,CPT-002194,Crédit investissement,237589.07,143543.4,0.0648,0.0716,48,29,5632.22,2026-02-13,2026-03-15,2030-01-23,2027-09-06,19,29,0,En cours,Garantie autonome,130700.99,Investissement,467,C,1153.73,,0,CONS-008,2026-09-11 14:53:28.498060,2026-09-11 14:53:28.498060
CRD-000882,CLI-001282,AG-FÈS-02,CPT-001645,Crédit automobile,88599.52,68295.46,0.0401,0.0598,48,37,2000.89,2021-12-26,2022-01-25,2025-12-05,2022-11-21,11,37,0,En cours,Hypothèque,85096.24,Études,470,C,298.59,,0,CONS-035,2026-09-11 14:53:28.502225,2026-09-11 14:53:28.502225
CRD-000883,CLI-002499,AG-CAS-02,CPT-003178,Crédit automobile,88752.54,73960.45,0.0416,0.0585,48,40,2010.31,2021-11-13,2021-12-13,2025-10-23,2022-07-11,8,40,0,En cours,Sans garantie,0.0,Équipement professionnel,732,A,397.26,,0,CONS-003,2026-09-11 14:53:28.505243,2026-09-11 14:53:28.505243
CRD-000884,CLI-003351,AG-BÉN-01,CPT-004268,Crédit équipement,9179.7,6884.78,0.0632,0.0802,12,9,791.41,2024-03-27,2024-04-26,2025-03-22,2024-06-25,3,9,64,En cours (retard),Nantissement,5419.74,Équipement professionnel,695,C,393.64,2025-04-10,3,CONS-008,2026-09-11 14:53:28.508244,2026-09-11 14:53:28.508244
CRD-000885,CLI-000518,AG-MAR-02,CPT-000657,Crédit équipement,4037.53,3028.15,0.0702,0.0761,12,9,349.39,2024-05-17,2024-06-16,2025-05-12,2024-08-15,3,9,112,Incident de paiement,Hypothèque,3767.52,Travaux,549,D,221.49,2025-09-07,2,CONS-017,2026-09-11 14:53:28.510248,2026-09-11 14:53:28.510248
CRD-000886,CLI-001748,AG-MEK-01,CPT-002229,Crédit automobile,40394.97,38711.85,0.0505,0.0671,24,23,1773.09,2022-06-30,2022-07-30,2024-06-19,2022-07-30,1,23,0,En cours,Caution personnelle,33654.84,Études,663,B,236.93,,0,CONS-036,2026-09-11 14:53:28.513240,2026-09-11 14:53:28.513240
CRD-000887,CLI-004653,AG-EL -01,CPT-005961,Crédit investissement,120567.95,63633.08,0.0498,0.0607,36,19,3612.45,2022-03-17,2022-04-16,2025-03-01,2023-08-09,17,19,0,En cours,Hypothèque,91518.56,Investissement,575,C,210.67,,0,CONS-044,2026-09-11 14:53:28.515241,2026-09-11 14:53:28.515241
CRD-000888,CLI-003733,AG-OUJ-01,CPT-004772,Crédit consommation,13641.84,9662.97,0.0636,0.0715,24,17,606.83,2025-12-25,2026-01-24,2027-12-15,2026-07-23,7,17,0,En cours,Sans garantie,0.0,Équipement professionnel,453,C,52.52,,0,CONS-008,2026-09-11 14:53:28.518245,2026-09-11 14:53:28.518245
CRD-000889,CLI-000669,AG-TAN-01,CPT-000846,Crédit automobile,68416.6,7601.84,0.0389,0.0586,36,4,2016.58,2022-06-08,2022-07-08,2025-05-23,2025-01-23,32,4,34,En cours (retard),Garantie autonome,63495.35,Achat immobilier,683,C,373.14,2025-07-18,1,CONS-023,2026-09-11 14:53:28.521243,2026-09-11 14:53:28.521243
CRD-000890,CLI-004060,AG-SAF-01,CPT-005192,Crédit consommation,36258.15,19639.83,0.0586,0.0644,48,26,849.2,2023-10-31,2023-11-30,2027-10-10,2025-08-21,22,26,0,En cours,Garantie autonome,31929.75,Investissement,771,A,134.89,,0,CONS-016,2026-09-11 14:53:28.523243,2026-09-11 14:53:28.523243
CRD-000891,CLI-003027,AG-CAS-01,CPT-003863,Crédit consommation,14506.0,12088.33,0.0352,0.0447,48,40,324.43,2024-05-29,2024-06-28,2028-05-08,2025-01-24,8,40,0,En cours,Caution personnelle,10022.42,Équipement professionnel,826,A,106.66,,0,CONS-003,2026-09-11 14:53:28.526243,2026-09-11 14:53:28.526243
CRD-000892,CLI-004933,AG-FÈS-02,CPT-006322,Crédit professionnel,483525.19,261909.48,0.0657,0.081,48,26,11482.39,2026-05-31,2026-06-30,2030-05-10,2028-03-21,22,26,0,En cours,Garantie autonome,397831.76,Fonds de roulement,565,C,2108.63,,0,CONS-045,2026-09-11 14:53:28.528243,2026-09-11 14:53:28.528243
CRD-000893,CLI-003287,AG-KHO-01,CPT-004184,Crédit automobile,31112.22,19704.41,0.0536,0.0623,60,38,592.27,2023-09-22,2023-10-22,2028-08-26,2025-07-13,22,38,0,En cours,Nantissement,25718.95,Véhicule,727,A,175.32,,0,CONS-025,2026-09-11 14:53:28.531244,2026-09-11 14:53:28.531244
CRD-000894,CLI-002651,AG-CAS-03,CPT-003374,Crédit professionnel,428792.03,188872.68,0.0567,0.0668,84,37,6196.42,2022-08-03,2022-09-02,2029-06-27,2026-06-13,47,37,116,Incident de paiement,Sans garantie,0.0,Achat immobilier,591,D,24434.96,2022-10-25,2,CONS-039,2026-09-11 14:53:28.533243,2026-09-11 14:53:28.533243
CRD-000895,CLI-004454,AG-MEK-01,CPT-005709,Crédit consommation,6729.75,3224.67,0.0548,0.0711,48,23,156.45,2022-05-27,2022-06-26,2026-05-06,2024-06-15,25,23,0,En cours,Sans garantie,0.0,Investissement,591,C,20.4,,0,CONS-036,2026-09-11 14:53:28.536243,2026-09-11 14:53:28.536243
CRD-000896,CLI-003193,AG-TAN-01,CPT-004071,Crédit automobile,54697.1,27348.55,0.0584,0.0677,24,12,2420.27,2023-11-24,2023-12-24,2025-11-13,2024-11-18,12,12,0,En cours,Garantie autonome,62132.71,Investissement,526,C,158.35,,0,CONS-050,2026-09-11 14:53:28.538243,2026-09-11 14:53:28.538243
CRD-000897,CLI-002125,AG-FÈS-01,CPT-002705,Crédit professionnel,83338.65,55559.1,0.0641,0.0823,36,24,2550.83,2023-03-20,2023-04-19,2026-03-04,2024-03-14,12,24,0,En cours,Hypothèque,82072.2,Études,679,B,205.51,,0,CONS-035,2026-09-11 14:53:28.541380,2026-09-11 14:53:28.541380
CRD-000898,CLI-003376,AG-CAS-01,CPT-004304,Crédit équipement,9868.94,2467.24,0.0364,0.0525,24,6,426.98,2025-07-28,2025-08-27,2027-07-18,2027-01-19,18,6,0,En cours,Caution personnelle,9996.5,Études,535,C,18.65,,0,CONS-041,2026-09-11 14:53:28.543384,2026-09-11 14:53:28.543384
CRD-000899,CLI-003393,AG-TAN-01,CPT-004327,Crédit immobilier,548425.87,149293.71,0.0788,0.0907,180,49,5203.12,2024-05-12,2024-06-11,2039-02-23,2035-02-14,131,49,0,En cours,Nantissement,644607.91,Travaux,817,A,962.62,,0,CONS-013,2026-09-11 14:53:28.546384,2026-09-11 14:53:28.546384
CRD-000900,CLI-003486,AG-SAL-01,CPT-004445,Crédit immobilier,492114.62,8201.91,0.0762,0.0824,120,2,5872.36,2022-07-05,2022-08-04,2032-05-13,2032-03-14,118,2,0,En cours,Garantie autonome,316946.23,Fonds de roulement,635,B,71.53,,0,CONS-014,2026-09-11 14:53:28.548631,2026-09-11 14:53:28.548631
CRD-000901,CLI-000760,AG-AGA-01,CPT-000962,Crédit consommation,9535.02,3178.34,0.0367,0.049,12,4,810.47,2024-07-06,2024-08-05,2025-07-01,2025-03-03,8,4,121,Incident de paiement,Sans garantie,0.0,Fonds de roulement,732,D,647.89,2026-03-19,3,CONS-033,2026-09-11 14:53:28.551676,2026-09-11 14:53:28.551676
CRD-000902,CLI-003380,AG-EL -01,CPT-004308,Crédit équipement,8416.82,0.0,0.0614,0.0679,12,0,724.95,2022-11-29,2022-12-29,2023-11-24,2023-11-24,12,0,0,En cours,Sans garantie,0.0,Investissement,662,B,0.0,,0,CONS-044,2026-09-11 14:53:28.554675,2026-09-11 14:53:28.554675
CRD-000903,CLI-004441,AG-KHE-01,CPT-005692,Crédit immobilier,279134.04,120958.08,0.0784,0.0951,180,78,2641.83,2025-01-04,2025-02-03,2039-10-18,2033-05-22,102,78,208,Contentieux,Nantissement,299873.97,Équipement professionnel,773,D,29339.99,2025-12-02,1,CONS-003,2026-09-11 14:53:28.557671,2026-09-11 14:53:28.557671
CRD-000904,CLI-002527,AG-RAB-02,CPT-003214,Crédit consommation,13547.04,5926.83,0.065,0.0735,48,21,321.27,2025-08-12,2025-09-11,2029-07-22,2027-10-31,27,21,79,En cours (retard),Sans garantie,0.0,Études,530,C,482.49,2026-04-08,2,CONS-003,2026-09-11 14:53:28.559678,2026-09-11 14:53:28.559678
CRD-000905,CLI-004859,AG-TÉT-01,CPT-006231,Crédit immobilier,134975.32,58939.22,0.0328,0.0486,300,131,659.9,2026-05-07,2026-06-06,2050-12-27,2040-03-24,169,131,0,En cours,Sans garantie,0.0,Investissement,625,B,684.74,,0,CONS-007,2026-09-11 14:53:28.562678,2026-09-11 14:53:28.562678
CRD-000906,CLI-000908,AG-KHE-01,CPT-001157,Crédit professionnel,117882.53,32745.15,0.0564,0.066,36,10,3567.02,2022-09-10,2022-10-10,2025-08-25,2024-10-29,26,10,0,En cours,Hypothèque,75931.95,Équipement professionnel,334,C,173.74,,0,CONS-033,2026-09-11 14:53:28.565674,2026-09-11 14:53:28.565674
CRD-000907,CLI-002684,AG-KÉN-01,CPT-003420,Crédit immobilier,262639.39,214488.84,0.0452,0.0596,300,245,1462.82,2023-03-14,2023-04-13,2047-11-03,2027-09-19,55,245,0,En cours,Hypothèque,237390.02,Équipement professionnel,535,C,468.14,,0,CONS-001,2026-09-11 14:53:28.568677,2026-09-11 14:53:28.568677
CRD-000908,CLI-000215,AG-CAS-06,CPT-000271,Crédit automobile,22264.89,19945.63,0.0634,0.0789,48,43,526.37,2026-07-18,2026-08-17,2030-06-27,2026-12-15,5,43,0,En cours,Nantissement,18621.85,Études,473,C,62.53,,0,CONS-021,2026-09-11 14:53:28.570678,2026-09-11 14:53:28.570678
CRD-000909,CLI-003332,AG-TAN-01,CPT-004241,Crédit consommation,7552.19,2517.4,0.0584,0.0673,12,4,649.43,2023-06-03,2023-07-03,2024-05-28,2024-01-29,8,4,325,Contentieux,Hypothèque,8496.37,Études,300,D,301.96,2025-12-05,3,CONS-049,2026-09-11 14:53:28.573678,2026-09-11 14:53:28.573678
CRD-000910,CLI-004459,AG-CAS-01,CPT-005716,Crédit consommation,8646.91,0.0,0.0405,0.0513,24,0,375.68,2025-12-02,2026-01-01,2027-11-22,2027-11-22,24,0,0,En cours,Nantissement,10039.83,Achat immobilier,569,C,0.0,,0,CONS-006,2026-09-11 14:53:28.576676,2026-09-11 14:53:28.576676
CRD-000911,CLI-000694,AG-FÈS-01,CPT-000878,Crédit investissement,122504.85,94430.82,0.0582,0.0692,48,37,2866.93,2024-08-05,2024-09-04,2028-07-15,2025-07-01,11,37,0,En cours,Sans garantie,0.0,Fonds de roulement,465,C,1243.16,,0,CONS-013,2026-09-11 14:53:28.579653,2026-09-11 14:53:28.579653
CRD-000912,CLI-001504,AG-BÉN-01,CPT-001932,Crédit consommation,17647.96,4902.21,0.0764,0.0857,36,10,550.1,2024-01-26,2024-02-25,2027-01-10,2026-03-16,26,10,0,En cours,Garantie autonome,11631.24,Véhicule,732,A,39.22,,0,CONS-003,2026-09-11 14:53:28.581655,2026-09-11 14:53:28.581655
CRD-000913,CLI-002415,AG-TÉT-01,CPT-003071,Crédit consommation,14656.55,14249.42,0.0439,0.0514,36,35,435.27,2022-12-05,2023-01-04,2025-11-19,2023-01-04,1,35,0,En cours,Sans garantie,0.0,Travaux,514,C,136.43,,0,CONS-036,2026-09-11 14:53:28.584653,2026-09-11 14:53:28.584653
CRD-000914,CLI-002119,AG-EL -01,CPT-002697,Crédit immobilier,414869.37,334200.33,0.0447,0.0561,180,145,3167.37,2023-06-22,2023-07-22,2038-04-04,2026-05-07,35,145,0,En cours,Garantie autonome,444740.88,Équipement professionnel,663,B,3158.56,,0,CONS-015,2026-09-11 14:53:28.586656,2026-09-11 14:53:28.586656
CRD-000915,CLI-003859,AG-RAB-03,CPT-004937,Crédit immobilier,3669939.98,1733027.21,0.0645,0.0698,180,85,31868.33,2023-05-05,2023-06-04,2038-02-15,2031-02-22,95,85,0,En cours,Hypothèque,3365860.94,Équipement professionnel,591,C,7318.72,,0,CONS-044,2026-09-11 14:53:28.589654,2026-09-11 14:53:28.589654
CRD-000916,CLI-002463,AG-EL -01,CPT-003135,Crédit automobile,37867.49,31556.24,0.051,0.0609,60,50,716.34,2025-07-02,2025-08-01,2030-06-06,2026-04-28,10,50,0,En cours,Garantie autonome,41108.24,Études,572,C,192.56,,0,CONS-021,2026-09-11 14:53:28.592893,2026-09-11 14:53:28.592893
CRD-000917,CLI-003636,AG-RAB-01,CPT-004649,Crédit équipement,10696.27,2228.39,0.0301,0.0413,48,10,236.8,2023-07-30,2023-08-29,2027-07-09,2026-09-12,38,10,0,En cours,Garantie autonome,12381.65,Fonds de roulement,508,C,11.73,,0,CONS-001,2026-09-11 14:53:28.595912,2026-09-11 14:53:28.595912
CRD-000918,CLI-004106,AG-TAN-01,CPT-005254,Crédit professionnel,84502.48,49293.11,0.0416,0.0497,36,21,2500.87,2026-07-03,2026-08-02,2029-06-17,2027-09-26,15,21,0,En cours,Caution personnelle,57339.35,Véhicule,762,A,421.27,,0,CONS-026,2026-09-11 14:53:28.599021,2026-09-11 14:53:28.599021
CRD-000919,CLI-004479,AG-KÉN-01,CPT-005742,Crédit immobilier,524752.89,428548.19,0.06,0.0676,120,98,5825.83,2022-04-05,2022-05-05,2032-02-12,2024-01-25,22,98,0,En cours,Sans garantie,0.0,Équipement professionnel,483,C,2546.79,,0,CONS-037,2026-09-11 14:53:28.602046,2026-09-11 14:53:28.602046
CRD-000920,CLI-000197,AG-MAR-01,CPT-000248,Crédit consommation,5882.43,4411.82,0.0309,0.0471,24,18,253.07,2026-03-05,2026-04-04,2028-02-23,2026-09-01,6,18,0,En cours,Garantie autonome,4423.2,Travaux,428,C,12.7,,0,CONS-048,2026-09-11 14:53:28.604047,2026-09-11 14:53:28.604047
CRD-000921,CLI-004668,AG-BÉN-01,CPT-005981,Crédit consommation,17858.05,12401.42,0.0352,0.0512,36,25,523.44,2022-08-01,2022-08-31,2025-07-16,2023-06-27,11,25,0,En cours,Sans garantie,0.0,Études,396,C,119.92,,0,CONS-021,2026-09-11 14:53:28.607046,2026-09-11 14:53:28.607046
CRD-000922,CLI-001544,AG-RAB-03,CPT-001977,Crédit immobilier,193538.62,34191.82,0.0704,0.0797,300,53,1372.83,2026-03-31,2026-04-30,2050-11-20,2046-07-14,247,53,0,En cours,Hypothèque,190527.27,Investissement,550,C,118.75,,0,CONS-019,2026-09-11 14:53:28.610046,2026-09-11 14:53:28.610046
CRD-000923,CLI-001331,AG-SAL-01,CPT-001709,Crédit automobile,80621.49,60466.12,0.0728,0.0867,24,18,3619.87,2025-02-20,2025-03-22,2027-02-10,2025-08-19,6,18,0,En cours,Caution personnelle,51065.76,Travaux,635,B,213.63,,0,CONS-005,2026-09-11 14:53:28.613047,2026-09-11 14:53:28.613047
CRD-000924,CLI-000880,AG-RAB-03,CPT-001124,Crédit équipement,67829.63,37683.13,0.0739,0.0867,36,20,2106.5,2023-08-19,2023-09-18,2026-08-03,2024-12-11,16,20,0,En cours,Hypothèque,52011.11,Véhicule,748,A,70.64,,0,CONS-017,2026-09-11 14:53:28.615048,2026-09-11 14:53:28.615048
CRD-000925,CLI-004503,AG-FÈS-02,CPT-005773,Crédit immobilier,375414.74,337873.27,0.0679,0.0786,240,216,2863.45,2024-05-01,2024-05-31,2044-01-17,2026-04-21,24,216,0,En cours,Nantissement,344796.73,Véhicule,538,C,1641.95,,0,CONS-007,2026-09-11 14:53:28.618046,2026-09-11 14:53:28.618046
CRD-000926,CLI-003502,AG-CAS-05,CPT-004467,Crédit automobile,33248.26,11082.75,0.0625,0.0815,24,8,1477.33,2025-04-09,2025-05-09,2027-03-30,2026-08-02,16,8,0,En cours,Garantie autonome,19957.56,Équipement professionnel,782,A,95.41,,0,CONS-019,2026-09-11 14:53:28.620046,2026-09-11 14:53:28.620046
CRD-000927,CLI-003895,AG-KHE-01,CPT-004979,Crédit automobile,10698.25,2971.74,0.0362,0.0558,36,10,314.05,2021-10-05,2021-11-04,2024-09-19,2023-11-24,26,10,0,En cours,Garantie autonome,7846.5,Fonds de roulement,572,C,30.8,,0,CONS-026,2026-09-11 14:53:28.623046,2026-09-11 14:53:28.623046
CRD-000928,CLI-004991,AG-AGA-01,CPT-006394,Crédit automobile,21136.21,1174.23,0.043,0.0508,36,2,626.85,2024-05-29,2024-06-28,2027-05-14,2027-03-15,34,2,0,En cours,Sans garantie,0.0,Travaux,611,B,5.34,,0,CONS-030,2026-09-11 14:53:28.626043,2026-09-11 14:53:28.626043
CRD-000929,CLI-000888,AG-TAN-02,CPT-001135,Crédit équipement,17201.58,17201.58,0.0496,0.0584,48,48,395.83,2022-06-15,2022-07-15,2026-05-25,,0,48,0,En cours,Caution personnelle,10008.31,Travaux,669,B,43.14,,0,CONS-025,2026-09-11 14:53:28.629047,2026-09-11 14:53:28.629047
CRD-000930,CLI-001346,AG-RAB-01,CPT-001726,Crédit consommation,18374.29,13015.12,0.0371,0.0427,48,34,412.49,2022-04-06,2022-05-06,2026-03-16,2023-05-31,14,34,0,En cours,Sans garantie,0.0,Achat immobilier,460,C,160.58,,0,CONS-034,2026-09-11 14:53:28.632047,2026-09-11 14:53:28.632047
CRD-000931,CLI-000069,AG-AGA-01,CPT-000090,Crédit automobile,96679.53,68481.33,0.0583,0.0674,48,34,2262.99,2023-06-16,2023-07-16,2027-05-26,2024-08-09,14,34,0,En cours,Garantie autonome,73321.61,Études,705,A,357.93,,0,CONS-014,2026-09-11 14:53:28.634049,2026-09-11 14:53:28.634049
CRD-000932,CLI-004211,AG-CAS-03,CPT-005392,Crédit consommation,12838.09,1069.84,0.0487,0.0665,24,2,562.48,2024-10-11,2024-11-10,2026-10-01,2026-08-02,22,2,0,En cours,Sans garantie,0.0,Études,326,C,7.78,,0,CONS-002,2026-09-11 14:53:28.637047,2026-09-11 14:53:28.637047
CRD-000933,CLI-001816,AG-TAN-02,CPT-002314,Crédit consommation,23499.61,7833.2,0.0528,0.0601,12,4,2014.76,2023-02-17,2023-03-19,2024-02-12,2023-10-15,8,4,0,En cours,Caution personnelle,22350.42,Travaux,716,A,43.94,,0,CONS-025,2026-09-11 14:53:28.640034,2026-09-11 14:53:28.640034
CRD-000934,CLI-000569,AG-MEK-01,CPT-000721,Crédit consommation,12443.61,5703.32,0.0652,0.0807,24,11,554.43,2026-01-18,2026-02-17,2028-01-08,2027-02-12,13,11,0,En cours,Sans garantie,0.0,Achat immobilier,427,C,27.42,,0,CONS-009,2026-09-11 14:53:28.643025,2026-09-11 14:53:28.643025
CRD-000935,CLI-002168,AG-MAR-02,CPT-002767,Crédit automobile,17284.24,16131.96,0.0365,0.0472,60,56,315.59,2023-01-27,2023-02-26,2028-01-01,2023-05-27,4,56,166,Incident de paiement,Nantissement,16030.93,Équipement professionnel,500,D,1768.89,2024-04-12,3,CONS-040,2026-09-11 14:53:28.646025,2026-09-11 14:53:28.646025
CRD-000936,CLI-000097,AG-EL -01,CPT-000126,Crédit équipement,25539.05,14897.78,0.073,0.0784,24,14,1146.93,2025-02-23,2025-03-25,2027-02-13,2025-12-20,10,14,0,En cours,Caution personnelle,21398.4,Travaux,600,B,63.88,,0,CONS-033,2026-09-11 14:53:28.648027,2026-09-11 14:53:28.648027
CRD-000937,CLI-004182,AG-KHE-01,CPT-005355,Crédit immobilier,467144.72,290667.83,0.0477,0.0553,180,112,3638.42,2023-11-28,2023-12-28,2038-09-10,2029-06-29,68,112,0,En cours,Sans garantie,0.0,Achat immobilier,523,C,1098.58,,0,CONS-038,2026-09-11 14:53:28.651026,2026-09-11 14:53:28.651026
CRD-000938,CLI-003354,AG-LAÂ-01,CPT-004273,Crédit immobilier,4516475.61,4177739.94,0.0718,0.0816,120,111,52860.06,2026-04-05,2026-05-05,2036-02-12,2026-12-31,9,111,0,En cours,Nantissement,2892892.2,Achat immobilier,370,C,10472.03,,0,CONS-004,2026-09-11 14:53:28.653026,2026-09-11 14:53:28.653026
CRD-000939,CLI-000140,AG-TÉT-01,CPT-000178,Crédit consommation,32745.46,10005.56,0.053,0.0586,36,11,985.83,2026-08-25,2026-09-24,2029-08-09,2028-09-13,25,11,0,En cours,Sans garantie,0.0,Études,736,A,101.23,,0,CONS-048,2026-09-11 14:53:28.656027,2026-09-11 14:53:28.656027
CRD-000940,CLI-004955,AG-SAL-01,CPT-006351,Crédit immobilier,113321.55,94434.62,0.0429,0.0485,300,250,616.45,2024-07-11,2024-08-10,2049-03-02,2028-08-19,50,250,161,Incident de paiement,Caution personnelle,61241.87,Investissement,586,D,10866.34,2025-08-08,1,CONS-037,2026-09-11 14:53:28.659025,2026-09-11 14:53:28.659025
CRD-000941,CLI-002603,AG-RAB-02,CPT-003312,Crédit consommation,22380.13,19582.61,0.0483,0.0665,24,21,980.14,2024-01-04,2024-02-03,2025-12-24,2024-04-03,3,21,0,En cours,Hypothèque,19062.4,Achat immobilier,850,A,78.52,,0,CONS-032,2026-09-11 14:53:28.661043,2026-09-11 14:53:28.661043
CRD-000942,CLI-004024,AG-MEK-01,CPT-005143,Crédit consommation,9065.98,6295.82,0.0335,0.0464,36,25,265.05,2024-05-05,2024-06-04,2027-04-20,2025-03-31,11,25,6,En cours (retard),Sans garantie,0.0,Équipement professionnel,810,B,164.16,,0,CONS-002,2026-09-11 14:53:28.664049,2026-09-11 14:53:28.664049
CRD-000943,CLI-004773,AG-NAD-01,CPT-006122,Crédit consommation,10703.98,3567.99,0.0334,0.0514,36,12,312.89,2026-03-24,2026-04-23,2029-03-08,2028-03-13,24,12,0,En cours,Nantissement,7174.26,Véhicule,661,B,21.6,,0,CONS-042,2026-09-11 14:53:28.667205,2026-09-11 14:53:28.667205
CRD-000944,CLI-001607,AG-KÉN-01,CPT-002054,Crédit équipement,19365.82,5244.91,0.0707,0.0839,48,13,464.37,2024-01-13,2024-02-12,2027-12-23,2026-11-28,35,13,0,En cours,Hypothèque,11491.16,Travaux,519,C,9.65,,0,CONS-015,2026-09-11 14:53:28.670219,2026-09-11 14:53:28.670219
CRD-000945,CLI-001630,AG-MOH-01,CPT-002085,Crédit équipement,31777.08,12578.43,0.0481,0.0651,48,19,729.07,2023-08-24,2023-09-23,2027-08-03,2026-01-10,29,19,0,En cours,Sans garantie,0.0,Fonds de roulement,626,B,109.91,,0,CONS-027,2026-09-11 14:53:28.673223,2026-09-11 14:53:28.673223
CRD-000946,CLI-001540,AG-RAB-01,CPT-001972,Crédit professionnel,20897.78,18808.0,0.0764,0.0879,60,54,420.14,2026-08-11,2026-09-10,2031-07-16,2027-02-07,6,54,0,En cours,Hypothèque,12244.62,Travaux,641,B,86.08,,0,CONS-045,2026-09-11 14:53:28.676220,2026-09-11 14:53:28.676220
CRD-000947,CLI-001695,AG-KHE-01,CPT-002164,Crédit professionnel,337886.55,201122.95,0.0681,0.0741,84,50,5068.29,2023-10-28,2023-11-27,2030-09-21,2026-08-13,34,50,120,Incident de paiement,Caution personnelle,297159.91,Véhicule,590,D,13357.52,2026-08-16,1,CONS-008,2026-09-11 14:53:28.679221,2026-09-11 14:53:28.679221
CRD-000948,CLI-002060,AG-AGA-01,CPT-002624,Crédit automobile,48516.19,41777.83,0.0728,0.0779,36,31,1504.26,2025-07-26,2025-08-25,2028-07-10,2025-12-23,5,31,0,En cours,Caution personnelle,48172.01,Achat immobilier,614,B,149.25,,0,CONS-036,2026-09-11 14:53:28.681223,2026-09-11 14:53:28.681223
CRD-000949,CLI-000464,AG-CAS-06,CPT-000586,Crédit automobile,35097.22,9944.21,0.043,0.0551,60,17,651.13,2025-11-25,2025-12-25,2030-10-30,2029-06-07,43,17,0,En cours,Garantie autonome,30787.0,Investissement,454,C,58.71,,0,CONS-029,2026-09-11 14:53:28.684217,2026-09-11 14:53:28.684217
CRD-000950,CLI-002331,AG-MEK-01,CPT-002970,Crédit professionnel,1092674.42,546337.21,0.0654,0.0836,84,42,16246.77,2023-07-27,2023-08-26,2030-06-20,2027-01-07,42,42,0,En cours,Nantissement,827443.6,Travaux,710,A,3308.95,,0,CONS-037,2026-09-11 14:53:28.687221,2026-09-11 14:53:28.687221
CRD-000951,CLI-003044,AG-CAS-06,CPT-003885,Crédit équipement,14578.42,10326.38,0.0553,0.0684,24,17,643.04,2024-12-08,2025-01-07,2026-11-28,2025-07-06,7,17,6,En cours (retard),Garantie autonome,17447.23,Études,721,B,92.73,,0,CONS-042,2026-09-11 14:53:28.690220,2026-09-11 14:53:28.690220
CRD-000952,CLI-004735,AG-TÉT-01,CPT-006067,Crédit immobilier,25223.58,1366.28,0.0418,0.0603,240,13,155.25,2022-12-10,2023-01-09,2042-08-27,2041-08-02,227,13,25,En cours (retard),Caution personnelle,13762.68,Travaux,722,B,20.76,,0,CONS-001,2026-09-11 14:53:28.692216,2026-09-11 14:53:28.692216
CRD-000953,CLI-000595,AG-FÈS-02,CPT-000751,Crédit immobilier,972601.52,329603.85,0.0531,0.0626,180,61,7849.24,2023-02-21,2023-03-23,2037-12-04,2032-11-30,119,61,0,En cours,Hypothèque,810169.51,Achat immobilier,529,C,1702.45,,0,CONS-045,2026-09-11 14:53:28.695203,2026-09-11 14:53:28.695203
CRD-000954,CLI-003815,AG-AGA-02,CPT-004878,Crédit immobilier,169368.51,139023.32,0.0749,0.0948,240,197,1363.39,2022-09-01,2022-10-01,2042-05-19,2026-03-14,43,197,0,En cours,Hypothèque,151835.43,Achat immobilier,524,C,1020.79,,0,CONS-014,2026-09-11 14:53:28.698203,2026-09-11 14:53:28.698203
CRD-000955,CLI-000626,AG-KHE-01,CPT-000786,Crédit automobile,75746.33,39977.23,0.0458,0.0571,36,19,2255.93,2023-05-25,2023-06-24,2026-05-09,2024-10-16,17,19,0,En cours,Nantissement,82020.82,Équipement professionnel,566,C,109.26,,0,CONS-024,2026-09-11 14:53:28.701423,2026-09-11 14:53:28.701423
CRD-000956,CLI-000451,AG-MAR-01,CPT-000569,Crédit immobilier,1539145.5,1256968.82,0.0528,0.0653,120,98,16536.49,2021-09-15,2021-10-15,2031-07-25,2023-07-07,22,98,0,En cours,Hypothèque,1492910.91,Travaux,594,C,3886.1,,0,CONS-037,2026-09-11 14:53:28.705406,2026-09-11 14:53:28.705406
CRD-000957,CLI-001500,AG-SET-01,CPT-001928,Crédit immobilier,128951.0,54804.18,0.0473,0.0595,120,51,1350.77,2021-09-12,2021-10-12,2031-07-22,2027-05-14,69,51,0,En cours,Garantie autonome,96420.86,Investissement,491,C,287.51,,0,CONS-038,2026-09-11 14:53:28.708404,2026-09-11 14:53:28.708404
CRD-000958,CLI-002457,AG-RAB-03,CPT-003127,Crédit consommation,20698.43,16386.26,0.0393,0.0466,24,19,898.18,2021-10-16,2021-11-15,2023-10-06,2022-03-15,5,19,0,En cours,Hypothèque,17973.0,Études,563,C,40.6,,0,CONS-021,2026-09-11 14:53:28.711422,2026-09-11 14:53:28.711422
CRD-000959,CLI-004723,AG-SAF-01,CPT-006052,Crédit consommation,26081.65,23908.18,0.0341,0.0533,12,11,2213.83,2023-04-30,2023-05-30,2024-04-24,2023-05-30,1,11,0,En cours,Sans garantie,0.0,Équipement professionnel,622,B,144.33,,0,CONS-032,2026-09-11 14:53:28.714421,2026-09-11 14:53:28.714421
CRD-000960,CLI-002985,AG-CAS-03,CPT-003810,Crédit professionnel,33342.9,1587.76,0.0655,0.071,84,4,495.93,2025-06-27,2025-07-27,2032-05-21,2032-01-22,80,4,63,En cours (retard),Hypothèque,30041.35,Études,741,C,44.27,2025-11-18,2,CONS-001,2026-09-11 14:53:28.717420,2026-09-11 14:53:28.717420
CRD-000961,CLI-001570,AG-TAN-01,CPT-002011,Crédit équipement,23928.06,4985.01,0.0453,0.0584,48,10,545.97,2025-10-29,2025-11-28,2029-10-08,2028-12-12,38,10,0,En cours,Garantie autonome,14378.17,Achat immobilier,689,B,45.73,,0,CONS-029,2026-09-11 14:53:28.719423,2026-09-11 14:53:28.719423
CRD-000962,CLI-001035,AG-MAR-02,CPT-001318,Crédit consommation,15262.16,2543.69,0.0741,0.0837,12,2,1323.47,2022-04-19,2022-05-19,2023-04-14,2023-02-13,10,2,0,En cours,Caution personnelle,15325.43,Travaux,592,C,16.68,,0,CONS-011,2026-09-11 14:53:28.722421,2026-09-11 14:53:28.722421
CRD-000963,CLI-003519,AG-TAN-01,CPT-004490,Crédit immobilier,148730.02,60731.42,0.0727,0.0921,120,49,1747.65,2022-03-06,2022-04-05,2032-01-13,2028-01-04,71,49,0,En cours,Hypothèque,176041.41,Travaux,772,A,306.41,,0,CONS-002,2026-09-11 14:53:28.724423,2026-09-11 14:53:28.724423
CRD-000964,CLI-001558,AG-RAB-01,CPT-001996,Crédit immobilier,87667.38,54792.11,0.0525,0.0716,120,75,940.6,2023-11-18,2023-12-18,2033-09-26,2027-07-30,45,75,0,En cours,Sans garantie,0.0,Fonds de roulement,612,B,368.83,,0,CONS-019,2026-09-11 14:53:28.728403,2026-09-11 14:53:28.728403
CRD-000965,CLI-003625,AG-KÉN-01,CPT-004634,Crédit immobilier,749097.94,93637.24,0.0497,0.0578,120,15,7934.37,2025-10-01,2025-10-31,2035-08-10,2034-05-17,105,15,0,En cours,Hypothèque,481200.13,Achat immobilier,552,C,505.51,,0,CONS-009,2026-09-11 14:53:28.730405,2026-09-11 14:53:28.730405
CRD-000966,CLI-004665,AG-CAS-05,CPT-005977,Crédit professionnel,159663.46,150793.27,0.0564,0.0702,36,34,4831.27,2022-09-10,2022-10-10,2025-08-25,2022-11-09,2,34,35,En cours (retard),Sans garantie,0.0,Investissement,408,C,14881.15,2025-11-01,2,CONS-023,2026-09-11 14:53:28.733404,2026-09-11 14:53:28.733404
CRD-000967,CLI-000151,AG-NAD-01,CPT-000190,Crédit immobilier,1116749.23,0.0,0.0642,0.0693,180,0,9679.04,2022-04-05,2022-05-05,2037-01-16,2037-01-16,180,0,0,En cours,Nantissement,870137.11,Achat immobilier,633,B,0.0,,0,CONS-040,2026-09-11 14:53:28.736403,2026-09-11 14:53:28.736403
CRD-000968,CLI-001421,AG-OUJ-01,CPT-001826,Crédit immobilier,931314.0,818780.22,0.0726,0.0924,240,211,7366.53,2026-06-24,2026-07-24,2046-03-11,2028-11-10,29,211,0,En cours,Garantie autonome,1024381.45,Études,777,A,2192.13,,0,CONS-019,2026-09-11 14:53:28.738403,2026-09-11 14:53:28.738403
CRD-000969,CLI-002012,AG-TAN-02,CPT-002564,Crédit investissement,132219.3,33054.82,0.0488,0.0673,60,15,2487.88,2026-05-22,2026-06-21,2031-04-26,2030-01-31,45,15,0,En cours,Garantie autonome,128909.56,Achat immobilier,670,B,89.01,,0,CONS-008,2026-09-11 14:53:28.741403,2026-09-11 14:53:28.741403
CRD-000970,CLI-002687,AG-TAN-02,CPT-003424,Crédit immobilier,147396.91,120374.14,0.0633,0.0782,120,98,1660.94,2025-11-02,2025-12-02,2035-09-11,2027-08-24,22,98,0,En cours,Hypothèque,108871.78,Équipement professionnel,456,C,580.59,,0,CONS-037,2026-09-11 14:53:28.744402,2026-09-11 14:53:28.744402
CRD-000971,CLI-001787,AG-FÈS-01,CPT-002280,Crédit immobilier,144804.77,69988.97,0.0422,0.0568,120,58,1481.27,2023-07-06,2023-08-05,2033-05-14,2028-08-08,62,58,0,En cours,Garantie autonome,123857.18,Fonds de roulement,450,C,726.55,,0,CONS-032,2026-09-11 14:53:28.746404,2026-09-11 14:53:28.746404
CRD-000972,CLI-000089,AG-CAS-04,CPT-000117,Crédit consommation,5502.22,3056.79,0.0312,0.0479,36,20,160.3,2026-03-06,2026-04-05,2029-02-18,2027-06-29,16,20,0,En cours,Garantie autonome,5962.26,Équipement professionnel,527,C,21.07,,0,CONS-029,2026-09-11 14:53:28.749856,2026-09-11 14:53:28.749856
CRD-000973,CLI-000458,AG-CAS-05,CPT-000578,Crédit professionnel,226769.0,226769.0,0.0757,0.0819,84,84,3486.09,2025-08-07,2025-09-06,2032-07-01,,0,84,0,En cours,Hypothèque,249055.81,Fonds de roulement,486,C,772.36,,0,CONS-024,2026-09-11 14:53:28.751857,2026-09-11 14:53:28.751857
CRD-000974,CLI-001306,AG-BÉN-01,CPT-001675,Crédit professionnel,46721.33,28227.47,0.0415,0.0577,48,29,1058.06,2022-10-10,2022-11-09,2026-09-19,2024-05-02,19,29,0,En cours,Garantie autonome,45754.11,Achat immobilier,656,B,256.66,,0,CONS-025,2026-09-11 14:53:28.754855,2026-09-11 14:53:28.754855
CRD-000975,CLI-002926,AG-CAS-06,CPT-003733,Crédit équipement,39163.25,0.0,0.0593,0.0788,12,0,3369.38,2025-02-20,2025-03-22,2026-02-15,2026-02-15,12,0,0,En cours,Nantissement,30737.51,Fonds de roulement,589,C,0.0,,0,CONS-012,2026-09-11 14:53:28.756856,2026-09-11 14:53:28.756856
CRD-000976,CLI-003271,AG-SET-01,CPT-004164,Crédit consommation,22216.9,3702.82,0.0565,0.0751,36,6,672.36,2022-11-14,2022-12-14,2025-10-29,2025-05-02,30,6,199,Contentieux,Garantie autonome,22870.96,Équipement professionnel,500,D,851.64,2022-12-16,2,CONS-023,2026-09-11 14:53:28.760838,2026-09-11 14:53:28.760838
CRD-000977,CLI-003228,AG-EL -01,CPT-004113,Crédit consommation,9533.87,3442.79,0.0551,0.0708,36,13,287.93,2026-01-30,2026-03-01,2029-01-14,2027-12-21,23,13,0,En cours,Nantissement,5010.71,Fonds de roulement,700,A,14.79,,0,CONS-022,2026-09-11 14:53:28.763838,2026-09-11 14:53:28.763838
CRD-000978,CLI-001989,AG-FÈS-01,CPT-002537,Crédit consommation,7896.12,7402.61,0.0351,0.0479,48,45,176.56,2026-05-09,2026-06-08,2030-04-18,2026-08-07,3,45,0,En cours,Nantissement,5082.88,Fonds de roulement,706,A,21.84,,0,CONS-043,2026-09-11 14:53:28.766839,2026-09-11 14:53:28.766839
CRD-000979,CLI-003755,AG-SAL-01,CPT-004802,Crédit immobilier,129946.44,7219.25,0.0621,0.0762,180,10,1111.36,2022-08-30,2022-09-29,2037-06-12,2036-08-16,170,10,0,En cours,Sans garantie,0.0,Achat immobilier,607,B,47.86,,0,CONS-027,2026-09-11 14:53:28.768841,2026-09-11 14:53:28.768841
CRD-000980,CLI-003647,AG-FÈS-01,CPT-004663,Crédit consommation,41683.65,19105.01,0.0431,0.0629,24,11,1815.87,2025-04-14,2025-05-14,2027-04-04,2026-05-09,13,11,0,En cours,Garantie autonome,39885.76,Fonds de roulement,352,C,70.54,,0,CONS-009,2026-09-11 14:53:28.771838,2026-09-11 14:53:28.771838
CRD-000981,CLI-000832,AG-CAS-04,CPT-001062,Crédit immobilier,235235.55,58808.89,0.0597,0.0759,120,30,2608.05,2025-10-10,2025-11-09,2035-08-19,2033-03-02,90,30,0,En cours,Caution personnelle,121915.64,Achat immobilier,627,B,270.56,,0,CONS-023,2026-09-11 14:53:28.774843,2026-09-11 14:53:28.774843
CRD-000982,CLI-000240,AG-CAS-01,CPT-000301,Crédit équipement,17025.83,16316.42,0.08,0.0883,48,46,415.65,2024-08-25,2024-09-24,2028-08-04,2024-10-24,2,46,0,En cours,Garantie autonome,9351.35,Véhicule,589,C,70.06,,0,CONS-046,2026-09-11 14:53:28.777859,2026-09-11 14:53:28.777859
CRD-000983,CLI-004682,AG-EL -01,CPT-005998,Crédit automobile,39200.27,1633.34,0.0776,0.0868,24,1,1768.63,2025-02-10,2025-03-12,2027-01-31,2027-01-01,23,1,0,En cours,Hypothèque,28395.59,Achat immobilier,510,C,4.54,,0,CONS-021,2026-09-11 14:53:28.780857,2026-09-11 14:53:28.780857
CRD-000984,CLI-003023,AG-AGA-01,CPT-003859,Crédit automobile,82342.1,56267.1,0.0473,0.0576,60,41,1543.73,2025-02-14,2025-03-16,2030-01-19,2026-09-07,19,41,0,En cours,Sans garantie,0.0,Études,528,C,295.71,,0,CONS-003,2026-09-11 14:53:28.783856,2026-09-11 14:53:28.783856
CRD-000985,CLI-003149,AG-MOH-01,CPT-004020,Crédit immobilier,145197.96,64129.1,0.0673,0.0843,120,53,1665.74,2025-01-17,2025-02-16,2034-11-26,2030-07-20,67,53,0,En cours,Hypothèque,155942.74,Véhicule,479,C,261.87,,0,CONS-024,2026-09-11 14:53:28.785858,2026-09-11 14:53:28.785858
CRD-000986,CLI-001947,AG-KHO-01,CPT-002483,Crédit consommation,10397.5,4332.29,0.0765,0.0885,48,20,252.13,2024-08-06,2024-09-05,2028-07-16,2026-11-24,28,20,0,En cours,Sans garantie,0.0,Études,450,C,55.69,,0,CONS-022,2026-09-11 14:53:28.788853,2026-09-11 14:53:28.788853
CRD-000987,CLI-002776,AG-SET-01,CPT-003538,Crédit professionnel,65176.37,21725.46,0.0668,0.0858,48,16,1551.07,2024-12-18,2025-01-17,2028-11-27,2027-08-05,32,16,144,Incident de paiement,Hypothèque,66978.11,Véhicule,617,D,1476.18,2025-07-23,2,CONS-040,2026-09-11 14:53:28.791832,2026-09-11 14:53:28.791832
CRD-000988,CLI-000193,AG-SAL-01,CPT-000242,Crédit consommation,18913.18,16549.03,0.0414,0.0502,24,21,822.48,2025-04-12,2025-05-12,2027-04-02,2025-07-11,3,21,0,En cours,Garantie autonome,20180.89,Achat immobilier,699,B,49.99,,0,CONS-047,2026-09-11 14:53:28.795832,2026-09-11 14:53:28.795832
CRD-000989,CLI-004850,AG-TÉT-01,CPT-006218,Crédit immobilier,254531.83,55148.56,0.0589,0.0772,120,26,2811.79,2021-09-14,2021-10-14,2031-07-24,2029-06-04,94,26,0,En cours,Sans garantie,0.0,Véhicule,604,B,538.29,,0,CONS-045,2026-09-11 14:53:28.799833,2026-09-11 14:53:28.799833
CRD-000990,CLI-004940,AG-TAN-01,CPT-006331,Crédit automobile,41136.63,17140.26,0.036,0.0543,24,10,1779.04,2022-03-09,2022-04-08,2024-02-27,2023-05-03,14,10,0,En cours,Nantissement,22883.4,Équipement professionnel,423,C,60.99,,0,CONS-003,2026-09-11 14:53:28.803833,2026-09-11 14:53:28.803833
CRD-000991,CLI-000945,AG-FÈS-01,CPT-001206,Crédit immobilier,66363.83,59285.02,0.0473,0.054,300,268,377.59,2023-03-27,2023-04-26,2047-11-16,2025-11-11,32,268,0,En cours,Nantissement,67049.81,Fonds de roulement,670,B,178.43,,0,CONS-026,2026-09-11 14:53:28.808089,2026-09-11 14:53:28.808089
CRD-000992,CLI-001269,AG-TAN-01,CPT-001627,Crédit immobilier,126497.76,104360.65,0.0528,0.0703,240,198,854.52,2023-04-18,2023-05-18,2043-01-03,2026-09-29,42,198,0,En cours,Hypothèque,104697.27,Équipement professionnel,594,C,361.51,,0,CONS-011,2026-09-11 14:53:28.811101,2026-09-11 14:53:28.811101
CRD-000993,CLI-004232,AG-BÉN-01,CPT-005423,Crédit consommation,20860.93,0.0,0.0408,0.0527,36,0,616.64,2026-05-04,2026-06-03,2029-04-18,2029-04-18,36,0,0,En cours,Garantie autonome,16011.44,Fonds de roulement,642,B,0.0,,0,CONS-034,2026-09-11 14:53:28.814106,2026-09-11 14:53:28.814106
CRD-000994,CLI-002308,AG-KHE-01,CPT-002942,Crédit équipement,16285.74,15380.98,0.0596,0.0647,36,34,495.15,2022-04-08,2022-05-08,2025-03-23,2022-06-07,2,34,0,En cours,Nantissement,9681.52,Véhicule,620,B,86.01,,0,CONS-037,2026-09-11 14:53:28.817100,2026-09-11 14:53:28.817100
CRD-000995,CLI-004425,AG-CAS-05,CPT-005673,Crédit automobile,14336.72,10453.86,0.0592,0.0777,48,35,336.17,2022-07-14,2022-08-13,2026-06-23,2023-08-08,13,35,0,En cours,Hypothèque,9597.56,Équipement professionnel,610,B,29.05,,0,CONS-050,2026-09-11 14:53:28.819107,2026-09-11 14:53:28.819107
CRD-000996,CLI-004712,AG-TAN-02,CPT-006038,Crédit professionnel,26232.55,13428.57,0.0662,0.0759,84,43,391.06,2023-10-01,2023-10-31,2030-08-25,2027-02-12,41,43,0,En cours,Nantissement,27215.42,Équipement professionnel,494,C,151.35,,0,CONS-050,2026-09-11 14:53:28.822104,2026-09-11 14:53:28.822104
CRD-000997,CLI-002314,AG-SET-01,CPT-002951,Crédit équipement,9980.04,5821.69,0.0748,0.0845,24,14,449.01,2024-04-08,2024-05-08,2026-03-29,2025-02-02,10,14,0,En cours,Nantissement,11287.97,Investissement,571,C,43.01,,0,CONS-032,2026-09-11 14:53:28.825099,2026-09-11 14:53:28.825099
CRD-000998,CLI-003215,AG-RAB-03,CPT-004099,Crédit professionnel,1888198.92,1667909.05,0.055,0.0737,60,53,36066.79,2025-05-17,2025-06-16,2030-04-21,2025-12-13,7,53,0,En cours,Garantie autonome,2085746.85,Équipement professionnel,606,B,19385.72,,0,CONS-022,2026-09-11 14:53:28.828087,2026-09-11 14:53:28.828087
CRD-000999,CLI-002733,AG-TAN-02,CPT-003483,Crédit consommation,16208.68,8104.34,0.0607,0.0662,36,18,493.61,2024-11-28,2024-12-28,2027-11-13,2026-05-22,18,18,0,En cours,Nantissement,12040.98,Fonds de roulement,647,B,62.09,,0,CONS-045,2026-09-11 14:53:28.831087,2026-09-11 14:53:28.831087
CRD-001000,CLI-001927,AG-CAS-06,CPT-002460,Crédit professionnel,691452.64,357250.53,0.041,0.05,60,31,12765.38,2025-10-25,2025-11-24,2030-09-29,2028-03-13,29,31,0,En cours,Garantie autonome,722649.37,Investissement,470,C,2457.44,,0,CONS-010,2026-09-11 14:53:28.833089,2026-09-11 14:53:28.833089
CRD-001001,CLI-004228,AG-AGA-02,CPT-005418,Crédit automobile,54324.3,20371.61,0.0597,0.0725,48,18,1275.06,2022-08-30,2022-09-29,2026-08-09,2025-02-15,30,18,0,En cours,Nantissement,50963.08,Achat immobilier,571,C,121.26,,0,CONS-020,2026-09-11 14:53:28.836086,2026-09-11 14:53:28.836086
CRD-001002,CLI-004677,AG-NAD-01,CPT-005992,Crédit immobilier,239672.3,205052.97,0.0561,0.0619,180,154,1972.34,2022-12-06,2023-01-05,2037-09-18,2025-01-24,26,154,0,En cours,Nantissement,165833.97,Achat immobilier,691,B,1568.0,,0,CONS-023,2026-09-11 14:53:28.840085,2026-09-11 14:53:28.840085
CRD-001003,CLI-000801,AG-TÉT-01,CPT-001022,Crédit consommation,7931.07,2478.46,0.0753,0.0915,48,15,191.88,2024-01-04,2024-02-03,2027-12-14,2026-09-20,33,15,0,En cours,Nantissement,6323.05,Achat immobilier,633,B,13.02,,0,CONS-042,2026-09-11 14:53:28.842087,2026-09-11 14:53:28.842087
CRD-001004,CLI-003672,AG-CAS-04,CPT-004697,Crédit immobilier,4165334.58,1319022.62,0.068,0.0836,120,38,47934.81,2025-12-03,2026-01-02,2035-10-12,2032-08-28,82,38,0,En cours,Hypothèque,2672275.82,Véhicule,488,C,4793.43,,0,CONS-027,2026-09-11 14:53:28.845083,2026-09-11 14:53:28.845083
CRD-001005,CLI-004194,AG-KHE-01,CPT-005369,Crédit immobilier,586138.23,473795.07,0.0492,0.061,240,194,3842.4,2026-06-08,2026-07-08,2046-02-23,2030-03-19,46,194,385,Contentieux,Garantie autonome,584126.36,Véhicule,501,D,190314.03,2026-08-31,1,CONS-046,2026-09-11 14:53:28.848083,2026-09-11 14:53:28.848083
CRD-001006,CLI-002969,AG-MAR-01,CPT-003788,Crédit automobile,36780.26,12260.09,0.0501,0.0672,36,12,1102.5,2021-10-24,2021-11-23,2024-10-08,2023-10-14,24,12,0,En cours,Garantie autonome,19379.98,Véhicule,599,C,42.75,,0,CONS-047,2026-09-11 14:53:28.851082,2026-09-11 14:53:28.851082
CRD-001007,CLI-004794,AG-CAS-06,CPT-006149,Crédit consommation,6425.93,2008.1,0.0782,0.0904,48,15,156.33,2023-03-15,2023-04-14,2027-02-22,2025-11-29,33,15,0,En cours,Nantissement,7604.3,Études,666,B,13.7,,0,CONS-046,2026-09-11 14:53:28.853082,2026-09-11 14:53:28.853082
CRD-001008,CLI-004369,AG-OUJ-01,CPT-005603,Crédit automobile,41249.63,1718.73,0.0325,0.0486,24,1,1777.52,2023-07-19,2023-08-18,2025-07-08,2025-06-08,23,1,0,En cours,Caution personnelle,42606.05,Études,487,C,12.62,,0,CONS-050,2026-09-11 14:53:28.856082,2026-09-11 14:53:28.856082
CRD-001009,CLI-002777,AG-KHE-01,CPT-003539,Crédit équipement,52140.7,0.0,0.046,0.0531,48,0,1191.34,2023-10-25,2023-11-24,2027-10-04,2027-10-04,48,0,0,En cours,Sans garantie,0.0,Équipement professionnel,787,A,0.0,,0,CONS-047,2026-09-11 14:53:28.858083,2026-09-11 14:53:28.858083
CRD-001010,CLI-002971,AG-KHE-01,CPT-003790,Crédit automobile,240439.55,84153.84,0.0389,0.0473,60,21,4416.13,2023-07-06,2023-08-05,2028-06-09,2026-09-18,39,21,0,En cours,Garantie autonome,196631.39,Investissement,455,C,371.53,,0,CONS-040,2026-09-11 14:53:28.861086,2026-09-11 14:53:28.861086
CRD-001011,CLI-003868,AG-EL -01,CPT-004946,Crédit équipement,17619.25,11746.17,0.0391,0.048,24,16,764.41,2023-04-06,2023-05-06,2025-03-26,2023-12-02,8,16,0,En cours,Hypothèque,20664.23,Achat immobilier,593,C,75.79,,0,CONS-027,2026-09-11 14:53:28.864087,2026-09-11 14:53:28.864087
CRD-001012,CLI-001744,AG-LAÂ-01,CPT-002224,Crédit immobilier,3089166.8,2955302.91,0.0304,0.0361,300,287,14713.53,2023-08-09,2023-09-08,2048-03-30,2024-09-02,13,287,0,En cours,Nantissement,1798318.7,Véhicule,646,B,23428.79,,0,CONS-010,2026-09-11 14:53:28.867085,2026-09-11 14:53:28.867085
CRD-001013,CLI-003949,AG-NAD-01,CPT-005048,Crédit immobilier,196375.7,142372.38,0.0674,0.0817,240,174,1492.0,2025-06-23,2025-07-23,2045-03-10,2030-11-24,66,174,99,Incident de paiement,Caution personnelle,192808.27,Études,649,D,14451.8,2026-05-28,1,CONS-024,2026-09-11 14:53:28.869084,2026-09-11 14:53:28.869084
CRD-001014,CLI-003803,AG-AGA-02,CPT-004863,Crédit équipement,6881.92,5161.44,0.0381,0.0552,12,9,585.4,2024-07-18,2024-08-17,2025-07-13,2024-10-16,3,9,0,En cours,Nantissement,3478.62,Équipement professionnel,633,B,29.12,,0,CONS-011,2026-09-11 14:53:28.872085,2026-09-11 14:53:28.872085
CRD-001015,CLI-002025,AG-FÈS-02,CPT-002579,Crédit consommation,20924.3,0.0,0.0729,0.0886,12,0,1813.31,2026-06-19,2026-07-19,2027-06-14,2027-06-14,12,0,0,En cours,Caution personnelle,10799.24,Véhicule,719,A,0.0,,0,CONS-024,2026-09-11 14:53:28.875085,2026-09-11 14:53:28.875085
CRD-001016,CLI-002275,AG-TAN-01,CPT-002897,Crédit équipement,12523.79,8088.28,0.0314,0.0435,48,31,277.98,2025-11-13,2025-12-13,2029-10-23,2027-04-07,17,31,0,En cours,Garantie autonome,7934.29,Équipement professionnel,703,A,79.07,,0,CONS-022,2026-09-11 14:53:28.878103,2026-09-11 14:53:28.878103
CRD-001017,CLI-000100,AG-AGA-02,CPT-000130,Crédit immobilier,222802.91,154476.68,0.0708,0.0786,300,208,1586.11,2023-11-30,2023-12-30,2048-07-21,2031-06-21,92,208,0,En cours,Hypothèque,210009.69,Investissement,575,C,367.44,,0,CONS-014,2026-09-11 14:53:28.880106,2026-09-11 14:53:28.880106
CRD-001018,CLI-004922,AG-MAR-02,CPT-006308,Crédit automobile,100183.83,100183.83,0.0605,0.0761,24,24,4442.47,2021-12-13,2022-01-12,2023-12-03,,0,24,0,En cours,Nantissement,62681.9,Équipement professionnel,491,C,309.31,,0,CONS-019,2026-09-11 14:53:28.883105,2026-09-11 14:53:28.883105
CRD-001019,CLI-003408,AG-CAS-04,CPT-004347,Crédit immobilier,55599.36,23166.4,0.0357,0.0503,300,125,280.44,2025-05-18,2025-06-17,2050-01-07,2039-10-02,175,125,0,En cours,Sans garantie,0.0,Équipement professionnel,595,C,281.36,,0,CONS-008,2026-09-11 14:53:28.885106,2026-09-11 14:53:28.885106
CRD-001020,CLI-004246,AG-AGA-01,CPT-005441,Crédit investissement,46365.45,29364.78,0.0667,0.075,60,38,910.89,2024-02-20,2024-03-21,2029-01-24,2025-12-11,22,38,0,En cours,Sans garantie,0.0,Fonds de roulement,497,C,249.76,,0,CONS-010,2026-09-11 14:53:28.888102,2026-09-11 14:53:28.888102
CRD-001021,CLI-004620,AG-CAS-02,CPT-005920,Crédit immobilier,59232.12,16979.87,0.0719,0.0841,300,86,425.85,2022-07-05,2022-08-04,2047-02-24,2040-02-01,214,86,0,En cours,Garantie autonome,36761.59,Travaux,626,B,45.26,,0,CONS-049,2026-09-11 14:53:28.891365,2026-09-11 14:53:28.891365
CRD-001022,CLI-004917,AG-MAR-01,CPT-006303,Crédit professionnel,1054550.63,276191.83,0.0374,0.044,84,22,14288.58,2023-12-03,2024-01-02,2030-10-27,2029-01-05,62,22,0,En cours,Nantissement,920442.42,Véhicule,567,C,1419.75,,0,CONS-004,2026-09-11 14:53:28.894388,2026-09-11 14:53:28.894388
CRD-001023,CLI-000192,AG-AGA-01,CPT-000241,Crédit professionnel,37254.16,9313.54,0.0682,0.0749,36,9,1147.24,2023-12-02,2024-01-01,2026-11-16,2026-02-19,27,9,0,En cours,Sans garantie,0.0,Fonds de roulement,789,A,73.63,,0,CONS-020,2026-09-11 14:53:28.897389,2026-09-11 14:53:28.897389
CRD-001024,CLI-004697,AG-RAB-02,CPT-006020,Crédit professionnel,70557.35,66147.52,0.0751,0.0816,48,45,1706.33,2023-04-30,2023-05-30,2027-04-09,2023-07-29,3,45,0,En cours,Sans garantie,0.0,Équipement professionnel,456,C,889.74,,0,CONS-016,2026-09-11 14:53:28.899390,2026-09-11 14:53:28.899390
CRD-001025,CLI-001785,AG-MAR-01,CPT-002278,Crédit consommation,5102.96,3401.97,0.0453,0.0505,48,32,116.43,2021-12-06,2022-01-05,2025-11-15,2023-03-31,16,32,0,En cours,Garantie autonome,5732.8,Fonds de roulement,596,C,13.96,,0,CONS-020,2026-09-11 14:53:28.902391,2026-09-11 14:53:28.902391
CRD-001026,CLI-001533,AG-SET-01,CPT-001964,Crédit professionnel,23377.2,9350.88,0.0477,0.0537,60,24,438.7,2025-06-05,2025-07-05,2030-05-10,2028-05-20,36,24,0,En cours,Hypothèque,19592.42,Investissement,502,C,21.05,,0,CONS-016,2026-09-11 14:53:28.905388,2026-09-11 14:53:28.905388
CRD-001027,CLI-002835,AG-MAR-02,CPT-003613,Crédit équipement,19988.53,6662.84,0.0501,0.0571,12,4,1711.26,2023-04-21,2023-05-21,2024-04-15,2023-12-17,8,4,262,Contentieux,Nantissement,23618.05,Véhicule,540,D,1828.28,2024-07-13,3,CONS-024,2026-09-11 14:53:28.907392,2026-09-11 14:53:28.907392
CRD-001028,CLI-004445,AG-FÈS-02,CPT-005697,Crédit consommation,7165.05,3582.53,0.0559,0.0743,48,24,166.93,2024-08-15,2024-09-14,2028-07-25,2026-08-05,24,24,0,En cours,Caution personnelle,3640.56,Véhicule,679,B,26.66,,0,CONS-026,2026-09-11 14:53:28.910376,2026-09-11 14:53:28.910376
CRD-001029,CLI-004916,AG-KÉN-01,CPT-006302,Crédit automobile,16120.83,5037.76,0.079,0.0954,48,15,392.8,2024-07-30,2024-08-29,2028-07-09,2027-04-16,33,15,0,En cours,Nantissement,12135.44,Études,586,C,49.39,,0,CONS-029,2026-09-11 14:53:28.913372,2026-09-11 14:53:28.913372
CRD-001030,CLI-001599,AG-MAR-02,CPT-002044,Crédit automobile,11364.44,9470.37,0.0499,0.0644,36,30,340.55,2024-09-24,2024-10-24,2027-09-09,2025-03-23,6,30,0,En cours,Nantissement,5969.75,Équipement professionnel,703,A,56.26,,0,CONS-019,2026-09-11 14:53:28.916058,2026-09-11 14:53:28.916058
CRD-001031,CLI-001780,AG-CAS-03,CPT-002273,Crédit immobilier,207444.68,171718.1,0.0712,0.0764,180,149,1878.52,2025-09-07,2025-10-07,2040-06-20,2028-03-25,31,149,0,En cours,Nantissement,206620.76,Études,741,A,1095.96,,0,CONS-009,2026-09-11 14:53:28.919074,2026-09-11 14:53:28.919074
CRD-001032,CLI-004901,AG-SET-01,CPT-006283,Crédit investissement,80882.85,40441.43,0.0709,0.0877,48,24,1940.22,2025-07-13,2025-08-12,2029-06-22,2027-07-03,24,24,0,En cours,Garantie autonome,92972.15,Fonds de roulement,680,B,240.33,,0,CONS-004,2026-09-11 14:53:28.921074,2026-09-11 14:53:28.921074
CRD-001033,CLI-002575,AG-CAS-04,CPT-003276,Crédit immobilier,470839.04,240127.91,0.0355,0.0436,300,153,2369.78,2026-05-02,2026-06-01,2050-12-22,2038-05-29,147,153,0,En cours,Nantissement,433313.29,Véhicule,634,B,1589.83,,0,CONS-012,2026-09-11 14:53:28.924257,2026-09-11 14:53:28.924257
CRD-001034,CLI-003399,AG-CAS-02,CPT-004334,Crédit immobilier,51378.75,40817.56,0.0412,0.0551,180,143,383.14,2024-09-30,2024-10-30,2039-07-14,2027-10-15,37,143,0,En cours,Nantissement,58289.09,Fonds de roulement,503,C,150.53,,0,CONS-016,2026-09-11 14:53:28.926260,2026-09-11 14:53:28.926260
CRD-001035,CLI-003976,AG-MAR-02,CPT-005082,Crédit professionnel,508416.78,127104.2,0.0592,0.0719,48,12,11921.54,2025-02-09,2025-03-11,2029-01-19,2028-01-25,36,12,0,En cours,Nantissement,412917.08,Travaux,594,C,555.05,,0,CONS-032,2026-09-11 14:53:28.929260,2026-09-11 14:53:28.929260
CRD-001036,CLI-003771,AG-TÉT-01,CPT-004824,Crédit consommation,8824.72,2573.88,0.0659,0.083,24,7,393.47,2026-05-23,2026-06-22,2028-05-12,2027-10-15,17,7,0,En cours,Hypothèque,4443.54,Investissement,620,B,17.37,,0,CONS-027,2026-09-11 14:53:28.932259,2026-09-11 14:53:28.932259
CRD-001037,CLI-000167,AG-CAS-01,CPT-000208,Crédit immobilier,221524.15,203063.8,0.0527,0.0617,240,220,1495.2,2024-04-21,2024-05-21,2044-01-07,2025-12-12,20,220,0,En cours,Sans garantie,0.0,Achat immobilier,732,A,2551.51,,0,CONS-016,2026-09-11 14:53:28.935260,2026-09-11 14:53:28.935260
CRD-001038,CLI-001752,AG-CAS-02,CPT-002234,Crédit consommation,15740.1,10056.17,0.0509,0.0618,36,23,472.38,2022-11-07,2022-12-07,2025-10-22,2023-12-02,13,23,0,En cours,Sans garantie,0.0,Véhicule,557,C,40.52,,0,CONS-046,2026-09-11 14:53:28.937258,2026-09-11 14:53:28.937258
CRD-001039,CLI-001480,AG-TAN-01,CPT-001903,Crédit équipement,13841.18,12687.75,0.0797,0.0986,12,11,1203.83,2025-03-21,2025-04-20,2026-03-16,2025-04-20,1,11,0,En cours,Sans garantie,0.0,Investissement,632,B,91.8,,0,CONS-025,2026-09-11 14:53:28.940448,2026-09-11 14:53:28.940448
CRD-001040,CLI-001025,AG-LAÂ-01,CPT-001305,Crédit équipement,17715.1,9595.68,0.0699,0.0867,24,13,793.07,2025-06-11,2025-07-11,2027-06-01,2026-05-07,11,13,0,En cours,Nantissement,20411.61,Investissement,634,B,73.29,,0,CONS-008,2026-09-11 14:53:28.943451,2026-09-11 14:53:28.943451
CRD-001041,CLI-001789,AG-EL -01,CPT-002283,Crédit consommation,5408.18,3455.23,0.0502,0.066,36,23,162.14,2025-11-06,2025-12-06,2028-10-21,2026-12-01,13,23,0,En cours,Hypothèque,3729.36,Achat immobilier,636,B,14.61,,0,CONS-043,2026-09-11 14:53:28.946451,2026-09-11 14:53:28.946451
CRD-001042,CLI-002265,AG-CAS-06,CPT-002885,Crédit immobilier,593507.17,440184.48,0.0719,0.0797,120,89,6949.38,2024-04-18,2024-05-18,2034-02-25,2026-11-04,31,89,332,Contentieux,Hypothèque,542926.49,Véhicule,704,D,58116.82,2024-10-19,3,CONS-030,2026-09-11 14:53:28.949451,2026-09-11 14:53:28.949451
CRD-001043,CLI-002474,AG-LAÂ-01,CPT-003148,Crédit équipement,17970.98,12729.44,0.0637,0.0697,48,34,425.1,2025-12-14,2026-01-13,2029-11-23,2027-02-07,14,34,0,En cours,Caution personnelle,19561.66,Investissement,571,C,57.72,,0,CONS-010,2026-09-11 14:53:28.951451,2026-09-11 14:53:28.951451
CRD-001044,CLI-001823,AG-CAS-01,CPT-002325,Crédit professionnel,125837.65,81270.15,0.072,0.0841,48,31,3025.03,2026-01-25,2026-02-24,2030-01-04,2027-06-19,17,31,0,En cours,Garantie autonome,140688.57,Équipement professionnel,629,B,499.09,,0,CONS-033,2026-09-11 14:53:28.954452,2026-09-11 14:53:28.954452
CRD-001045,CLI-001221,AG-KÉN-01,CPT-001563,Crédit immobilier,2393697.02,1097111.13,0.0459,0.0576,120,55,24911.87,2023-04-23,2023-05-23,2033-03-01,2028-08-24,65,55,0,En cours,Garantie autonome,2536804.62,Fonds de roulement,488,C,6197.73,,0,CONS-022,2026-09-11 14:53:28.957451,2026-09-11 14:53:28.957451
CRD-001046,CLI-001667,AG-RAB-03,CPT-002131,Crédit consommation,8580.76,4290.38,0.0662,0.0801,12,6,740.96,2023-10-18,2023-11-17,2024-10-12,2024-04-15,6,6,0,En cours,Garantie autonome,7949.41,Investissement,551,C,37.48,,0,CONS-007,2026-09-11 14:53:28.960451,2026-09-11 14:53:28.960451
CRD-001047,CLI-002961,AG-LAÂ-01,CPT-003776,Crédit professionnel,55934.88,32628.68,0.0438,0.0583,36,21,1660.89,2021-10-22,2021-11-21,2024-10-06,2023-01-15,15,21,47,En cours (retard),Sans garantie,0.0,Équipement professionnel,645,C,1695.76,2024-01-19,3,CONS-039,2026-09-11 14:53:28.963464,2026-09-11 14:53:28.963464
CRD-001048,CLI-000153,AG-MEK-01,CPT-000193,Crédit consommation,8709.14,2540.17,0.0748,0.0837,24,7,391.83,2023-04-27,2023-05-27,2025-04-16,2024-09-18,17,7,169,Incident de paiement,Garantie autonome,5775.12,Équipement professionnel,583,D,372.57,2026-06-12,2,CONS-028,2026-09-11 14:53:28.965577,2026-09-11 14:53:28.965577
CRD-001049,CLI-002535,AG-KHE-01,CPT-003225,Crédit professionnel,103605.83,15109.18,0.0704,0.088,48,7,2482.89,2026-02-12,2026-03-14,2030-01-22,2029-06-26,41,7,0,En cours,Caution personnelle,111779.21,Travaux,786,A,127.18,,0,CONS-031,2026-09-11 14:53:28.968602,2026-09-11 14:53:28.968602
CRD-001050,CLI-004689,AG-CAS-01,CPT-006009,Crédit immobilier,463480.28,224015.47,0.0498,0.055,120,58,4911.4,2024-09-14,2024-10-14,2034-07-24,2029-10-18,62,58,0,En cours,Nantissement,419883.78,Achat immobilier,763,A,659.59,,0,CONS-021,2026-09-11 14:53:28.970602,2026-09-11 14:53:28.970602
CRD-001051,CLI-001979,AG-CAS-01,CPT-002523,Crédit immobilier,717871.99,622155.72,0.0663,0.0861,120,104,8198.85,2025-07-12,2025-08-11,2035-05-21,2026-11-04,16,104,0,En cours,Sans garantie,0.0,Achat immobilier,700,A,2336.95,,0,CONS-043,2026-09-11 14:53:28.973739,2026-09-11 14:53:28.973739
CRD-001052,CLI-001470,AG-RAB-03,CPT-001893,Crédit professionnel,71127.99,66047.42,0.0349,0.0536,84,78,955.63,2026-03-09,2026-04-08,2033-01-31,2026-09-05,6,78,0,En cours,Nantissement,52313.76,Fonds de roulement,616,B,155.99,,0,CONS-001,2026-09-11 14:53:28.976759,2026-09-11 14:53:28.976759
CRD-001053,CLI-002808,AG-MEK-01,CPT-003581,Crédit immobilier,86802.74,81498.13,0.074,0.0793,180,169,799.75,2026-07-19,2026-08-18,2041-05-01,2027-06-14,11,169,0,En cours,Hypothèque,96232.45,Achat immobilier,523,C,451.8,,0,CONS-050,2026-09-11 14:53:28.978764,2026-09-11 14:53:28.978764
CRD-001054,CLI-002513,AG-EL -01,CPT-003196,Crédit équipement,27555.11,6888.78,0.0633,0.0801,24,6,1225.36,2023-12-16,2024-01-15,2025-12-05,2025-06-08,18,6,118,Incident de paiement,Caution personnelle,23537.99,Investissement,757,D,1269.9,2023-12-19,2,CONS-004,2026-09-11 14:53:28.981763,2026-09-11 14:53:28.981763
CRD-001055,CLI-002944,AG-MOH-01,CPT-003753,Crédit immobilier,98903.45,55056.25,0.0621,0.0733,300,167,649.99,2024-12-28,2025-01-27,2049-08-19,2035-12-01,133,167,0,En cours,Caution personnelle,64750.17,Travaux,655,B,501.81,,0,CONS-014,2026-09-11 14:53:28.984763,2026-09-11 14:53:28.984763
CRD-001056,CLI-002981,AG-TAN-02,CPT-003805,Crédit automobile,63268.73,18453.38,0.0516,0.0603,48,14,1461.62,2024-01-20,2024-02-19,2027-12-30,2026-11-05,34,14,0,En cours,Sans garantie,0.0,Fonds de roulement,637,B,264.23,,0,CONS-018,2026-09-11 14:53:28.986764,2026-09-11 14:53:28.986764
CRD-001057,CLI-004823,AG-MEK-01,CPT-006181,Crédit consommation,9899.66,8249.72,0.0596,0.0725,12,10,851.85,2022-04-16,2022-05-16,2023-04-11,2022-06-15,2,10,106,Incident de paiement,Caution personnelle,5027.38,Achat immobilier,515,D,878.21,2022-07-28,1,CONS-039,2026-09-11 14:53:28.989936,2026-09-11 14:53:28.989936
CRD-001058,CLI-003018,AG-FÈS-02,CPT-003853,Crédit immobilier,58592.75,8593.6,0.0391,0.0569,300,44,306.37,2022-01-15,2022-02-14,2046-09-06,2043-01-25,256,44,133,Incident de paiement,Hypothèque,69885.15,Travaux,613,D,378.9,2023-01-09,3,CONS-029,2026-09-11 14:53:28.991960,2026-09-11 14:53:28.991960
CRD-001059,CLI-001567,AG-RAB-03,CPT-002008,Crédit immobilier,349294.34,133896.16,0.0683,0.0879,120,46,4025.07,2024-01-22,2024-02-21,2033-11-30,2030-02-19,74,46,0,En cours,Garantie autonome,198724.59,Achat immobilier,643,B,827.4,,0,CONS-006,2026-09-11 14:53:28.994961,2026-09-11 14:53:28.994961
CRD-001060,CLI-000032,AG-MEK-01,CPT-000047,Crédit automobile,51932.26,19474.6,0.0304,0.0489,24,9,2233.03,2023-01-05,2023-02-04,2024-12-25,2024-03-30,15,9,0,En cours,Sans garantie,0.0,Investissement,644,B,79.95,,0,CONS-032,2026-09-11 14:53:28.997960,2026-09-11 14:53:28.997960
CRD-001061,CLI-000938,AG-AGA-02,CPT-001195,Crédit automobile,29129.02,19419.35,0.0363,0.055,48,32,652.89,2023-03-25,2023-04-24,2027-03-04,2024-07-17,16,32,0,En cours,Caution personnelle,26359.91,Véhicule,652,B,62.01,,0,CONS-029,2026-09-11 14:53:29.001341,2026-09-11 14:53:29.001341
CRD-001062,CLI-001216,AG-RAB-01,CPT-001557,Crédit automobile,31622.09,14493.46,0.0537,0.0619,24,11,1392.55,2024-10-30,2024-11-29,2026-10-20,2025-11-24,13,11,0,En cours,Caution personnelle,27233.94,Études,742,A,105.53,,0,CONS-007,2026-09-11 14:53:29.004341,2026-09-11 14:53:29.004341
CRD-001063,CLI-001938,AG-SAL-01,CPT-002472,Crédit automobile,26770.79,11600.68,0.0713,0.0887,60,26,531.74,2023-06-09,2023-07-09,2028-05-13,2026-03-25,34,26,0,En cours,Hypothèque,26201.01,Véhicule,740,A,48.34,,0,CONS-034,2026-09-11 14:53:29.006340,2026-09-11 14:53:29.006340
CRD-001064,CLI-001130,AG-FÈS-02,CPT-001443,Crédit immobilier,329934.29,201626.51,0.0739,0.0831,180,110,3037.94,2025-11-28,2025-12-28,2040-09-10,2031-08-29,70,110,0,En cours,Nantissement,305631.18,Achat immobilier,576,C,1600.54,,0,CONS-042,2026-09-11 14:53:29.009342,2026-09-11 14:53:29.009342
CRD-001065,CLI-000310,AG-TÉT-01,CPT-000390,Crédit immobilier,120568.78,12056.88,0.0632,0.0743,180,18,1038.39,2022-08-09,2022-09-08,2037-05-22,2035-11-29,162,18,0,En cours,Nantissement,101301.06,Véhicule,545,C,46.55,,0,CONS-036,2026-09-11 14:53:29.012341,2026-09-11 14:53:29.012341
CRD-001066,CLI-004902,AG-CAS-04,CPT-006284,Crédit immobilier,973048.92,567611.87,0.0768,0.0938,240,140,7946.26,2022-08-29,2022-09-28,2042-05-16,2030-11-15,100,140,0,En cours,Hypothèque,1154822.42,Fonds de roulement,570,C,1630.93,,0,CONS-006,2026-09-11 14:53:29.015341,2026-09-11 14:53:29.015341
CRD-001067,CLI-002169,AG-TÉT-01,CPT-002768,Crédit consommation,5933.22,494.44,0.0479,0.0591,36,3,177.27,2022-01-23,2022-02-22,2025-01-07,2024-10-09,33,3,0,En cours,Caution personnelle,5051.11,Travaux,583,C,1.65,,0,CONS-023,2026-09-11 14:53:29.018340,2026-09-11 14:53:29.018340
CRD-001068,CLI-003114,AG-KHO-01,CPT-003972,Crédit investissement,99188.14,23616.22,0.0363,0.0533,84,20,1338.96,2025-09-08,2025-10-08,2032-08-02,2030-12-11,64,20,155,Incident de paiement,Nantissement,71323.95,Fonds de roulement,635,D,3101.85,2025-10-18,1,CONS-041,2026-09-11 14:53:29.020341,2026-09-11 14:53:29.020341
CRD-001069,CLI-000496,AG-AGA-01,CPT-000629,Crédit automobile,18176.59,504.91,0.0576,0.077,36,1,550.99,2023-12-01,2023-12-31,2026-11-15,2026-10-16,35,1,0,En cours,Sans garantie,0.0,Fonds de roulement,618,B,6.71,,0,CONS-028,2026-09-11 14:53:29.023340,2026-09-11 14:53:29.023340
CRD-001070,CLI-000206,AG-FÈS-01,CPT-000261,Crédit automobile,15411.82,14127.5,0.0411,0.0479,48,44,348.74,2022-09-24,2022-10-24,2026-09-03,2023-01-22,4,44,0,En cours,Hypothèque,12981.75,Véhicule,554,C,24.01,,0,CONS-043,2026-09-11 14:53:29.025341,2026-09-11 14:53:29.025341
CRD-001071,CLI-002674,AG-CAS-04,CPT-003405,Crédit immobilier,343035.39,273284.86,0.0734,0.0854,300,239,2499.41,2025-02-01,2025-03-03,2049-09-23,2030-02-05,61,239,59,En cours (retard),Sans garantie,0.0,Véhicule,590,C,19909.93,2025-08-01,3,CONS-008,2026-09-11 14:53:29.028354,2026-09-11 14:53:29.028354
CRD-001072,CLI-003358,AG-OUJ-01,CPT-004277,Crédit équipement,6312.5,526.04,0.0484,0.057,12,1,539.93,2022-01-29,2022-02-28,2023-01-24,2022-12-25,11,1,0,En cours,Nantissement,4854.42,Travaux,679,B,2.39,,0,CONS-024,2026-09-11 14:53:29.031358,2026-09-11 14:53:29.031358
CRD-001073,CLI-003831,AG-SAL-01,CPT-004898,Crédit équipement,20718.84,2877.62,0.0655,0.0737,36,5,635.48,2025-11-13,2025-12-13,2028-10-28,2028-05-31,31,5,0,En cours,Garantie autonome,14545.6,Véhicule,741,A,15.43,,0,CONS-032,2026-09-11 14:53:29.035359,2026-09-11 14:53:29.035359
CRD-001074,CLI-000306,AG-KHE-01,CPT-000385,Crédit consommation,20237.68,1686.47,0.0658,0.08,48,4,480.68,2026-06-30,2026-07-30,2030-06-09,2030-02-09,44,4,0,En cours,Sans garantie,0.0,Études,518,C,19.33,,0,CONS-034,2026-09-11 14:53:29.037361,2026-09-11 14:53:29.037361
CRD-001075,CLI-003794,AG-SAF-01,CPT-004852,Crédit professionnel,1334776.37,185385.61,0.0686,0.082,36,5,41128.63,2024-12-14,2025-01-13,2027-11-29,2027-07-02,31,5,0,En cours,Sans garantie,0.0,Études,388,C,1938.57,,0,CONS-045,2026-09-11 14:53:29.040360,2026-09-11 14:53:29.040360
CRD-001076,CLI-002202,AG-SET-01,CPT-002809,Crédit consommation,31885.5,22585.56,0.0463,0.0519,48,34,728.97,2023-08-22,2023-09-21,2027-08-01,2024-10-15,14,34,0,En cours,Caution personnelle,27232.6,Investissement,712,A,244.12,,0,CONS-050,2026-09-11 14:53:29.043360,2026-09-11 14:53:29.043360
CRD-001077,CLI-001062,AG-TAN-02,CPT-001352,Crédit professionnel,109029.38,87223.5,0.079,0.0893,60,48,2205.51,2026-01-25,2026-02-24,2030-12-30,2027-01-20,12,48,4,En cours (retard),Caution personnelle,100446.46,Fonds de roulement,440,C,1987.89,,0,CONS-034,2026-09-11 14:53:29.046359,2026-09-11 14:53:29.046359
CRD-001078,CLI-000844,AG-MAR-02,CPT-001076,Crédit automobile,59810.05,34889.2,0.0566,0.062,48,28,1395.34,2025-05-05,2025-06-04,2029-04-14,2026-12-26,20,28,0,En cours,Nantissement,35575.14,Études,550,C,209.73,,0,CONS-019,2026-09-11 14:53:29.048361,2026-09-11 14:53:29.048361
CRD-001079,CLI-003873,AG-CAS-04,CPT-004952,Crédit immobilier,793768.41,89960.42,0.0464,0.0552,300,34,4475.34,2021-09-15,2021-10-15,2046-05-07,2043-07-22,266,34,0,En cours,Garantie autonome,437853.41,Études,705,A,325.19,,0,CONS-050,2026-09-11 14:53:29.051358,2026-09-11 14:53:29.051358
CRD-001080,CLI-002252,AG-NAD-01,CPT-002871,Crédit immobilier,462431.85,163392.59,0.0503,0.0601,300,106,2711.42,2025-11-19,2025-12-19,2050-07-11,2041-10-26,194,106,0,En cours,Sans garantie,0.0,Équipement professionnel,850,A,2289.06,,0,CONS-047,2026-09-11 14:53:29.054359,2026-09-11 14:53:29.054359
CRD-001081,CLI-000212,AG-AGA-01,CPT-000267,Crédit immobilier,330297.16,85877.26,0.0627,0.0801,300,78,2182.95,2024-06-13,2024-07-13,2049-02-02,2042-09-07,222,78,0,En cours,Caution personnelle,365281.49,Études,563,C,812.74,,0,CONS-044,2026-09-11 14:53:29.056359,2026-09-11 14:53:29.056359
CRD-001082,CLI-003998,AG-CAS-01,CPT-005109,Crédit professionnel,905700.54,0.0,0.0557,0.0746,48,0,21092.31,2022-09-03,2022-10-03,2026-08-13,2026-08-13,48,0,0,En cours,Caution personnelle,908399.44,Études,559,C,0.0,,0,CONS-038,2026-09-11 14:53:29.059359,2026-09-11 14:53:29.059359
CRD-001083,CLI-000680,AG-TAN-01,CPT-000859,Crédit investissement,28198.13,8224.45,0.059,0.0655,48,14,660.94,2025-02-26,2025-03-28,2029-02-05,2027-12-13,34,14,0,En cours,Sans garantie,0.0,Études,492,C,74.13,,0,CONS-037,2026-09-11 14:53:29.062337,2026-09-11 14:53:29.062337
CRD-001084,CLI-000566,AG-SAF-01,CPT-000718,Crédit consommation,19157.32,4789.33,0.0402,0.0478,12,3,1631.42,2024-04-03,2024-05-03,2025-03-29,2024-12-29,9,3,0,En cours,Caution personnelle,20671.42,Équipement professionnel,609,B,24.89,,0,CONS-005,2026-09-11 14:53:29.065336,2026-09-11 14:53:29.065336
CRD-001085,CLI-003291,AG-NAD-01,CPT-004189,Crédit équipement,13978.37,4659.46,0.0481,0.059,12,4,1195.44,2024-02-11,2024-03-12,2025-02-05,2024-10-08,8,4,15,En cours (retard),Garantie autonome,14971.63,Travaux,686,B,91.97,,0,CONS-050,2026-09-11 14:53:29.067338,2026-09-11 14:53:29.067338
CRD-001086,CLI-004355,AG-KHE-01,CPT-005586,Crédit immobilier,284124.91,14206.25,0.0309,0.0425,120,6,2755.35,2024-11-22,2024-12-22,2034-10-01,2034-04-04,114,6,0,En cours,Garantie autonome,257927.71,Véhicule,594,C,98.36,,0,CONS-026,2026-09-11 14:53:29.070339,2026-09-11 14:53:29.070339
CRD-001087,CLI-000681,AG-CAS-06,CPT-000861,Crédit consommation,12541.04,0.0,0.0639,0.0768,24,0,558.03,2026-05-13,2026-06-12,2028-05-02,2028-05-02,24,0,0,En cours,Sans garantie,0.0,Achat immobilier,540,C,0.0,,0,CONS-032,2026-09-11 14:53:29.073337,2026-09-11 14:53:29.073337
CRD-001088,CLI-000181,AG-SET-01,CPT-000226,Crédit automobile,20970.6,9436.77,0.0535,0.0723,60,27,399.11,2024-07-23,2024-08-22,2029-06-27,2027-04-09,33,27,158,Incident de paiement,Caution personnelle,24158.59,Achat immobilier,487,D,1604.87,2026-01-07,1,CONS-001,2026-09-11 14:53:29.075339,2026-09-11 14:53:29.075339
CRD-001089,CLI-004280,AG-TAN-01,CPT-005489,Crédit automobile,121167.11,80778.07,0.0552,0.0749,60,40,2315.55,2021-12-17,2022-01-16,2026-11-21,2023-08-09,20,40,0,En cours,Hypothèque,75874.5,Équipement professionnel,577,C,279.19,,0,CONS-005,2026-09-11 14:53:29.078358,2026-09-11 14:53:29.078358
CRD-001090,CLI-002496,AG-AGA-01,CPT-003175,Crédit investissement,28505.05,8822.99,0.0686,0.0833,84,26,428.27,2025-03-21,2025-04-20,2032-02-13,2029-12-25,58,26,0,En cours,Hypothèque,32456.72,Travaux,539,C,41.81,,0,CONS-003,2026-09-11 14:53:29.081361,2026-09-11 14:53:29.081361
CRD-001091,CLI-002317,AG-NAD-01,CPT-002955,Crédit automobile,20813.5,19772.83,0.0498,0.0688,60,57,392.59,2025-01-04,2025-02-03,2029-12-09,2025-04-04,3,57,0,En cours,Sans garantie,0.0,Fonds de roulement,434,C,112.34,,0,CONS-032,2026-09-11 14:53:29.084360,2026-09-11 14:53:29.084360
CRD-001092,CLI-004274,AG-KHE-01,CPT-005481,Crédit consommation,17600.6,7333.58,0.0461,0.0658,36,15,524.43,2026-06-11,2026-07-11,2029-05-26,2028-03-02,21,15,0,En cours,Sans garantie,0.0,Véhicule,700,A,35.73,,0,CONS-047,2026-09-11 14:53:29.086362,2026-09-11 14:53:29.086362
CRD-001093,CLI-000279,AG-OUJ-01,CPT-000350,Crédit immobilier,376295.95,258389.89,0.0778,0.0946,300,206,2849.69,2023-08-25,2023-09-24,2048-04-15,2031-05-15,94,206,0,En cours,Caution personnelle,282319.28,Travaux,698,B,2455.13,,0,CONS-032,2026-09-11 14:53:29.089356,2026-09-11 14:53:29.089356
CRD-001094,CLI-003684,AG-FÈS-01,CPT-004710,Crédit consommation,7225.1,5418.83,0.0725,0.0849,36,27,223.92,2023-03-19,2023-04-18,2026-03-03,2023-12-14,9,27,0,En cours,Nantissement,5220.16,Achat immobilier,615,B,19.37,,0,CONS-040,2026-09-11 14:53:29.091490,2026-09-11 14:53:29.091490
CRD-001095,CLI-004763,AG-MOH-01,CPT-006105,Crédit immobilier,121171.3,33322.11,0.0431,0.0513,120,33,1244.73,2022-11-07,2022-12-07,2032-09-15,2029-12-30,87,33,0,En cours,Nantissement,80210.05,Investissement,581,C,227.57,,0,CONS-028,2026-09-11 14:53:29.094487,2026-09-11 14:53:29.094487
CRD-001096,CLI-000433,AG-LAÂ-01,CPT-000548,Crédit consommation,28399.29,1577.74,0.0517,0.0633,36,2,853.32,2024-02-20,2024-03-21,2027-02-04,2026-12-06,34,2,0,En cours,Sans garantie,0.0,Fonds de roulement,552,C,7.17,,0,CONS-015,2026-09-11 14:53:29.097491,2026-09-11 14:53:29.097491
CRD-001097,CLI-000290,AG-RAB-03,CPT-000362,Crédit consommation,10691.92,297.0,0.0361,0.0491,36,1,313.82,2024-05-07,2024-06-06,2027-04-22,2027-03-23,35,1,0,En cours,Nantissement,12557.44,Investissement,430,C,1.74,,0,CONS-034,2026-09-11 14:53:29.100624,2026-09-11 14:53:29.100624
CRD-001098,CLI-001028,AG-SET-01,CPT-001310,Crédit immobilier,1281788.99,1080975.38,0.0671,0.0852,300,253,8823.68,2021-11-11,2021-12-11,2046-07-03,2025-09-21,47,253,0,En cours,Caution personnelle,1366847.5,Études,695,B,5321.53,,0,CONS-028,2026-09-11 14:53:29.102625,2026-09-11 14:53:29.102625
CRD-001099,CLI-000536,AG-FÈS-02,CPT-000681,Crédit consommation,21025.22,2336.14,0.0791,0.0967,36,4,657.98,2023-08-25,2023-09-24,2026-08-09,2026-04-11,32,4,0,En cours,Nantissement,23425.51,Véhicule,673,B,16.41,,0,CONS-007,2026-09-11 14:53:29.105625,2026-09-11 14:53:29.105625
CRD-001100,CLI-003632,AG-CAS-02,CPT-004644,Crédit professionnel,69285.56,2309.52,0.0327,0.052,60,2,1253.3,2022-06-20,2022-07-20,2027-05-25,2027-03-26,58,2,0,En cours,Garantie autonome,53746.32,Investissement,537,C,14.18,,0,CONS-016,2026-09-11 14:53:29.107624,2026-09-11 14:53:29.107624
CRD-001101,CLI-000189,AG-SAL-01,CPT-000237,Crédit professionnel,1288498.55,357916.26,0.0788,0.0952,36,10,40305.57,2024-10-18,2024-11-17,2027-10-03,2026-12-07,26,10,0,En cours,Hypothèque,647588.03,Achat immobilier,643,B,1491.49,,0,CONS-044,2026-09-11 14:53:29.110620,2026-09-11 14:53:29.110620
CRD-001102,CLI-002175,AG-NAD-01,CPT-002775,Crédit immobilier,777756.11,272214.64,0.0444,0.0509,240,84,4895.32,2024-07-27,2024-08-26,2044-04-13,2037-05-20,156,84,0,En cours,Hypothèque,764776.66,Équipement professionnel,456,C,918.48,,0,CONS-017,2026-09-11 14:53:29.112625,2026-09-11 14:53:29.112625
CRD-001103,CLI-003916,AG-EL -01,CPT-005005,Crédit immobilier,102560.82,28375.16,0.051,0.0579,300,83,605.55,2023-08-06,2023-09-05,2048-03-27,2041-06-02,217,83,0,En cours,Hypothèque,92669.43,Achat immobilier,480,C,168.15,,0,CONS-039,2026-09-11 14:53:29.116599,2026-09-11 14:53:29.116599
CRD-001104,CLI-001863,AG-NAD-01,CPT-002377,Crédit immobilier,156870.57,32942.82,0.0379,0.0476,300,63,809.94,2023-09-02,2023-10-02,2048-04-23,2043-02-19,237,63,362,Contentieux,Caution personnelle,183950.29,Investissement,555,D,11843.02,2025-08-02,1,CONS-004,2026-09-11 14:53:29.119631,2026-09-11 14:53:29.119631
CRD-001105,CLI-000271,AG-MAR-02,CPT-000340,Crédit automobile,50656.12,28494.07,0.0792,0.09,48,27,1234.76,2024-11-09,2024-12-09,2028-10-19,2026-08-01,21,27,0,En cours,Sans garantie,0.0,Équipement professionnel,627,B,180.55,,0,CONS-035,2026-09-11 14:53:29.122631,2026-09-11 14:53:29.122631
CRD-001106,CLI-001729,AG-TAN-01,CPT-002207,Crédit équipement,9124.26,7603.55,0.076,0.0892,24,20,411.0,2024-03-01,2024-03-31,2026-02-19,2024-06-29,4,20,0,En cours,Garantie autonome,4867.93,Équipement professionnel,557,C,47.46,,0,CONS-036,2026-09-11 14:53:29.124633,2026-09-11 14:53:29.124633
CRD-001107,CLI-004076,AG-FÈS-02,CPT-005213,Crédit investissement,26159.75,7266.6,0.0549,0.0676,36,10,789.8,2023-11-25,2023-12-25,2026-11-09,2026-01-13,26,10,0,En cours,Hypothèque,21388.23,Fonds de roulement,528,C,27.4,,0,CONS-018,2026-09-11 14:53:29.127627,2026-09-11 14:53:29.127627
CRD-001108,CLI-002158,AG-SAF-01,CPT-002751,Crédit immobilier,161062.73,25949.0,0.0519,0.0684,180,29,1289.67,2023-10-10,2023-11-09,2038-07-23,2036-03-05,151,29,0,En cours,Garantie autonome,89645.63,Fonds de roulement,591,C,146.28,,0,CONS-034,2026-09-11 14:53:29.129634,2026-09-11 14:53:29.129634
CRD-001109,CLI-003932,AG-CAS-04,CPT-005028,Crédit professionnel,784691.16,483892.88,0.036,0.0411,60,37,14310.07,2021-11-09,2021-12-09,2026-10-14,2023-09-30,23,37,0,En cours,Hypothèque,854988.95,Véhicule,409,C,1280.51,,0,CONS-029,2026-09-11 14:53:29.133616,2026-09-11 14:53:29.133616
CRD-001110,CLI-000112,AG-CAS-04,CPT-000144,Crédit investissement,100203.57,54873.38,0.0432,0.0518,84,46,1384.47,2024-10-15,2024-11-14,2031-09-09,2027-11-29,38,46,0,En cours,Hypothèque,73418.95,Fonds de roulement,590,C,177.84,,0,CONS-036,2026-09-11 14:53:29.136612,2026-09-11 14:53:29.136612
CRD-001111,CLI-002385,AG-KHO-01,CPT-003034,Crédit consommation,2223.47,972.77,0.0456,0.0511,48,21,50.76,2023-12-14,2024-01-13,2027-11-23,2026-03-03,27,21,0,En cours,Sans garantie,0.0,Investissement,506,C,11.57,,0,CONS-017,2026-09-11 14:53:29.139612,2026-09-11 14:53:29.139612
CRD-001112,CLI-000221,AG-EL -01,CPT-000279,Crédit immobilier,119025.1,25788.77,0.0474,0.0543,240,52,768.52,2022-11-07,2022-12-07,2042-07-25,2038-04-17,188,52,0,En cours,Hypothèque,135147.48,Achat immobilier,537,C,168.97,,0,CONS-036,2026-09-11 14:53:29.143611,2026-09-11 14:53:29.143611
CRD-001113,CLI-000628,AG-FÈS-02,CPT-000789,Crédit investissement,96248.09,93574.53,0.0549,0.0656,36,35,2905.86,2022-08-23,2022-09-22,2025-08-07,2022-09-22,1,35,0,En cours,Hypothèque,93084.54,Fonds de roulement,616,B,377.52,,0,CONS-041,2026-09-11 14:53:29.147612,2026-09-11 14:53:29.147612
CRD-001114,CLI-001182,AG-NAD-01,CPT-001511,Crédit professionnel,344335.44,210427.21,0.0545,0.0658,36,22,10389.76,2022-03-28,2022-04-27,2025-03-12,2023-05-22,14,22,0,En cours,Caution personnelle,177170.45,Véhicule,424,C,1348.5,,0,CONS-014,2026-09-11 14:53:29.151867,2026-09-11 14:53:29.151867
CRD-001115,CLI-003382,AG-SAF-01,CPT-004310,Crédit automobile,67410.53,55051.93,0.0361,0.0436,60,49,1229.64,2022-12-17,2023-01-16,2027-11-21,2023-11-12,11,49,0,En cours,Garantie autonome,46307.26,Études,631,B,315.06,,0,CONS-040,2026-09-11 14:53:29.154868,2026-09-11 14:53:29.154868
CRD-001116,CLI-002423,AG-AGA-01,CPT-003081,Crédit immobilier,108450.63,89291.02,0.0542,0.064,300,247,660.81,2025-11-29,2025-12-29,2050-07-21,2030-04-07,53,247,0,En cours,Nantissement,126410.18,Investissement,467,C,798.19,,0,CONS-029,2026-09-11 14:53:29.158868,2026-09-11 14:53:29.158868
CRD-001117,CLI-000791,AG-TÉT-01,CPT-001008,Crédit automobile,43417.52,42512.99,0.0759,0.0927,48,47,1051.61,2023-03-06,2023-04-05,2027-02-13,2023-04-05,1,47,81,En cours (retard),Garantie autonome,38295.67,Investissement,573,C,1523.52,2025-10-14,1,CONS-042,2026-09-11 14:53:29.162865,2026-09-11 14:53:29.162865
CRD-001118,CLI-004276,AG-EL -01,CPT-005484,Crédit professionnel,26813.71,11917.2,0.0315,0.0426,36,16,781.55,2022-09-21,2022-10-21,2025-09-05,2024-05-13,20,16,0,En cours,Hypothèque,20899.4,Équipement professionnel,592,C,22.07,,0,CONS-040,2026-09-11 14:53:29.166052,2026-09-11 14:53:29.166052
CRD-001119,CLI-000462,AG-MOH-01,CPT-000584,Crédit immobilier,972979.71,818924.59,0.0657,0.0724,120,101,11082.67,2023-05-25,2023-06-24,2033-04-02,2024-12-15,19,101,0,En cours,Sans garantie,0.0,Fonds de roulement,850,A,7149.64,,0,CONS-045,2026-09-11 14:53:29.170056,2026-09-11 14:53:29.170056
CRD-001120,CLI-004403,AG-CAS-03,CPT-005645,Crédit professionnel,118173.67,57117.27,0.0344,0.0421,60,29,2146.61,2021-12-25,2022-01-24,2026-11-29,2024-07-12,31,29,145,Incident de paiement,Hypothèque,125170.86,Fonds de roulement,666,D,5670.89,2025-03-09,2,CONS-033,2026-09-11 14:53:29.173052,2026-09-11 14:53:29.173052
CRD-001121,CLI-000552,AG-KHE-01,CPT-000701,Crédit immobilier,480488.4,380386.65,0.0419,0.0541,120,95,4908.22,2024-05-16,2024-06-15,2034-03-25,2026-06-05,25,95,0,En cours,Caution personnelle,519229.87,Travaux,571,C,2015.42,,0,CONS-015,2026-09-11 14:53:29.176258,2026-09-11 14:53:29.176258
CRD-001122,CLI-003130,AG-FÈS-02,CPT-003994,Crédit équipement,13351.26,6119.33,0.0475,0.0671,48,22,305.96,2024-02-24,2024-03-25,2028-02-03,2026-04-14,26,22,0,En cours,Nantissement,13518.11,Études,610,B,53.38,,0,CONS-043,2026-09-11 14:53:29.181253,2026-09-11 14:53:29.181253
CRD-001123,CLI-001445,AG-SAF-01,CPT-001860,Crédit consommation,31268.21,7165.63,0.0788,0.0847,48,11,761.59,2022-08-27,2022-09-26,2026-08-06,2025-09-10,37,11,0,En cours,Caution personnelle,32475.91,Études,591,C,52.04,,0,CONS-041,2026-09-11 14:53:29.185256,2026-09-11 14:53:29.185256
CRD-001124,CLI-000199,AG-SAF-01,CPT-000252,Crédit équipement,24476.73,20397.28,0.0398,0.0466,12,10,2083.97,2024-03-05,2024-04-04,2025-02-28,2024-05-04,2,10,0,En cours,Caution personnelle,28418.99,Travaux,810,A,211.52,,0,CONS-017,2026-09-11 14:53:29.190325,2026-09-11 14:53:29.190325
CRD-001125,CLI-002590,AG-LAÂ-01,CPT-003294,Crédit immobilier,1076243.68,493278.35,0.059,0.0759,240,110,7648.58,2022-01-21,2022-02-20,2041-10-08,2032-09-25,130,110,0,En cours,Hypothèque,983180.8,Équipement professionnel,594,C,1881.91,,0,CONS-022,2026-09-11 14:53:29.194443,2026-09-11 14:53:29.194443
CRD-001126,CLI-000403,AG-SET-01,CPT-000507,Crédit immobilier,717841.47,514453.05,0.0621,0.0674,240,172,5230.18,2022-02-25,2022-03-27,2041-11-12,2027-09-27,68,172,11,En cours (retard),Sans garantie,0.0,Équipement professionnel,606,B,16058.72,,0,CONS-043,2026-09-11 14:53:29.199614,2026-09-11 14:53:29.199614
CRD-001127,CLI-003960,AG-MAR-02,CPT-005061,Crédit immobilier,288698.88,193668.83,0.0753,0.0812,240,161,2331.04,2022-04-05,2022-05-05,2041-12-21,2028-09-30,79,161,0,En cours,Caution personnelle,293683.83,Achat immobilier,628,B,891.55,,0,CONS-014,2026-09-11 14:53:29.202614,2026-09-11 14:53:29.202614
CRD-001128,CLI-004190,AG-AGA-01,CPT-005365,Crédit professionnel,156720.44,97017.42,0.0382,0.0471,84,52,2129.22,2024-06-24,2024-07-24,2031-05-19,2027-02-09,32,52,121,Incident de paiement,Hypothèque,153297.72,Véhicule,717,D,10752.91,2025-11-25,3,CONS-036,2026-09-11 14:53:29.205609,2026-09-11 14:53:29.205609
CRD-001129,CLI-004764,AG-KÉN-01,CPT-006106,Crédit consommation,4524.25,3393.19,0.0565,0.0764,36,27,136.92,2024-02-26,2024-03-27,2027-02-10,2024-11-22,9,27,0,En cours,Sans garantie,0.0,Véhicule,521,C,28.48,,0,CONS-017,2026-09-11 14:53:29.208614,2026-09-11 14:53:29.208614
CRD-001130,CLI-002096,AG-TAN-01,CPT-002670,Crédit immobilier,104121.62,88503.38,0.051,0.0636,120,102,1109.47,2025-04-05,2025-05-05,2035-02-12,2026-09-27,18,102,0,En cours,Sans garantie,0.0,Véhicule,601,B,1034.55,,0,CONS-009,2026-09-11 14:53:29.213608,2026-09-11 14:53:29.213608
CRD-001131,CLI-002901,AG-CAS-06,CPT-003698,Crédit automobile,32715.5,28898.69,0.0479,0.0624,60,53,614.24,2026-07-14,2026-08-13,2031-06-18,2027-02-09,7,53,85,En cours (retard),Caution personnelle,19964.1,Travaux,737,C,754.12,2026-08-05,2,CONS-016,2026-09-11 14:53:29.216607,2026-09-11 14:53:29.216607
CRD-001132,CLI-004463,AG-RAB-01,CPT-005723,Crédit immobilier,197054.55,42695.15,0.0529,0.067,120,26,2118.11,2023-02-20,2023-03-22,2032-12-29,2030-11-10,94,26,0,En cours,Nantissement,171143.91,Travaux,768,A,121.43,,0,CONS-040,2026-09-11 14:53:29.220607,2026-09-11 14:53:29.220607
CRD-001133,CLI-000651,AG-MAR-01,CPT-000822,Crédit consommation,4023.03,2011.52,0.0547,0.0638,12,6,345.27,2024-02-14,2024-03-15,2025-02-08,2024-08-12,6,6,0,En cours,Sans garantie,0.0,Achat immobilier,567,C,11.29,,0,CONS-045,2026-09-11 14:53:29.223611,2026-09-11 14:53:29.223611
CRD-001134,CLI-000709,AG-LAÂ-01,CPT-000899,Crédit automobile,13230.69,5512.79,0.0343,0.0436,24,10,571.19,2023-06-11,2023-07-11,2025-05-31,2024-08-04,14,10,0,En cours,Hypothèque,10782.64,Travaux,547,C,14.53,,0,CONS-013,2026-09-11 14:53:29.229612,2026-09-11 14:53:29.229612
CRD-001135,CLI-001481,AG-SAF-01,CPT-001905,Crédit immobilier,65525.9,42864.86,0.0326,0.0491,240,157,371.99,2024-01-13,2024-02-12,2043-09-30,2030-11-07,83,157,0,En cours,Garantie autonome,40151.65,Fonds de roulement,670,B,165.21,,0,CONS-042,2026-09-11 14:53:29.233619,2026-09-11 14:53:29.233619
CRD-001136,CLI-004415,AG-TÉT-01,CPT-005659,Crédit immobilier,223147.48,208270.98,0.0599,0.0659,120,112,2476.27,2026-05-05,2026-06-04,2036-03-13,2026-12-31,8,112,0,En cours,Nantissement,223754.39,Achat immobilier,620,B,811.61,,0,CONS-037,2026-09-11 14:53:29.236619,2026-09-11 14:53:29.236619
CRD-001137,CLI-003066,AG-TAN-02,CPT-003910,Crédit consommation,8402.35,2100.59,0.052,0.0628,12,3,720.07,2023-06-16,2023-07-16,2024-06-10,2024-03-12,9,3,179,Incident de paiement,Sans garantie,0.0,Travaux,747,D,291.31,2023-07-06,1,CONS-030,2026-09-11 14:53:29.239614,2026-09-11 14:53:29.239614
CRD-001138,CLI-002396,AG-SET-01,CPT-003049,Crédit investissement,74736.78,20241.21,0.0516,0.0578,48,13,1726.56,2023-03-04,2023-04-03,2027-02-11,2026-01-17,35,13,0,En cours,Hypothèque,56623.29,Équipement professionnel,539,C,76.24,,0,CONS-009,2026-09-11 14:53:29.242614,2026-09-11 14:53:29.242614
CRD-001139,CLI-001770,AG-EL -01,CPT-002259,Crédit consommation,3881.04,2263.94,0.0347,0.0531,24,14,167.62,2022-06-25,2022-07-25,2024-06-14,2023-04-21,10,14,0,En cours,Hypothèque,2218.43,Achat immobilier,543,C,7.3,,0,CONS-002,2026-09-11 14:53:29.245614,2026-09-11 14:53:29.245614
CRD-001140,CLI-000315,AG-RAB-01,CPT-000396,Crédit immobilier,79619.18,68671.54,0.0516,0.0651,240,207,532.51,2026-09-08,2026-10-08,2046-05-26,2029-05-25,33,207,94,Incident de paiement,Hypothèque,53735.63,Fonds de roulement,511,D,6173.0,2026-09-10,1,CONS-036,2026-09-11 14:53:29.248613,2026-09-11 14:53:29.248613
CRD-001141,CLI-003762,AG-CAS-04,CPT-004812,Crédit immobilier,1462861.16,377905.8,0.0676,0.0736,120,31,16804.67,2024-04-13,2024-05-13,2034-02-20,2031-08-05,89,31,0,En cours,Caution personnelle,1162600.71,Études,533,C,2709.62,,0,CONS-040,2026-09-11 14:53:29.250616,2026-09-11 14:53:29.250616
CRD-001142,CLI-004910,AG-CAS-05,CPT-006293,Crédit automobile,54019.69,15005.47,0.0771,0.092,36,10,1685.56,2023-08-14,2023-09-13,2026-07-29,2025-10-02,26,10,0,En cours,Hypothèque,29376.35,Véhicule,475,C,35.32,,0,CONS-004,2026-09-11 14:53:29.253613,2026-09-11 14:53:29.253613
CRD-001143,CLI-000114,AG-NAD-01,CPT-000147,Crédit consommation,27128.89,27128.89,0.0441,0.0516,36,36,805.91,2022-02-09,2022-03-11,2025-01-24,,0,36,0,En cours,Sans garantie,0.0,Achat immobilier,413,C,202.01,,0,CONS-014,2026-09-11 14:53:29.256613,2026-09-11 14:53:29.256613
CRD-001144,CLI-000961,AG-LAÂ-01,CPT-001226,Crédit professionnel,88554.3,84864.54,0.0744,0.0837,48,46,2138.67,2024-12-25,2025-01-24,2028-12-04,2025-02-23,2,46,0,En cours,Garantie autonome,103905.42,Achat immobilier,788,A,730.99,,0,CONS-016,2026-09-11 14:53:29.258613,2026-09-11 14:53:29.258613
CRD-001145,CLI-002911,AG-KHO-01,CPT-003713,Crédit professionnel,62424.82,45778.2,0.0726,0.0911,60,44,1243.76,2024-06-01,2024-07-01,2029-05-06,2025-09-24,16,44,0,En cours,Caution personnelle,42201.41,Études,557,C,527.67,,0,CONS-010,2026-09-11 14:53:29.261609,2026-09-11 14:53:29.261609
CRD-001146,CLI-003406,AG-CAS-03,CPT-004344,Crédit automobile,24559.61,3069.95,0.0517,0.0648,48,6,567.48,2024-08-01,2024-08-31,2028-07-11,2028-01-13,42,6,0,En cours,Garantie autonome,14474.58,Véhicule,702,A,11.63,,0,CONS-013,2026-09-11 14:53:29.264609,2026-09-11 14:53:29.264609
CRD-001147,CLI-001624,AG-AGA-02,CPT-002079,Crédit professionnel,41182.47,24709.48,0.0461,0.0623,60,36,769.83,2025-04-21,2025-05-21,2030-03-26,2027-04-11,24,36,0,En cours,Garantie autonome,48133.06,Investissement,543,C,84.73,,0,CONS-045,2026-09-11 14:53:29.266799,2026-09-11 14:53:29.266799
CRD-001148,CLI-003323,AG-RAB-03,CPT-004229,Crédit professionnel,243316.79,63725.83,0.0754,0.0877,84,22,3736.87,2023-11-05,2023-12-05,2030-09-29,2028-12-08,62,22,0,En cours,Hypothèque,217837.45,Véhicule,559,C,132.28,,0,CONS-032,2026-09-11 14:53:29.268798,2026-09-11 14:53:29.268798
CRD-001149,CLI-005000,AG-NAD-01,CPT-006405,Crédit automobile,28529.12,2377.43,0.0671,0.0788,60,5,561.02,2025-01-06,2025-02-05,2029-12-11,2029-07-14,55,5,0,En cours,Caution personnelle,23304.63,Investissement,447,C,16.46,,0,CONS-034,2026-09-11 14:53:29.271798,2026-09-11 14:53:29.271798
CRD-001150,CLI-001819,AG-BÉN-01,CPT-002319,Crédit immobilier,112181.05,97223.58,0.0728,0.0859,240,208,888.69,2022-09-21,2022-10-21,2042-06-08,2025-05-08,32,208,0,En cours,Garantie autonome,91582.75,Études,521,C,900.13,,0,CONS-031,2026-09-11 14:53:29.274797,2026-09-11 14:53:29.274797
CRD-001151,CLI-003195,AG-OUJ-01,CPT-004073,Crédit consommation,10493.42,4809.48,0.0535,0.0732,24,11,462.01,2023-01-02,2023-02-01,2024-12-22,2024-01-27,13,11,0,En cours,Garantie autonome,9879.56,Fonds de roulement,705,A,34.35,,0,CONS-026,2026-09-11 14:53:29.277796,2026-09-11 14:53:29.277796
CRD-001152,CLI-003008,AG-NAD-01,CPT-003839,Crédit immobilier,491410.3,116300.44,0.0728,0.0926,300,71,3561.45,2024-11-30,2024-12-30,2049-07-22,2043-09-22,229,71,0,En cours,Sans garantie,0.0,Investissement,724,A,539.51,,0,CONS-009,2026-09-11 14:53:29.280798,2026-09-11 14:53:29.280798
CRD-001153,CLI-003415,AG-RAB-01,CPT-004354,Crédit consommation,32581.61,24436.21,0.0464,0.0592,12,9,2783.86,2025-10-27,2025-11-26,2026-10-22,2026-01-25,3,9,0,En cours,Garantie autonome,28426.69,Équipement professionnel,574,C,285.59,,0,CONS-018,2026-09-11 14:53:29.282799,2026-09-11 14:53:29.282799
CRD-001154,CLI-004529,AG-SAF-01,CPT-005805,Crédit professionnel,205056.7,102528.35,0.0482,0.0649,48,24,4705.61,2022-03-01,2022-03-31,2026-02-08,2024-02-19,24,24,0,En cours,Garantie autonome,228170.97,Études,546,C,712.53,,0,CONS-006,2026-09-11 14:53:29.285798,2026-09-11 14:53:29.285798
CRD-001155,CLI-001898,AG-MAR-01,CPT-002420,Crédit consommation,12306.96,5127.9,0.0345,0.0458,24,10,531.42,2026-04-11,2026-05-11,2028-03-31,2027-06-05,14,10,0,En cours,Sans garantie,0.0,Fonds de roulement,506,C,65.67,,0,CONS-015,2026-09-11 14:53:29.288800,2026-09-11 14:53:29.288800
CRD-001156,CLI-001919,AG-AGA-01,CPT-002448,Crédit consommation,33358.05,8339.51,0.0468,0.0529,12,3,2850.81,2024-01-27,2024-02-26,2025-01-21,2024-10-23,9,3,0,En cours,Garantie autonome,23428.76,Travaux,634,B,54.99,,0,CONS-019,2026-09-11 14:53:29.291798,2026-09-11 14:53:29.291798
CRD-001157,CLI-001271,AG-CAS-03,CPT-001629,Crédit automobile,33831.53,4510.87,0.046,0.056,60,8,632.26,2022-03-07,2022-04-06,2027-02-09,2026-06-14,52,8,0,En cours,Hypothèque,21629.9,Études,603,B,7.17,,0,CONS-009,2026-09-11 14:53:29.293800,2026-09-11 14:53:29.293800
CRD-001158,CLI-004177,AG-NAD-01,CPT-005350,Crédit automobile,33291.35,27742.79,0.0688,0.0869,36,30,1026.11,2024-03-18,2024-04-17,2027-03-03,2024-09-14,6,30,212,Contentieux,Garantie autonome,35688.61,Véhicule,605,D,8792.0,2024-10-06,2,CONS-027,2026-09-11 14:53:29.296799,2026-09-11 14:53:29.296799
CRD-001159,CLI-004963,AG-CAS-03,CPT-006360,Crédit automobile,20522.42,18384.67,0.0303,0.0492,48,43,454.52,2023-08-03,2023-09-02,2027-07-13,2023-12-31,5,43,0,En cours,Sans garantie,0.0,Études,610,B,208.23,,0,CONS-010,2026-09-11 14:53:29.298799,2026-09-11 14:53:29.298799
CRD-001160,CLI-004884,AG-MAR-01,CPT-006261,Crédit immobilier,159965.66,110198.57,0.055,0.0683,180,124,1307.05,2022-09-08,2022-10-08,2037-06-21,2027-04-15,56,124,0,En cours,Hypothèque,136054.81,Équipement professionnel,667,B,450.59,,0,CONS-009,2026-09-11 14:53:29.301961,2026-09-11 14:53:29.301961
CRD-001161,CLI-004095,AG-KHE-01,CPT-005239,Crédit consommation,36333.22,34819.34,0.0612,0.0749,48,46,855.29,2025-01-04,2025-02-03,2028-12-14,2025-03-05,2,46,0,En cours,Garantie autonome,29781.32,Travaux,519,C,103.76,,0,CONS-024,2026-09-11 14:53:29.304964,2026-09-11 14:53:29.304964
CRD-001162,CLI-003160,AG-MEK-01,CPT-004034,Crédit équipement,11390.28,11390.28,0.0344,0.0538,12,12,966.97,2025-03-16,2025-04-15,2026-03-11,,0,12,0,En cours,Caution personnelle,11298.18,Investissement,666,B,59.87,,0,CONS-020,2026-09-11 14:53:29.307964,2026-09-11 14:53:29.307964
CRD-001163,CLI-001814,AG-MAR-01,CPT-002312,Crédit immobilier,134317.94,67158.97,0.0477,0.0596,120,60,1409.6,2022-10-15,2022-11-14,2032-08-23,2027-09-19,60,60,0,En cours,Caution personnelle,135609.93,Achat immobilier,498,C,236.36,,0,CONS-049,2026-09-11 14:53:29.309964,2026-09-11 14:53:29.309964
CRD-001164,CLI-002427,AG-KHO-01,CPT-003087,Crédit immobilier,79316.01,10575.47,0.0651,0.0781,120,16,901.02,2022-08-19,2022-09-18,2032-06-27,2031-03-05,104,16,0,En cours,Sans garantie,0.0,Équipement professionnel,672,B,38.56,,0,CONS-034,2026-09-11 14:53:29.312963,2026-09-11 14:53:29.312963
CRD-001165,CLI-003951,AG-CAS-02,CPT-005051,Crédit équipement,35952.37,12733.13,0.0345,0.0512,48,17,802.95,2021-09-14,2021-10-14,2025-08-24,2024-04-01,31,17,93,Incident de paiement,Sans garantie,0.0,Fonds de roulement,413,D,3411.35,2021-11-16,1,CONS-006,2026-09-11 14:53:29.315172,2026-09-11 14:53:29.315172
CRD-001166,CLI-004429,AG-OUJ-01,CPT-005677,Crédit professionnel,12715.76,529.82,0.0653,0.0777,48,2,301.73,2023-08-10,2023-09-09,2027-07-20,2027-05-21,46,2,0,En cours,Sans garantie,0.0,Investissement,769,A,3.13,,0,CONS-005,2026-09-11 14:53:29.319177,2026-09-11 14:53:29.319177
CRD-001167,CLI-002143,AG-MOH-01,CPT-002732,Crédit immobilier,317834.27,68864.09,0.0432,0.06,180,39,2402.27,2026-05-13,2026-06-12,2041-02-23,2037-12-11,141,39,0,En cours,Hypothèque,176409.88,Véhicule,574,C,126.5,,0,CONS-038,2026-09-11 14:53:29.322198,2026-09-11 14:53:29.322198
CRD-001168,CLI-001627,AG-RAB-02,CPT-002082,Crédit immobilier,761821.51,259019.31,0.039,0.048,300,102,3979.23,2025-03-10,2025-04-09,2049-10-30,2041-06-14,198,102,135,Incident de paiement,Sans garantie,0.0,Investissement,757,D,39715.62,2026-07-14,2,CONS-011,2026-09-11 14:53:29.325324,2026-09-11 14:53:29.325324
CRD-001169,CLI-000790,AG-CAS-04,CPT-001007,Crédit automobile,35791.85,34002.26,0.0391,0.0536,60,57,657.71,2025-05-23,2025-06-22,2030-04-27,2025-08-21,3,57,0,En cours,Sans garantie,0.0,Études,595,C,136.1,,0,CONS-045,2026-09-11 14:53:29.328310,2026-09-11 14:53:29.328310
CRD-001170,CLI-003787,AG-MAR-02,CPT-004842,Crédit automobile,35769.68,19872.04,0.0755,0.0862,36,20,1113.48,2025-12-08,2026-01-07,2028-11-22,2027-04-02,16,20,0,En cours,Sans garantie,0.0,Investissement,717,A,133.97,,0,CONS-025,2026-09-11 14:53:29.331307,2026-09-11 14:53:29.331307
CRD-001171,CLI-001865,AG-FÈS-02,CPT-002379,Crédit immobilier,76902.75,50243.13,0.0328,0.0383,300,196,375.98,2026-03-03,2026-04-02,2050-10-23,2034-09-17,104,196,0,En cours,Nantissement,51517.33,Achat immobilier,555,C,360.74,,0,CONS-013,2026-09-11 14:53:29.334307,2026-09-11 14:53:29.334307
CRD-001172,CLI-002866,AG-CAS-01,CPT-003654,Crédit immobilier,212284.86,102604.35,0.073,0.0894,180,87,1943.86,2022-09-20,2022-10-20,2037-07-03,2030-05-11,93,87,0,En cours,Sans garantie,0.0,Investissement,647,B,451.04,,0,CONS-031,2026-09-11 14:53:29.336308,2026-09-11 14:53:29.336308
CRD-001173,CLI-000872,AG-CAS-01,CPT-001113,Crédit équipement,8761.46,2372.9,0.0505,0.0587,48,13,201.97,2022-10-16,2022-11-15,2026-09-25,2025-08-31,35,13,0,En cours,Garantie autonome,5255.58,Véhicule,576,C,18.49,,0,CONS-040,2026-09-11 14:53:29.339308,2026-09-11 14:53:29.339308
CRD-001174,CLI-003272,AG-KHE-01,CPT-004165,Crédit consommation,6722.87,6722.87,0.0761,0.0898,12,12,583.6,2025-10-07,2025-11-06,2026-10-02,,0,12,0,En cours,Caution personnelle,7474.41,Travaux,657,B,34.14,,0,CONS-002,2026-09-11 14:53:29.343810,2026-09-11 14:53:29.343810
CRD-001175,CLI-003834,AG-LAÂ-01,CPT-004902,Crédit équipement,12932.78,7005.26,0.0516,0.0577,24,13,568.31,2022-04-25,2022-05-25,2024-04-14,2023-03-21,11,13,0,En cours,Nantissement,11485.45,Études,610,B,39.83,,0,CONS-008,2026-09-11 14:53:29.347814,2026-09-11 14:53:29.347814
CRD-001176,CLI-000074,AG-CAS-01,CPT-000097,Crédit consommation,16803.1,0.0,0.0416,0.0534,12,0,1432.01,2025-09-17,2025-10-17,2026-09-12,2026-09-12,12,0,0,En cours,Hypothèque,8808.15,Achat immobilier,699,B,0.0,,0,CONS-014,2026-09-11 14:53:29.349814,2026-09-11 14:53:29.349814
CRD-001177,CLI-001753,AG-TAN-01,CPT-002235,Crédit équipement,6904.34,5753.62,0.0728,0.081,24,20,310.0,2025-07-13,2025-08-12,2027-07-03,2025-11-10,4,20,0,En cours,Hypothèque,4415.96,Véhicule,678,B,36.65,,0,CONS-042,2026-09-11 14:53:29.352816,2026-09-11 14:53:29.352816
CRD-001178,CLI-001422,AG-TAN-01,CPT-001827,Crédit immobilier,147146.69,8583.56,0.0639,0.0755,240,14,1087.58,2026-04-13,2026-05-13,2045-12-29,2044-11-04,226,14,0,En cours,Nantissement,87607.21,Travaux,641,B,56.27,,0,CONS-049,2026-09-11 14:53:29.355814,2026-09-11 14:53:29.355814
CRD-001179,CLI-004222,AG-EL -01,CPT-005409,Crédit professionnel,92915.41,7742.95,0.0318,0.0378,36,3,2709.47,2024-10-19,2024-11-18,2027-10-04,2027-07-06,33,3,0,En cours,Sans garantie,0.0,Études,561,C,67.36,,0,CONS-003,2026-09-11 14:53:29.357814,2026-09-11 14:53:29.357814
CRD-001180,CLI-004694,AG-MAR-01,CPT-006016,Crédit automobile,15891.29,9269.92,0.0385,0.053,48,28,357.74,2023-09-07,2023-10-07,2027-08-17,2025-04-29,20,28,327,Contentieux,Garantie autonome,10236.58,Travaux,507,D,3121.04,2024-04-05,2,CONS-030,2026-09-11 14:53:29.360817,2026-09-11 14:53:29.360817
CRD-001181,CLI-004370,AG-CAS-06,CPT-005604,Crédit immobilier,1454843.48,684988.81,0.0432,0.0484,240,113,9063.3,2022-09-27,2022-10-27,2042-06-14,2033-03-03,127,113,0,En cours,Nantissement,767367.05,Fonds de roulement,616,B,2205.76,,0,CONS-024,2026-09-11 14:53:29.364833,2026-09-11 14:53:29.364833
CRD-001182,CLI-004576,AG-MOH-01,CPT-005870,Crédit investissement,14618.73,7715.44,0.065,0.0849,36,19,448.05,2023-04-25,2023-05-25,2026-04-09,2024-09-16,17,19,0,En cours,Sans garantie,0.0,Achat immobilier,596,C,52.85,,0,CONS-011,2026-09-11 14:53:29.366836,2026-09-11 14:53:29.366836
CRD-001183,CLI-003810,AG-CAS-03,CPT-004872,Crédit automobile,54432.04,48762.04,0.0591,0.0752,48,43,1276.09,2023-04-22,2023-05-22,2027-04-01,2023-09-19,5,43,353,Contentieux,Nantissement,41405.22,Véhicule,464,D,11272.98,2025-12-02,3,CONS-037,2026-09-11 14:53:29.369836,2026-09-11 14:53:29.369836
CRD-001184,CLI-002245,AG-KHO-01,CPT-002862,Crédit professionnel,100777.02,75582.76,0.0448,0.0571,84,63,1399.88,2022-06-21,2022-07-21,2029-05-15,2024-03-12,21,63,0,En cours,Nantissement,52268.03,Travaux,514,C,422.52,,0,CONS-033,2026-09-11 14:53:29.371833,2026-09-11 14:53:29.371833
CRD-001185,CLI-003048,AG-BÉN-01,CPT-003890,Crédit équipement,9816.97,9816.97,0.0671,0.0772,12,12,848.12,2023-08-31,2023-09-30,2024-08-25,,0,12,0,En cours,Caution personnelle,7529.88,Investissement,499,C,45.28,,0,CONS-014,2026-09-11 14:53:29.374828,2026-09-11 14:53:29.374828
CRD-001186,CLI-002446,AG-FÈS-02,CPT-003111,Crédit professionnel,87688.52,68689.34,0.0573,0.0743,60,47,1684.28,2023-08-14,2023-09-13,2028-07-18,2024-09-07,13,47,167,Incident de paiement,Hypothèque,88704.43,Équipement professionnel,432,D,4981.98,2025-09-29,3,CONS-031,2026-09-11 14:53:29.377827,2026-09-11 14:53:29.377827
CRD-001187,CLI-000495,AG-AGA-01,CPT-000628,Crédit immobilier,240329.99,180247.49,0.0668,0.0734,120,90,2750.96,2022-05-10,2022-06-09,2032-03-18,2024-10-26,30,90,0,En cours,Hypothèque,248433.49,Travaux,560,C,798.3,,0,CONS-027,2026-09-11 14:53:29.380832,2026-09-11 14:53:29.380832
CRD-001188,CLI-003131,AG-MAR-02,CPT-003995,Crédit professionnel,89983.15,53989.89,0.0474,0.0648,60,36,1687.4,2021-10-30,2021-11-29,2026-10-04,2023-10-20,24,36,0,En cours,Sans garantie,0.0,Véhicule,766,A,411.53,,0,CONS-035,2026-09-11 14:53:29.382832,2026-09-11 14:53:29.382832
CRD-001189,CLI-004322,AG-CAS-01,CPT-005545,Crédit professionnel,68967.98,54189.13,0.072,0.0772,84,66,1047.67,2026-05-21,2026-06-20,2033-04-14,2027-11-12,18,66,195,Contentieux,Garantie autonome,59778.75,Travaux,602,D,17086.02,2026-08-03,2,CONS-009,2026-09-11 14:53:29.385829,2026-09-11 14:53:29.385829
CRD-001190,CLI-004398,AG-KHO-01,CPT-005639,Crédit consommation,24808.06,4134.68,0.0664,0.0802,24,4,1106.68,2023-07-02,2023-08-01,2025-06-21,2025-02-21,20,4,0,En cours,Garantie autonome,26721.41,Études,679,B,22.52,,0,CONS-009,2026-09-11 14:53:29.387811,2026-09-11 14:53:29.387811
CRD-001191,CLI-001165,AG-AGA-02,CPT-001490,Crédit consommation,6159.36,0.0,0.0448,0.0536,12,0,525.82,2022-08-26,2022-09-25,2023-08-21,2023-08-21,12,0,0,En cours,Sans garantie,0.0,Travaux,808,A,0.0,,0,CONS-033,2026-09-11 14:53:29.390832,2026-09-11 14:53:29.390832
CRD-001192,CLI-003735,AG-TAN-02,CPT-004774,Crédit professionnel,18374.2,18374.2,0.0777,0.0835,36,36,573.83,2025-07-09,2025-08-08,2028-06-23,,0,36,0,En cours,Caution personnelle,11497.08,Équipement professionnel,750,A,90.66,,0,CONS-020,2026-09-11 14:53:29.393810,2026-09-11 14:53:29.393810
CRD-001193,CLI-001731,AG-CAS-02,CPT-002210,Crédit immobilier,1701280.59,697525.04,0.0474,0.0531,300,123,9689.51,2024-06-11,2024-07-11,2049-01-31,2038-12-25,177,123,0,En cours,Nantissement,1665971.02,Véhicule,688,B,4854.3,,0,CONS-023,2026-09-11 14:53:29.396812,2026-09-11 14:53:29.396812
CRD-001194,CLI-004813,AG-FÈS-01,CPT-006170,Crédit équipement,5546.43,1964.36,0.0665,0.0814,48,17,131.92,2023-06-02,2023-07-02,2027-05-12,2025-12-18,31,17,182,Contentieux,Nantissement,4481.35,Véhicule,711,D,479.42,2026-08-07,1,CONS-016,2026-09-11 14:53:29.399811,2026-09-11 14:53:29.399811
CRD-001195,CLI-002403,AG-KHE-01,CPT-003057,Crédit immobilier,169887.22,77864.98,0.0664,0.0724,120,55,1941.16,2024-07-09,2024-08-08,2034-05-18,2029-11-10,65,55,0,En cours,Hypothèque,167300.69,Études,808,A,126.79,,0,CONS-028,2026-09-11 14:53:29.401813,2026-09-11 14:53:29.401813
CRD-001196,CLI-003404,AG-FÈS-01,CPT-004342,Crédit équipement,10592.01,3530.67,0.0571,0.0749,36,12,320.84,2025-04-28,2025-05-28,2028-04-12,2027-04-18,24,12,81,En cours (retard),Caution personnelle,10373.43,Équipement professionnel,542,C,210.76,2025-12-17,2,CONS-031,2026-09-11 14:53:29.404810,2026-09-11 14:53:29.404810
CRD-001197,CLI-000619,AG-CAS-01,CPT-000779,Crédit immobilier,247248.6,145258.55,0.0675,0.0869,240,141,1879.99,2022-01-30,2022-03-01,2041-10-17,2030-03-19,99,141,0,En cours,Caution personnelle,172059.93,Véhicule,632,B,776.36,,0,CONS-029,2026-09-11 14:53:29.406812,2026-09-11 14:53:29.406812
CRD-001198,CLI-001698,AG-MOH-01,CPT-002168,Crédit équipement,3830.25,1276.75,0.0476,0.056,36,12,114.38,2023-06-28,2023-07-28,2026-06-12,2025-06-17,24,12,0,En cours,Sans garantie,0.0,Achat immobilier,711,A,7.1,,0,CONS-003,2026-09-11 14:53:29.409813,2026-09-11 14:53:29.409813
CRD-001199,CLI-003594,AG-MEK-01,CPT-004590,Crédit consommation,11455.27,10818.87,0.0603,0.068,36,34,348.65,2026-07-03,2026-08-02,2029-06-17,2026-09-01,2,34,0,En cours,Hypothèque,7731.77,Véhicule,618,B,22.12,,0,CONS-046,2026-09-11 14:53:29.412811,2026-09-11 14:53:29.412811
CRD-001200,CLI-001958,AG-RAB-01,CPT-002496,Crédit consommation,13339.13,6113.77,0.0564,0.0692,24,11,589.04,2025-01-28,2025-02-27,2027-01-18,2026-02-22,13,11,81,En cours (retard),Caution personnelle,15730.23,Travaux,541,C,187.82,2025-04-04,1,CONS-022,2026-09-11 14:53:29.414980,2026-09-11 14:53:29.414980
CRD-001201,CLI-001222,AG-SAF-01,CPT-001565,Crédit consommation,6790.42,6790.42,0.0303,0.0389,24,24,291.95,2023-06-19,2023-07-19,2025-06-08,,0,24,0,En cours,Caution personnelle,7129.77,Fonds de roulement,492,C,38.45,,0,CONS-033,2026-09-11 14:53:29.418006,2026-09-11 14:53:29.418006
CRD-001202,CLI-002074,AG-KHO-01,CPT-002642,Crédit consommation,25850.36,8616.79,0.0506,0.0653,12,4,2213.7,2026-07-17,2026-08-16,2027-07-12,2027-03-14,8,4,0,En cours,Nantissement,26579.76,Équipement professionnel,530,C,36.73,,0,CONS-033,2026-09-11 14:53:29.421005,2026-09-11 14:53:29.421005
CRD-001203,CLI-003411,AG-FÈS-02,CPT-004350,Crédit professionnel,12386.94,10322.45,0.0372,0.0556,36,30,364.17,2026-04-13,2026-05-13,2029-03-28,2026-10-10,6,30,327,Contentieux,Garantie autonome,7008.87,Fonds de roulement,563,D,2472.64,2026-08-17,1,CONS-016,2026-09-11 14:53:29.424111,2026-09-11 14:53:29.424111
CRD-001204,CLI-000870,AG-EL -01,CPT-001111,Crédit automobile,84785.16,11775.72,0.0413,0.0604,36,5,2508.1,2024-12-10,2025-01-09,2027-11-25,2027-06-28,31,5,0,En cours,Nantissement,54006.03,Équipement professionnel,642,B,60.46,,0,CONS-044,2026-09-11 14:53:29.426135,2026-09-11 14:53:29.426135
CRD-001205,CLI-002719,AG-CAS-03,CPT-003466,Crédit équipement,10950.44,2129.25,0.0486,0.0651,36,7,327.51,2022-07-11,2022-08-10,2025-06-25,2024-11-27,29,7,0,En cours,Sans garantie,0.0,Fonds de roulement,567,C,15.1,,0,CONS-026,2026-09-11 14:53:29.429135,2026-09-11 14:53:29.429135
CRD-001206,CLI-001043,AG-SAF-01,CPT-001328,Crédit automobile,36611.0,27458.25,0.0494,0.0659,24,18,1605.19,2025-08-26,2025-09-25,2027-08-16,2026-02-22,6,18,0,En cours,Nantissement,33168.25,Véhicule,517,C,231.82,,0,CONS-012,2026-09-11 14:53:29.432135,2026-09-11 14:53:29.432135
CRD-001207,CLI-001362,AG-CAS-01,CPT-001745,Crédit investissement,195954.32,88179.44,0.0374,0.052,60,27,3585.85,2026-08-11,2026-09-10,2031-07-16,2029-04-27,33,27,0,En cours,Nantissement,227206.29,Fonds de roulement,582,C,615.96,,0,CONS-018,2026-09-11 14:53:29.434135,2026-09-11 14:53:29.434135
CRD-001208,CLI-000357,AG-SAL-01,CPT-000451,Crédit équipement,9225.38,7687.82,0.0656,0.0707,24,20,411.21,2023-07-15,2023-08-14,2025-07-04,2023-11-12,4,20,0,En cours,Caution personnelle,9092.61,Achat immobilier,576,C,73.76,,0,CONS-006,2026-09-11 14:53:29.437135,2026-09-11 14:53:29.437135
CRD-001209,CLI-001163,AG-SAL-01,CPT-001488,Crédit professionnel,33531.99,25947.37,0.0456,0.0618,84,65,467.04,2022-04-10,2022-05-10,2029-03-04,2023-11-01,19,65,0,En cours,Caution personnelle,36744.44,Équipement professionnel,520,C,123.15,,0,CONS-019,2026-09-11 14:53:29.441342,2026-09-11 14:53:29.441342
CRD-001210,CLI-002766,AG-MAR-02,CPT-003525,Crédit immobilier,227052.67,198040.38,0.068,0.0865,180,157,2015.51,2021-09-28,2021-10-28,2036-07-11,2023-08-19,23,157,0,En cours,Hypothèque,173689.26,Véhicule,712,A,624.57,,0,CONS-023,2026-09-11 14:53:29.443321,2026-09-11 14:53:29.443321
CRD-001211,CLI-003253,AG-CAS-05,CPT-004142,Crédit équipement,11092.66,10168.27,0.061,0.0732,12,11,955.22,2025-07-02,2025-08-01,2026-06-27,2025-08-01,1,11,0,En cours,Caution personnelle,9392.89,Véhicule,567,C,70.99,,0,CONS-017,2026-09-11 14:53:29.446342,2026-09-11 14:53:29.446342
CRD-001212,CLI-001439,AG-OUJ-01,CPT-001851,Crédit automobile,21437.62,15184.98,0.0356,0.0525,48,34,479.83,2026-06-28,2026-07-28,2030-06-07,2027-08-22,14,34,54,En cours (retard),Caution personnelle,21083.22,Investissement,811,C,452.64,2026-07-16,2,CONS-038,2026-09-11 14:53:29.449326,2026-09-11 14:53:29.449326
CRD-001213,CLI-003604,AG-MAR-01,CPT-004606,Crédit immobilier,1574180.93,1180635.7,0.0665,0.0806,240,180,11876.1,2023-07-30,2023-08-29,2043-04-16,2028-07-03,60,180,0,En cours,Nantissement,1845499.03,Travaux,539,C,10511.16,,0,CONS-005,2026-09-11 14:53:29.453322,2026-09-11 14:53:29.453322
CRD-001214,CLI-004941,AG-BÉN-01,CPT-006332,Crédit automobile,4148.87,69.15,0.03,0.0371,60,1,74.55,2021-11-16,2021-12-16,2026-10-21,2026-09-21,59,1,0,En cours,Nantissement,4514.53,Études,569,C,0.16,,0,CONS-043,2026-09-11 14:53:29.456340,2026-09-11 14:53:29.456340
CRD-001215,CLI-004594,AG-SET-01,CPT-005891,Crédit professionnel,183511.3,117971.55,0.0751,0.0832,84,54,2815.65,2024-02-02,2024-03-03,2030-12-27,2026-07-21,30,54,356,Contentieux,Garantie autonome,97813.45,Équipement professionnel,544,D,24705.58,2026-04-21,3,CONS-044,2026-09-11 14:53:29.458339,2026-09-11 14:53:29.458339
CRD-001216,CLI-003640,AG-SET-01,CPT-004653,Crédit automobile,18280.57,13710.43,0.0419,0.0497,24,18,795.38,2023-12-20,2024-01-19,2025-12-09,2024-06-17,6,18,0,En cours,Nantissement,16760.24,Fonds de roulement,501,C,100.55,,0,CONS-038,2026-09-11 14:53:29.461325,2026-09-11 14:53:29.461325
CRD-001217,CLI-001254,AG-CAS-04,CPT-001606,Crédit automobile,93030.41,44577.07,0.0735,0.0823,48,23,2242.87,2025-09-08,2025-10-08,2029-08-18,2027-09-28,25,23,209,Contentieux,Sans garantie,0.0,Achat immobilier,616,D,13005.0,2026-09-02,1,CONS-048,2026-09-11 14:53:29.464324,2026-09-11 14:53:29.464324
CRD-001218,CLI-003366,AG-LAÂ-01,CPT-004288,Crédit consommation,7324.87,406.94,0.0743,0.0855,36,2,227.61,2022-02-03,2022-03-05,2025-01-18,2024-11-19,34,2,0,En cours,Caution personnelle,7352.06,Études,604,B,2.67,,0,CONS-034,2026-09-11 14:53:29.467322,2026-09-11 14:53:29.467322
CRD-001219,CLI-000333,AG-CAS-06,CPT-000422,Crédit immobilier,809763.53,726087.97,0.0698,0.0819,300,269,5712.91,2022-09-26,2022-10-26,2047-05-18,2025-04-13,31,269,0,En cours,Hypothèque,611311.35,Équipement professionnel,541,C,1037.82,,0,CONS-044,2026-09-11 14:53:29.469322,2026-09-11 14:53:29.469322
CRD-001220,CLI-003695,AG-RAB-02,CPT-004726,Crédit automobile,43439.74,14479.91,0.0426,0.0585,48,16,985.89,2025-12-18,2026-01-17,2029-11-27,2028-08-04,32,16,0,En cours,Garantie autonome,35540.96,Fonds de roulement,513,C,82.2,,0,CONS-008,2026-09-11 14:53:29.472324,2026-09-11 14:53:29.472324
CRD-001221,CLI-003569,AG-CAS-06,CPT-004559,Crédit immobilier,170936.66,25640.5,0.0439,0.0565,180,27,1298.06,2022-07-26,2022-08-25,2037-05-08,2035-02-18,153,27,53,En cours (retard),Caution personnelle,142520.38,Études,507,C,1369.98,2024-01-18,1,CONS-047,2026-09-11 14:53:29.475323,2026-09-11 14:53:29.475323
CRD-001222,CLI-002729,AG-FÈS-01,CPT-003477,Crédit automobile,36269.92,21157.45,0.0546,0.0672,48,28,842.85,2022-06-21,2022-07-21,2026-05-31,2024-02-11,20,28,106,Incident de paiement,Hypothèque,24134.15,Achat immobilier,663,D,1677.62,2023-07-03,1,CONS-003,2026-09-11 14:53:29.478341,2026-09-11 14:53:29.478341
CRD-001223,CLI-003668,AG-KHE-01,CPT-004690,Crédit automobile,22226.03,2778.25,0.038,0.0524,24,3,963.19,2023-12-29,2024-01-28,2025-12-18,2025-09-19,21,3,173,Incident de paiement,Garantie autonome,26047.47,Équipement professionnel,508,D,476.51,2025-01-03,3,CONS-032,2026-09-11 14:53:29.481340,2026-09-11 14:53:29.481340
CRD-001224,CLI-001631,AG-RAB-02,CPT-002086,Crédit immobilier,21028.59,6448.77,0.0611,0.0768,300,92,136.9,2023-07-22,2023-08-21,2048-03-12,2040-08-21,208,92,0,En cours,Nantissement,13912.33,Achat immobilier,556,C,55.48,,0,CONS-032,2026-09-11 14:53:29.483341,2026-09-11 14:53:29.483341
CRD-001225,CLI-001117,AG-MOH-01,CPT-001425,Crédit immobilier,468860.34,417285.7,0.0497,0.0678,300,267,2732.72,2022-07-09,2022-08-08,2047-02-28,2025-03-25,33,267,0,En cours,Nantissement,469119.35,Travaux,530,C,1667.03,,0,CONS-014,2026-09-11 14:53:29.486340,2026-09-11 14:53:29.486340
CRD-001226,CLI-001850,AG-MOH-01,CPT-002358,Crédit immobilier,120969.8,84678.86,0.0586,0.0713,180,126,1011.68,2024-01-03,2024-02-02,2038-10-16,2028-06-10,54,126,0,En cours,Sans garantie,0.0,Fonds de roulement,471,C,941.55,,0,CONS-042,2026-09-11 14:53:29.488340,2026-09-11 14:53:29.488340
CRD-001227,CLI-003555,AG-RAB-01,CPT-004540,Crédit automobile,34945.18,15725.33,0.0311,0.0364,60,27,629.63,2024-02-24,2024-03-25,2029-01-28,2026-11-10,33,27,0,En cours,Hypothèque,41273.09,Travaux,541,C,59.51,,0,CONS-023,2026-09-11 14:53:29.491335,2026-09-11 14:53:29.491335
CRD-001228,CLI-003154,AG-CAS-02,CPT-004026,Crédit automobile,16968.08,16119.68,0.045,0.0636,60,57,316.34,2022-07-24,2022-08-23,2027-06-28,2022-10-22,3,57,0,En cours,Nantissement,19842.08,Travaux,592,C,156.49,,0,CONS-032,2026-09-11 14:53:29.494335,2026-09-11 14:53:29.494335
CRD-001229,CLI-003266,AG-MAR-02,CPT-004158,Crédit automobile,78155.55,15196.91,0.0692,0.08,36,7,2410.36,2022-10-23,2022-11-22,2025-10-07,2025-03-11,29,7,0,En cours,Sans garantie,0.0,Fonds de roulement,682,B,88.43,,0,CONS-021,2026-09-11 14:53:29.496340,2026-09-11 14:53:29.496340
CRD-001230,CLI-001666,AG-CAS-02,CPT-002129,Crédit immobilier,74295.9,29966.01,0.0536,0.067,300,121,450.05,2026-05-09,2026-06-08,2050-12-29,2041-01-20,179,121,0,En cours,Caution personnelle,76346.73,Achat immobilier,654,B,161.67,,0,CONS-042,2026-09-11 14:53:29.499336,2026-09-11 14:53:29.499336
CRD-001231,CLI-000446,AG-OUJ-01,CPT-000563,Crédit immobilier,39900.79,15738.64,0.0407,0.0478,180,71,296.54,2022-01-13,2022-02-12,2036-10-26,2030-12-27,109,71,0,En cours,Caution personnelle,26926.48,Achat immobilier,514,C,68.65,,0,CONS-031,2026-09-11 14:53:29.502340,2026-09-11 14:53:29.502340
CRD-001232,CLI-002246,AG-FÈS-01,CPT-002863,Crédit immobilier,434553.12,434553.12,0.0335,0.0519,120,120,4266.65,2025-03-23,2025-04-22,2035-01-30,,0,120,0,En cours,Sans garantie,0.0,Travaux,467,C,6191.95,,0,CONS-005,2026-09-11 14:53:29.504340,2026-09-11 14:53:29.504340
CRD-001233,CLI-000453,AG-NAD-01,CPT-000572,Crédit immobilier,176439.27,35287.85,0.0614,0.0667,180,36,1502.27,2025-03-09,2025-04-08,2039-12-21,2037-01-05,144,36,0,En cours,Sans garantie,0.0,Véhicule,686,B,303.39,,0,CONS-001,2026-09-11 14:53:29.507340,2026-09-11 14:53:29.507340
CRD-001234,CLI-001552,AG-AGA-02,CPT-001988,Crédit équipement,6326.04,5798.87,0.0787,0.0978,12,11,549.91,2022-06-26,2022-07-26,2023-06-21,2022-07-26,1,11,0,En cours,Nantissement,5252.46,Fonds de roulement,638,B,24.46,,0,CONS-037,2026-09-11 14:53:29.510340,2026-09-11 14:53:29.510340
CRD-001235,CLI-004435,AG-TAN-02,CPT-005684,Crédit équipement,6769.39,1880.39,0.0372,0.0503,36,10,199.02,2026-07-07,2026-08-06,2029-06-21,2028-08-25,26,10,0,En cours,Nantissement,7636.67,Travaux,687,B,11.73,,0,CONS-046,2026-09-11 14:53:29.512340,2026-09-11 14:53:29.512340
CRD-001236,CLI-002955,AG-FÈS-01,CPT-003767,Crédit immobilier,1331287.51,48813.88,0.0681,0.0814,300,11,9248.52,2022-05-21,2022-06-20,2047-01-10,2046-02-14,289,11,0,En cours,Caution personnelle,701293.91,Équipement professionnel,683,B,315.03,,0,CONS-040,2026-09-11 14:53:29.515340,2026-09-11 14:53:29.515340
CRD-001237,CLI-000015,AG-MEK-01,CPT-000024,Crédit automobile,91486.05,56416.4,0.0696,0.0782,60,37,1809.81,2021-11-28,2021-12-28,2026-11-02,2023-10-19,23,37,0,En cours,Nantissement,89691.13,Achat immobilier,730,A,436.81,,0,CONS-006,2026-09-11 14:53:29.517535,2026-09-11 14:53:29.517535
CRD-001238,CLI-003629,AG-CAS-02,CPT-004640,Crédit automobile,38679.1,10475.59,0.0446,0.0634,48,13,881.32,2022-08-17,2022-09-16,2026-07-27,2025-07-02,35,13,0,En cours,Hypothèque,32544.39,Investissement,592,C,40.09,,0,CONS-040,2026-09-11 14:53:29.520540,2026-09-11 14:53:29.520540
CRD-001239,CLI-000946,AG-SAF-01,CPT-001207,Crédit immobilier,2122600.49,1910340.44,0.0628,0.0692,240,216,15551.82,2022-08-27,2022-09-26,2042-05-14,2024-08-16,24,216,156,Incident de paiement,Sans garantie,0.0,Travaux,554,D,292862.1,2023-11-12,3,CONS-049,2026-09-11 14:53:29.522540,2026-09-11 14:53:29.522540
CRD-001240,CLI-000248,AG-CAS-06,CPT-000311,Crédit automobile,25895.59,5394.91,0.0673,0.0771,24,5,1156.25,2022-09-23,2022-10-23,2024-09-12,2024-04-15,19,5,173,Incident de paiement,Nantissement,25010.45,Équipement professionnel,719,D,524.59,2026-01-16,2,CONS-036,2026-09-11 14:53:29.525737,2026-09-11 14:53:29.525737
CRD-001241,CLI-004698,AG-CAS-01,CPT-006021,Crédit automobile,29070.58,24831.12,0.0431,0.0615,48,41,660.43,2024-02-24,2024-03-25,2028-02-03,2024-09-21,7,41,167,Incident de paiement,Sans garantie,0.0,Équipement professionnel,588,D,2741.61,2025-08-25,3,CONS-035,2026-09-11 14:53:29.528738,2026-09-11 14:53:29.528738
CRD-001242,CLI-000361,AG-MOH-01,CPT-000455,Crédit automobile,27092.12,9030.71,0.0628,0.068,24,8,1204.16,2026-05-13,2026-06-12,2028-05-02,2027-09-05,16,8,0,En cours,Hypothèque,28905.26,Véhicule,675,B,22.14,,0,CONS-023,2026-09-11 14:53:29.530738,2026-09-11 14:53:29.530738
CRD-001243,CLI-004657,AG-FÈS-02,CPT-005966,Crédit consommation,8727.89,7273.24,0.0682,0.0813,12,10,754.47,2022-10-18,2022-11-17,2023-10-13,2022-12-17,2,10,0,En cours,Caution personnelle,6779.53,Investissement,542,C,27.25,,0,CONS-018,2026-09-11 14:53:29.533717,2026-09-11 14:53:29.533717
CRD-001244,CLI-001615,AG-RAB-03,CPT-002067,Crédit consommation,5935.15,4204.06,0.0509,0.0623,48,34,136.92,2025-07-09,2025-08-08,2029-06-18,2026-09-02,14,34,0,En cours,Sans garantie,0.0,Fonds de roulement,707,A,27.02,,0,CONS-023,2026-09-11 14:53:29.536715,2026-09-11 14:53:29.536715
CRD-001245,CLI-002304,AG-CAS-06,CPT-002937,Crédit équipement,9854.81,9033.58,0.0559,0.0632,12,11,846.31,2022-07-12,2022-08-11,2023-07-07,2022-08-11,1,11,0,En cours,Caution personnelle,11622.35,Travaux,653,B,39.47,,0,CONS-040,2026-09-11 14:53:29.538717,2026-09-11 14:53:29.538717
CRD-001246,CLI-004142,AG-KHE-01,CPT-005301,Crédit immobilier,499981.56,70830.72,0.0489,0.0543,120,17,5276.24,2026-09-02,2026-10-02,2036-07-11,2035-02-17,103,17,0,En cours,Nantissement,385658.37,Équipement professionnel,740,A,528.79,,0,CONS-018,2026-09-11 14:53:29.541901,2026-09-11 14:53:29.541901
CRD-001247,CLI-003169,AG-RAB-03,CPT-004045,Crédit immobilier,206643.74,41328.75,0.0416,0.0556,180,36,1545.14,2023-08-27,2023-09-26,2038-06-09,2035-06-25,144,36,0,En cours,Garantie autonome,229724.47,Fonds de roulement,710,A,198.36,,0,CONS-049,2026-09-11 14:53:29.543904,2026-09-11 14:53:29.543904
CRD-001248,CLI-002479,AG-BÉN-01,CPT-003154,Crédit investissement,42320.24,42320.24,0.0679,0.0794,48,48,1009.29,2022-07-27,2022-08-26,2026-07-06,,0,48,0,En cours,Caution personnelle,38585.32,Investissement,516,C,138.95,,0,CONS-042,2026-09-11 14:53:29.546902,2026-09-11 14:53:29.546902
CRD-001249,CLI-004215,AG-CAS-03,CPT-005397,Crédit consommation,5720.72,238.36,0.0472,0.0672,48,2,131.02,2021-10-19,2021-11-18,2025-09-28,2025-07-30,46,2,0,En cours,Garantie autonome,3804.17,Équipement professionnel,608,B,1.95,,0,CONS-015,2026-09-11 14:53:29.550084,2026-09-11 14:53:29.550084
CRD-001250,CLI-004181,AG-KHE-01,CPT-005354,Crédit immobilier,675853.02,45056.87,0.0767,0.0884,120,8,8082.59,2024-09-14,2024-10-14,2034-07-24,2033-11-26,112,8,0,En cours,Caution personnelle,712385.39,Études,564,C,121.8,,0,CONS-029,2026-09-11 14:53:29.552087,2026-09-11 14:53:29.552087
CRD-001251,CLI-004885,AG-CAS-06,CPT-006262,Crédit immobilier,55376.0,32610.31,0.031,0.0448,180,106,385.09,2024-11-20,2024-12-20,2039-09-03,2030-12-19,74,106,0,En cours,Nantissement,59288.76,Investissement,640,B,301.95,,0,CONS-009,2026-09-11 14:53:29.555089,2026-09-11 14:53:29.555089
CRD-001252,CLI-003164,AG-KHE-01,CPT-004039,Crédit immobilier,1648400.17,1565980.16,0.0584,0.077,120,114,18168.46,2021-10-29,2021-11-28,2031-09-07,2022-04-27,6,114,0,En cours,Garantie autonome,1936694.93,Travaux,457,C,16725.76,,0,CONS-006,2026-09-11 14:53:29.557087,2026-09-11 14:53:29.557087
CRD-001253,CLI-000491,AG-BÉN-01,CPT-000622,Crédit équipement,25009.42,694.71,0.0649,0.0815,36,1,766.4,2026-05-23,2026-06-22,2029-05-07,2029-04-07,35,1,0,En cours,Caution personnelle,13627.77,Équipement professionnel,563,C,5.99,,0,CONS-018,2026-09-11 14:53:29.560087,2026-09-11 14:53:29.560087
CRD-001254,CLI-000863,AG-FÈS-01,CPT-001102,Crédit investissement,21005.48,15754.11,0.0588,0.0679,60,45,404.92,2023-11-05,2023-12-05,2028-10-09,2025-01-28,15,45,0,En cours,Hypothèque,21202.94,Travaux,560,C,95.56,,0,CONS-013,2026-09-11 14:53:29.563085,2026-09-11 14:53:29.563085
CRD-001255,CLI-001741,AG-RAB-01,CPT-002221,Crédit équipement,10332.43,4950.96,0.0548,0.0625,48,23,240.2,2025-03-09,2025-04-08,2029-02-16,2027-03-29,25,23,0,En cours,Caution personnelle,5291.1,Investissement,439,C,20.31,,0,CONS-028,2026-09-11 14:53:29.566688,2026-09-11 14:53:29.566688
CRD-001256,CLI-004100,AG-LAÂ-01,CPT-005246,Crédit consommation,11765.14,4575.33,0.0645,0.0792,36,14,360.32,2026-05-17,2026-06-16,2029-05-01,2028-03-07,22,14,0,En cours,Hypothèque,10737.89,Études,596,C,11.89,,0,CONS-030,2026-09-11 14:53:29.568714,2026-09-11 14:53:29.568714
CRD-001257,CLI-004386,AG-MEK-01,CPT-005623,Crédit immobilier,581360.95,150184.91,0.0502,0.0651,240,62,3843.15,2023-03-04,2023-04-03,2042-11-19,2037-10-16,178,62,0,En cours,Hypothèque,514223.51,Véhicule,780,A,565.48,,0,CONS-029,2026-09-11 14:53:29.571712,2026-09-11 14:53:29.571712
CRD-001258,CLI-002448,AG-BÉN-01,CPT-003115,Crédit automobile,47483.34,15827.78,0.0579,0.0645,60,20,913.36,2026-07-21,2026-08-20,2031-06-25,2029-11-02,40,20,0,En cours,Sans garantie,0.0,Équipement professionnel,543,C,112.07,,0,CONS-034,2026-09-11 14:53:29.574709,2026-09-11 14:53:29.574709
CRD-001259,CLI-004231,AG-AGA-01,CPT-005422,Crédit consommation,15742.43,10494.95,0.0797,0.099,24,16,711.77,2024-05-25,2024-06-24,2026-05-15,2025-01-20,8,16,0,En cours,Sans garantie,0.0,Achat immobilier,546,C,117.09,,0,CONS-024,2026-09-11 14:53:29.577712,2026-09-11 14:53:29.577712
CRD-001260,CLI-000507,AG-RAB-03,CPT-000644,Crédit professionnel,474711.8,226053.24,0.0722,0.0871,84,40,7215.83,2022-08-09,2022-09-08,2029-07-03,2026-03-21,44,40,0,En cours,Nantissement,346263.04,Équipement professionnel,826,A,571.25,,0,CONS-030,2026-09-11 14:53:29.579715,2026-09-11 14:53:29.579715
CRD-001261,CLI-002678,AG-RAB-01,CPT-003411,Crédit investissement,193858.39,117699.74,0.073,0.0818,84,51,2954.35,2025-04-13,2025-05-13,2032-03-07,2027-12-29,33,51,0,En cours,Nantissement,200402.92,Fonds de roulement,555,C,908.3,,0,CONS-042,2026-09-11 14:53:29.582713,2026-09-11 14:53:29.582713
CRD-001262,CLI-002996,AG-TAN-01,CPT-003821,Crédit professionnel,438026.35,206845.78,0.0614,0.0769,36,17,13353.41,2025-02-10,2025-03-12,2028-01-26,2026-09-03,19,17,0,En cours,Hypothèque,502607.3,Investissement,741,A,869.16,,0,CONS-002,2026-09-11 14:53:29.585714,2026-09-11 14:53:29.585714
CRD-001263,CLI-001943,AG-SET-01,CPT-002478,Crédit investissement,266125.98,166328.74,0.0667,0.0781,48,30,6332.05,2022-06-26,2022-07-26,2026-06-05,2023-12-18,18,30,0,En cours,Sans garantie,0.0,Équipement professionnel,436,C,1684.08,,0,CONS-001,2026-09-11 14:53:29.587715,2026-09-11 14:53:29.587715
CRD-001264,CLI-001223,AG-FÈS-02,CPT-001566,Crédit immobilier,754478.48,653881.35,0.0774,0.0858,120,104,9050.58,2024-03-31,2024-04-30,2034-02-07,2025-07-24,16,104,0,En cours,Garantie autonome,501341.68,Travaux,700,A,5374.54,,0,CONS-041,2026-09-11 14:53:29.590713,2026-09-11 14:53:29.590713
CRD-001265,CLI-001114,AG-RAB-02,CPT-001422,Crédit automobile,20224.04,5898.68,0.0384,0.0543,48,14,455.19,2023-02-22,2023-03-24,2027-02-01,2025-12-08,34,14,0,En cours,Hypothèque,22957.71,Travaux,776,A,22.41,,0,CONS-013,2026-09-11 14:53:29.593694,2026-09-11 14:53:29.593694
CRD-001266,CLI-001906,AG-LAÂ-01,CPT-002432,Crédit immobilier,380575.48,174430.43,0.041,0.056,120,55,3871.25,2024-06-19,2024-07-19,2034-04-28,2029-10-21,65,55,384,Contentieux,Nantissement,290766.74,Fonds de roulement,666,D,60375.01,2026-01-11,2,CONS-022,2026-09-11 14:53:29.595694,2026-09-11 14:53:29.595694
CRD-001267,CLI-003424,AG-RAB-03,CPT-004366,Crédit immobilier,79151.93,42544.16,0.0721,0.0882,240,129,623.68,2024-11-04,2024-12-04,2044-07-22,2033-12-17,111,129,0,En cours,Sans garantie,0.0,Études,435,C,370.88,,0,CONS-041,2026-09-11 14:53:29.598695,2026-09-11 14:53:29.598695
CRD-001268,CLI-001878,AG-CAS-05,CPT-002395,Crédit consommation,7869.36,1748.75,0.0545,0.0696,36,8,237.44,2024-04-25,2024-05-25,2027-04-10,2026-08-13,28,8,0,En cours,Sans garantie,0.0,Études,518,C,7.3,,0,CONS-013,2026-09-11 14:53:29.601955,2026-09-11 14:53:29.601955
CRD-001269,CLI-004673,AG-EL -01,CPT-005987,Crédit équipement,16040.58,4010.14,0.0559,0.069,12,3,1377.53,2021-12-12,2022-01-11,2022-12-07,2022-09-08,9,3,122,Incident de paiement,Nantissement,10846.93,Investissement,473,D,403.51,2023-09-02,2,CONS-002,2026-09-11 14:53:29.604953,2026-09-11 14:53:29.604953
CRD-001270,CLI-000434,AG-CAS-01,CPT-000549,Crédit consommation,12314.48,7183.45,0.0648,0.0733,48,28,291.92,2021-11-27,2021-12-27,2025-11-06,2023-07-20,20,28,0,En cours,Nantissement,9590.14,Équipement professionnel,619,B,63.98,,0,CONS-010,2026-09-11 14:53:29.606956,2026-09-11 14:53:29.606956
CRD-001271,CLI-002365,AG-MOH-01,CPT-003012,Crédit immobilier,437186.06,289028.56,0.0576,0.0734,180,119,3632.78,2022-09-20,2022-10-20,2037-07-03,2027-09-24,61,119,0,En cours,Hypothèque,490916.08,Véhicule,465,C,1344.15,,0,CONS-004,2026-09-11 14:53:29.609954,2026-09-11 14:53:29.609954
CRD-001272,CLI-003155,AG-MAR-02,CPT-004027,Crédit immobilier,84277.99,75850.19,0.0709,0.0894,120,108,982.45,2022-12-01,2022-12-31,2032-10-09,2023-11-26,12,108,0,En cours,Hypothèque,73863.99,Équipement professionnel,620,B,317.95,,0,CONS-050,2026-09-11 14:53:29.611957,2026-09-11 14:53:29.611957
CRD-001273,CLI-002836,AG-CAS-06,CPT-003615,Crédit automobile,183657.3,91828.65,0.0328,0.0415,24,12,7916.58,2021-12-03,2022-01-02,2023-11-23,2022-11-28,12,12,0,En cours,Hypothèque,113215.01,Véhicule,593,C,246.19,,0,CONS-004,2026-09-11 14:53:29.615052,2026-09-11 14:53:29.615052
CRD-001274,CLI-002093,AG-CAS-03,CPT-002667,Crédit consommation,13603.16,10769.17,0.0686,0.0794,24,19,608.19,2025-05-31,2025-06-30,2027-05-21,2025-10-28,5,19,0,En cours,Hypothèque,10845.04,Investissement,691,B,28.76,,0,CONS-007,2026-09-11 14:53:29.618074,2026-09-11 14:53:29.618074
CRD-001275,CLI-003011,AG-MOH-01,CPT-003842,Crédit professionnel,34384.32,22206.54,0.0439,0.0591,48,31,782.38,2022-05-28,2022-06-27,2026-05-07,2023-10-20,17,31,0,En cours,Caution personnelle,31688.7,Études,749,A,234.11,,0,CONS-021,2026-09-11 14:53:29.620081,2026-09-11 14:53:29.620081
CRD-001276,CLI-003163,AG-TAN-02,CPT-004038,Crédit automobile,65897.59,12813.42,0.0779,0.0885,36,7,2058.61,2021-12-04,2022-01-03,2024-11-18,2024-04-22,29,7,0,En cours,Garantie autonome,72012.63,Véhicule,713,A,116.3,,0,CONS-004,2026-09-11 14:53:29.623078,2026-09-11 14:53:29.623078
CRD-001277,CLI-002946,AG-CAS-03,CPT-003755,Crédit investissement,105353.61,54871.67,0.0614,0.0777,48,25,2481.0,2024-12-26,2025-01-25,2028-12-05,2026-11-16,23,25,0,En cours,Sans garantie,0.0,Études,686,B,342.71,,0,CONS-042,2026-09-11 14:53:29.626236,2026-09-11 14:53:29.626236
CRD-001278,CLI-003917,AG-KHE-01,CPT-005007,Crédit consommation,2130.55,118.36,0.0762,0.0844,36,2,66.39,2025-08-31,2025-09-30,2028-08-15,2028-06-16,34,2,0,En cours,Sans garantie,0.0,Travaux,629,B,0.47,,0,CONS-042,2026-09-11 14:53:29.629237,2026-09-11 14:53:29.629237
CRD-001279,CLI-002917,AG-SAF-01,CPT-003720,Crédit immobilier,522128.2,469915.38,0.0555,0.0614,180,162,4280.09,2023-09-01,2023-10-01,2038-06-14,2025-02-22,18,162,0,En cours,Garantie autonome,288612.93,Fonds de roulement,602,B,3468.49,,0,CONS-029,2026-09-11 14:53:29.633258,2026-09-11 14:53:29.633258
CRD-001280,CLI-001103,AG-TAN-02,CPT-001408,Crédit professionnel,198767.69,49691.92,0.0501,0.0597,36,9,5958.14,2024-08-12,2024-09-11,2027-07-28,2026-10-31,27,9,0,En cours,Garantie autonome,202812.63,Véhicule,455,C,481.91,,0,CONS-038,2026-09-11 14:53:29.636259,2026-09-11 14:53:29.636259
CRD-001281,CLI-001449,AG-MEK-01,CPT-001865,Crédit immobilier,225345.89,150230.59,0.042,0.0573,120,80,2303.0,2026-02-18,2026-03-20,2035-12-28,2029-06-02,40,80,0,En cours,Nantissement,157872.06,Achat immobilier,519,C,741.58,,0,CONS-034,2026-09-11 14:53:29.638259,2026-09-11 14:53:29.638259
CRD-001282,CLI-001721,AG-AGA-01,CPT-002196,Crédit automobile,50350.16,26224.04,0.0395,0.0466,48,25,1135.73,2023-04-04,2023-05-04,2027-03-14,2025-02-22,23,25,0,En cours,Nantissement,36680.48,Véhicule,681,B,194.16,,0,CONS-003,2026-09-11 14:53:29.641255,2026-09-11 14:53:29.641255
CRD-001283,CLI-004519,AG-NAD-01,CPT-005793,Crédit immobilier,54176.03,42799.06,0.0663,0.0731,300,237,370.21,2023-06-13,2023-07-13,2048-02-02,2028-08-15,63,237,0,En cours,Hypothèque,63303.19,Travaux,542,C,166.55,,0,CONS-012,2026-09-11 14:53:29.644254,2026-09-11 14:53:29.644254
CRD-001284,CLI-003843,AG-MAR-02,CPT-004914,Crédit automobile,83653.49,13942.25,0.05,0.0646,36,6,2507.17,2025-03-26,2025-04-25,2028-03-10,2027-09-12,30,6,0,En cours,Nantissement,82455.7,Véhicule,720,A,80.49,,0,CONS-039,2026-09-11 14:53:29.647258,2026-09-11 14:53:29.647258
CRD-001285,CLI-000157,AG-TÉT-01,CPT-000197,Crédit immobilier,2790911.17,2197842.55,0.0412,0.0493,240,189,17089.37,2024-02-24,2024-03-25,2043-11-11,2028-05-03,51,189,0,En cours,Nantissement,2843310.46,Véhicule,555,C,20761.68,,0,CONS-030,2026-09-11 14:53:29.650255,2026-09-11 14:53:29.650255
CRD-001286,CLI-002979,AG-CAS-05,CPT-003802,Crédit immobilier,553083.32,86035.18,0.0491,0.0655,180,28,4347.86,2023-04-17,2023-05-17,2038-01-28,2035-10-11,152,28,0,En cours,Caution personnelle,575904.2,Achat immobilier,519,C,774.31,,0,CONS-045,2026-09-11 14:53:29.653259,2026-09-11 14:53:29.653259
CRD-001287,CLI-001774,AG-KÉN-01,CPT-002264,Crédit professionnel,191459.7,98009.13,0.0614,0.0801,84,43,2809.82,2023-03-15,2023-04-14,2030-02-06,2026-07-27,41,43,0,En cours,Garantie autonome,137542.73,Équipement professionnel,725,A,1002.06,,0,CONS-046,2026-09-11 14:53:29.656258,2026-09-11 14:53:29.656258
CRD-001288,CLI-000616,AG-AGA-01,CPT-000776,Crédit immobilier,119621.11,41202.83,0.0654,0.0766,180,62,1044.66,2025-02-06,2025-03-08,2039-11-20,2034-10-17,118,62,0,En cours,Nantissement,121255.97,Achat immobilier,465,C,269.2,,0,CONS-017,2026-09-11 14:53:29.659258,2026-09-11 14:53:29.659258
CRD-001289,CLI-000644,AG-KÉN-01,CPT-000811,Crédit équipement,27919.37,11633.07,0.0789,0.095,12,5,2427.24,2025-04-03,2025-05-03,2026-03-29,2025-10-30,7,5,0,En cours,Garantie autonome,26434.47,Études,509,C,66.82,,0,CONS-036,2026-09-11 14:53:29.662241,2026-09-11 14:53:29.662241
CRD-001290,CLI-001936,AG-CAS-04,CPT-002469,Crédit professionnel,197136.27,176601.24,0.056,0.0754,48,43,4593.68,2025-06-21,2025-07-21,2029-05-31,2025-11-18,5,43,0,En cours,Hypothèque,175015.49,Fonds de roulement,748,A,691.98,,0,CONS-015,2026-09-11 14:53:29.665240,2026-09-11 14:53:29.665240
CRD-001291,CLI-004278,AG-LAÂ-01,CPT-005487,Crédit professionnel,35497.31,28595.06,0.0434,0.0499,36,29,1053.4,2022-09-20,2022-10-20,2025-09-04,2023-04-18,7,29,0,En cours,Hypothèque,33972.06,Équipement professionnel,680,B,122.57,,0,CONS-026,2026-09-11 14:53:29.668442,2026-09-11 14:53:29.668442
CRD-001292,CLI-001069,AG-CAS-04,CPT-001361,Crédit consommation,6865.27,6436.19,0.0338,0.0528,48,45,153.11,2023-09-19,2023-10-19,2027-08-29,2023-12-18,3,45,0,En cours,Garantie autonome,7734.14,Équipement professionnel,601,B,24.31,,0,CONS-043,2026-09-11 14:53:29.670441,2026-09-11 14:53:29.670441
CRD-001293,CLI-004455,AG-SAF-01,CPT-005710,Crédit consommation,6811.24,0.0,0.0502,0.0672,12,0,583.16,2025-10-28,2025-11-27,2026-10-23,2026-10-23,12,0,0,En cours,Nantissement,6305.16,Achat immobilier,404,C,0.0,,0,CONS-029,2026-09-11 14:53:29.673727,2026-09-11 14:53:29.673727
CRD-001294,CLI-004155,AG-SET-01,CPT-005322,Crédit professionnel,76272.11,52664.08,0.0327,0.0523,84,58,1017.11,2023-05-15,2023-06-14,2030-04-08,2025-07-03,26,58,0,En cours,Caution personnelle,67081.18,Fonds de roulement,428,C,239.38,,0,CONS-041,2026-09-11 14:53:29.677838,2026-09-11 14:53:29.677838
CRD-001295,CLI-004240,AG-CAS-02,CPT-005432,Crédit automobile,17594.1,14173.02,0.0455,0.0614,36,29,523.76,2024-04-28,2024-05-28,2027-04-13,2024-11-24,7,29,0,En cours,Hypothèque,19788.4,Équipement professionnel,544,C,46.44,,0,CONS-004,2026-09-11 14:53:29.680842,2026-09-11 14:53:29.680842
CRD-001296,CLI-004869,AG-FÈS-01,CPT-006242,Crédit immobilier,497012.23,269214.96,0.07,0.0769,120,65,5770.73,2026-04-04,2026-05-04,2036-02-11,2030-10-10,55,65,0,En cours,Nantissement,526630.28,Véhicule,531,C,1586.63,,0,CONS-014,2026-09-11 14:53:29.682843,2026-09-11 14:53:29.682843
CRD-001297,CLI-000331,AG-NAD-01,CPT-000419,Crédit immobilier,120970.42,49597.87,0.0553,0.0678,300,123,745.03,2023-11-24,2023-12-24,2048-07-15,2038-06-08,177,123,0,En cours,Garantie autonome,141376.73,Fonds de roulement,736,A,298.97,,0,CONS-003,2026-09-11 14:53:29.685842,2026-09-11 14:53:29.685842
CRD-001298,CLI-002058,AG-CAS-02,CPT-002620,Crédit automobile,49063.55,9540.13,0.0492,0.0554,36,7,1468.72,2022-09-07,2022-10-07,2025-08-22,2025-01-24,29,7,0,En cours,Caution personnelle,34108.27,Équipement professionnel,636,B,73.0,,0,CONS-030,2026-09-11 14:53:29.687816,2026-09-11 14:53:29.687816
CRD-001299,CLI-002647,AG-RAB-03,CPT-003368,Crédit immobilier,486814.89,191480.52,0.0365,0.0442,300,118,2476.45,2021-11-07,2021-12-07,2046-06-29,2036-10-19,182,118,0,En cours,Sans garantie,0.0,Fonds de roulement,519,C,2843.85,,0,CONS-019,2026-09-11 14:53:29.690842,2026-09-11 14:53:29.690842
CRD-001300,CLI-002192,AG-MEK-01,CPT-002796,Crédit professionnel,123792.57,2579.01,0.061,0.0781,48,1,2912.95,2025-05-25,2025-06-24,2029-05-04,2029-04-04,47,1,0,En cours,Nantissement,90503.53,Achat immobilier,448,C,15.4,,0,CONS-046,2026-09-11 14:53:29.693841,2026-09-11 14:53:29.693841
CRD-001301,CLI-000623,AG-TAN-01,CPT-000783,Crédit professionnel,72411.61,30171.5,0.0422,0.0485,84,35,997.13,2024-10-17,2024-11-16,2031-09-11,2028-10-26,49,35,0,En cours,Sans garantie,0.0,Achat immobilier,526,C,159.61,,0,CONS-046,2026-09-11 14:53:29.696842,2026-09-11 14:53:29.696842
CRD-001302,CLI-001596,AG-EL -01,CPT-002040,Crédit consommation,6707.38,3912.64,0.0763,0.0877,24,14,302.23,2022-01-16,2022-02-15,2024-01-06,2022-11-12,10,14,0,En cours,Garantie autonome,7290.14,Achat immobilier,710,A,30.3,,0,CONS-038,2026-09-11 14:53:29.698845,2026-09-11 14:53:29.698845
CRD-001303,CLI-002916,AG-NAD-01,CPT-003719,Crédit professionnel,39921.41,32602.48,0.0331,0.049,60,49,722.85,2026-04-21,2026-05-21,2031-03-26,2027-03-17,11,49,0,En cours,Garantie autonome,29779.74,Équipement professionnel,569,C,82.0,,0,CONS-029,2026-09-11 14:53:29.701838,2026-09-11 14:53:29.701838
CRD-001304,CLI-004822,AG-MEK-01,CPT-006180,Crédit équipement,35634.89,13363.08,0.0351,0.0516,24,9,1539.68,2022-09-03,2022-10-03,2024-08-23,2023-11-27,15,9,0,En cours,Hypothèque,27322.23,Équipement professionnel,555,C,48.24,,0,CONS-037,2026-09-11 14:53:29.703844,2026-09-11 14:53:29.703844
CRD-001305,CLI-003899,AG-EL -01,CPT-004984,Crédit automobile,15060.51,3514.12,0.0516,0.0645,60,14,285.32,2024-01-18,2024-02-17,2028-12-22,2027-10-29,46,14,30,En cours (retard),Garantie autonome,17742.53,Véhicule,747,B,67.35,,0,CONS-003,2026-09-11 14:53:29.708819,2026-09-11 14:53:29.708819
CRD-001306,CLI-001920,AG-RAB-02,CPT-002449,Crédit immobilier,105687.91,67816.41,0.0615,0.0754,120,77,1181.33,2025-12-01,2025-12-31,2035-10-10,2029-06-13,43,77,0,En cours,Nantissement,94617.7,Véhicule,601,B,401.35,,0,CONS-036,2026-09-11 14:53:29.712841,2026-09-11 14:53:29.712841
CRD-001307,CLI-004174,AG-AGA-01,CPT-005346,Crédit automobile,64080.15,42720.1,0.0365,0.0534,36,24,1881.94,2025-06-14,2025-07-14,2028-05-29,2026-06-09,12,24,238,Contentieux,Garantie autonome,70306.07,Achat immobilier,506,D,9655.79,2026-02-12,3,CONS-009,2026-09-11 14:53:29.714845,2026-09-11 14:53:29.714845
CRD-001308,CLI-004478,AG-AGA-01,CPT-005741,Crédit consommation,4383.84,3013.89,0.0457,0.0549,48,33,100.11,2023-02-04,2023-03-06,2027-01-14,2024-04-29,15,33,0,En cours,Caution personnelle,4129.23,Véhicule,644,B,17.92,,0,CONS-022,2026-09-11 14:53:29.717842,2026-09-11 14:53:29.717842
CRD-001309,CLI-000756,AG-SET-01,CPT-000955,Crédit professionnel,39944.78,26629.85,0.0567,0.0682,36,24,1209.23,2024-01-19,2024-02-18,2027-01-03,2025-01-13,12,24,0,En cours,Caution personnelle,33107.09,Équipement professionnel,649,B,110.79,,0,CONS-044,2026-09-11 14:53:29.720843,2026-09-11 14:53:29.720843
CRD-001310,CLI-000519,AG-MOH-01,CPT-000658,Crédit immobilier,129617.75,91596.54,0.0452,0.0572,300,212,721.93,2024-09-11,2024-10-11,2049-05-03,2031-12-04,88,212,0,En cours,Nantissement,127990.52,Équipement professionnel,618,B,236.12,,0,CONS-039,2026-09-11 14:53:29.722843,2026-09-11 14:53:29.722843
CRD-001311,CLI-003804,AG-BÉN-01,CPT-004865,Crédit immobilier,892159.24,811864.91,0.0406,0.0594,300,273,4738.75,2024-12-23,2025-01-22,2049-08-14,2027-03-13,27,273,0,En cours,Caution personnelle,829798.02,Études,578,C,3108.33,,0,CONS-005,2026-09-11 14:53:29.725838,2026-09-11 14:53:29.725838
CRD-001312,CLI-000033,AG-KHO-01,CPT-000048,Crédit consommation,20172.96,3922.52,0.0446,0.0535,36,7,599.72,2024-11-15,2024-12-15,2027-10-31,2027-04-04,29,7,0,En cours,Nantissement,13704.58,Investissement,486,C,29.78,,0,CONS-018,2026-09-11 14:53:29.728823,2026-09-11 14:53:29.728823
CRD-001313,CLI-002938,AG-BÉN-01,CPT-003746,Crédit automobile,9448.81,6692.91,0.0789,0.0979,24,17,426.87,2022-10-17,2022-11-16,2024-10-06,2023-05-15,7,17,202,Contentieux,Garantie autonome,8678.74,Équipement professionnel,612,D,1249.9,2025-02-02,3,CONS-028,2026-09-11 14:53:29.731825,2026-09-11 14:53:29.731825
CRD-001314,CLI-001158,AG-SET-01,CPT-001481,Crédit immobilier,321154.09,235513.0,0.045,0.0592,300,220,1785.08,2022-11-05,2022-12-05,2047-06-27,2029-06-01,80,220,0,En cours,Hypothèque,283683.01,Véhicule,660,B,1523.9,,0,CONS-039,2026-09-11 14:53:29.734823,2026-09-11 14:53:29.734823
CRD-001315,CLI-000745,AG-CAS-05,CPT-000944,Crédit immobilier,592218.88,342170.91,0.063,0.0798,180,104,5093.97,2022-11-22,2022-12-22,2037-09-04,2029-02-18,76,104,0,En cours,Hypothèque,568925.15,Achat immobilier,730,A,1080.19,,0,CONS-017,2026-09-11 14:53:29.736823,2026-09-11 14:53:29.736823
CRD-001316,CLI-001498,AG-RAB-01,CPT-001926,Crédit consommation,13172.41,10428.16,0.0726,0.0873,24,19,591.32,2025-08-03,2025-09-02,2027-07-24,2025-12-31,5,19,0,En cours,Nantissement,7888.2,Achat immobilier,639,B,73.33,,0,CONS-002,2026-09-11 14:53:29.739822,2026-09-11 14:53:29.739822
CRD-001317,CLI-003460,AG-CAS-05,CPT-004416,Crédit automobile,15722.6,2620.43,0.0796,0.0944,36,6,492.4,2026-04-19,2026-05-19,2029-04-03,2028-10-05,30,6,0,En cours,Nantissement,18836.32,Investissement,801,A,17.62,,0,CONS-001,2026-09-11 14:53:29.742823,2026-09-11 14:53:29.742823
CRD-001318,CLI-003756,AG-FÈS-01,CPT-004803,Crédit automobile,13749.93,3437.48,0.0679,0.0748,60,15,270.9,2024-02-04,2024-03-05,2029-01-08,2027-10-16,45,15,0,En cours,Sans garantie,0.0,Véhicule,537,C,46.4,,0,CONS-027,2026-09-11 14:53:29.744822,2026-09-11 14:53:29.744822
CRD-001319,CLI-002592,AG-CAS-05,CPT-003296,Crédit immobilier,1008749.48,840624.57,0.0338,0.0484,240,200,5788.33,2023-06-25,2023-07-25,2043-03-12,2026-10-07,40,200,0,En cours,Nantissement,636767.69,Achat immobilier,663,B,6995.64,,0,CONS-010,2026-09-11 14:53:29.747822,2026-09-11 14:53:29.747822
CRD-001320,CLI-000784,AG-CAS-05,CPT-000997,Crédit professionnel,21195.16,3179.27,0.0323,0.0499,60,9,383.02,2022-09-29,2022-10-29,2027-09-03,2026-12-07,51,9,0,En cours,Caution personnelle,20888.99,Équipement professionnel,517,C,16.96,,0,CONS-045,2026-09-11 14:53:29.751085,2026-09-11 14:53:29.751085
CRD-001321,CLI-003494,AG-SAL-01,CPT-004456,Crédit immobilier,323989.86,296990.7,0.0716,0.0805,240,220,2543.1,2025-08-29,2025-09-28,2045-05-16,2027-04-21,20,220,0,En cours,Garantie autonome,274620.09,Achat immobilier,524,C,1431.57,,0,CONS-033,2026-09-11 14:53:29.753084,2026-09-11 14:53:29.753084
CRD-001322,CLI-002950,AG-TAN-02,CPT-003761,Crédit consommation,17402.56,7976.17,0.0769,0.0894,48,22,422.32,2023-03-08,2023-04-07,2027-02-15,2025-04-26,26,22,269,Contentieux,Caution personnelle,11923.23,Équipement professionnel,705,D,1139.36,2026-03-03,3,CONS-042,2026-09-11 14:53:29.756084,2026-09-11 14:53:29.756084
CRD-001323,CLI-000230,AG-CAS-03,CPT-000289,Crédit consommation,4356.89,1089.22,0.0302,0.0361,24,6,187.3,2023-03-19,2023-04-18,2025-03-08,2024-09-09,18,6,0,En cours,Hypothèque,3087.84,Études,416,C,5.28,,0,CONS-011,2026-09-11 14:53:29.759085,2026-09-11 14:53:29.759085
CRD-001324,CLI-000858,AG-FÈS-01,CPT-001095,Crédit automobile,19109.96,14730.59,0.0738,0.0876,48,37,460.99,2022-04-15,2022-05-15,2026-03-25,2023-03-11,11,37,0,En cours,Hypothèque,18417.09,Investissement,640,B,42.88,,0,CONS-018,2026-09-11 14:53:29.761085,2026-09-11 14:53:29.761085
CRD-001325,CLI-002267,AG-OUJ-01,CPT-002887,Crédit professionnel,148472.67,145379.49,0.0663,0.077,48,47,3529.93,2022-05-24,2022-06-23,2026-05-03,2022-06-23,1,47,95,Incident de paiement,Garantie autonome,99596.19,Investissement,513,D,26932.92,2023-12-19,3,CONS-006,2026-09-11 14:53:29.764085,2026-09-11 14:53:29.764085
CRD-001326,CLI-004275,AG-OUJ-01,CPT-005482,Crédit immobilier,1043178.24,782383.68,0.0693,0.0824,240,180,8043.98,2022-05-23,2022-06-22,2042-02-07,2027-04-27,60,180,0,En cours,Sans garantie,0.0,Équipement professionnel,630,B,10977.37,,0,CONS-025,2026-09-11 14:53:29.766340,2026-09-11 14:53:29.766340
CRD-001327,CLI-000409,AG-AGA-01,CPT-000515,Crédit consommation,9997.2,3332.4,0.0487,0.0575,12,4,855.24,2026-08-11,2026-09-10,2027-08-06,2027-04-08,8,4,0,En cours,Nantissement,11505.42,Études,597,C,25.61,,0,CONS-024,2026-09-11 14:53:29.769359,2026-09-11 14:53:29.769359
CRD-001328,CLI-000171,AG-MOH-01,CPT-000213,Crédit automobile,23359.77,1167.99,0.0592,0.0652,60,3,450.74,2023-06-22,2023-07-22,2028-05-26,2028-02-26,57,3,0,En cours,Hypothèque,21315.07,Achat immobilier,571,C,5.27,,0,CONS-046,2026-09-11 14:53:29.771363,2026-09-11 14:53:29.771363
CRD-001329,CLI-000541,AG-MOH-01,CPT-000688,Crédit immobilier,321481.92,194675.16,0.0548,0.0746,180,109,2623.36,2023-04-27,2023-05-27,2038-02-07,2029-02-24,71,109,0,En cours,Nantissement,204626.52,Investissement,516,C,662.17,,0,CONS-020,2026-09-11 14:53:29.774602,2026-09-11 14:53:29.774602
CRD-001330,CLI-002211,AG-MOH-01,CPT-002819,Crédit professionnel,57167.97,4764.0,0.0443,0.0551,36,3,1698.78,2023-02-06,2023-03-08,2026-01-21,2025-10-23,33,3,0,En cours,Nantissement,28659.78,Achat immobilier,671,B,42.0,,0,CONS-023,2026-09-11 14:53:29.776608,2026-09-11 14:53:29.776608
CRD-001331,CLI-002305,AG-SAF-01,CPT-002938,Crédit immobilier,597717.49,464891.38,0.06,0.0681,180,140,5043.88,2024-12-17,2025-01-16,2039-09-30,2028-03-31,40,140,0,En cours,Caution personnelle,444757.62,Fonds de roulement,682,B,4154.69,,0,CONS-031,2026-09-11 14:53:29.779607,2026-09-11 14:53:29.779607
CRD-001332,CLI-002568,AG-NAD-01,CPT-003266,Crédit immobilier,439153.74,365961.45,0.0426,0.0539,300,250,2381.52,2026-02-10,2026-03-12,2050-10-02,2030-03-21,50,250,0,En cours,Hypothèque,482350.84,Équipement professionnel,517,C,1927.97,,0,CONS-025,2026-09-11 14:53:29.782601,2026-09-11 14:53:29.782601
CRD-001333,CLI-000614,AG-KHO-01,CPT-000774,Crédit immobilier,57703.0,33467.74,0.063,0.0687,300,174,382.43,2025-03-25,2025-04-24,2049-11-14,2035-07-31,126,174,100,Incident de paiement,Caution personnelle,60252.14,Véhicule,590,D,3705.84,2026-07-05,3,CONS-045,2026-09-11 14:53:29.784608,2026-09-11 14:53:29.784608
CRD-001334,CLI-002102,AG-SET-01,CPT-002677,Crédit consommation,23276.91,12608.33,0.0551,0.062,24,13,1026.52,2022-11-28,2022-12-28,2024-11-17,2023-10-24,11,13,0,En cours,Nantissement,12535.41,Achat immobilier,590,C,49.52,,0,CONS-007,2026-09-11 14:53:29.787606,2026-09-11 14:53:29.787606
CRD-001335,CLI-001809,AG-CAS-01,CPT-002305,Crédit professionnel,634384.42,176217.89,0.0677,0.0832,36,10,19521.31,2024-07-30,2024-08-29,2027-07-15,2026-09-18,26,10,0,En cours,Caution personnelle,331544.17,Études,635,B,933.74,,0,CONS-004,2026-09-11 14:53:29.789845,2026-09-11 14:53:29.789845
CRD-001336,CLI-003439,AG-RAB-02,CPT-004385,Crédit investissement,612761.81,490209.45,0.0483,0.0636,60,48,11515.91,2024-06-23,2024-07-23,2029-05-28,2025-06-18,12,48,0,En cours,Nantissement,657274.68,Travaux,473,C,1727.44,,0,CONS-007,2026-09-11 14:53:29.793879,2026-09-11 14:53:29.793879
CRD-001337,CLI-001162,AG-RAB-01,CPT-001487,Crédit automobile,17601.83,4033.75,0.0535,0.0587,48,11,408.15,2026-03-26,2026-04-25,2030-03-05,2029-04-09,37,11,0,En cours,Nantissement,9592.98,Achat immobilier,593,C,28.99,,0,CONS-046,2026-09-11 14:53:29.797879,2026-09-11 14:53:29.797879
CRD-001338,CLI-004226,AG-RAB-03,CPT-005414,Crédit immobilier,674893.99,269957.6,0.041,0.0537,240,96,4125.37,2022-10-27,2022-11-26,2042-07-14,2034-08-25,144,96,0,En cours,Hypothèque,603406.81,Investissement,680,B,1461.01,,0,CONS-037,2026-09-11 14:53:29.801878,2026-09-11 14:53:29.801878
CRD-001339,CLI-003120,AG-CAS-04,CPT-003979,Crédit immobilier,1028530.71,638546.15,0.0382,0.0562,240,149,6135.57,2026-02-11,2026-03-13,2045-10-29,2033-08-03,91,149,0,En cours,Hypothèque,906876.02,Achat immobilier,582,C,1612.16,,0,CONS-012,2026-09-11 14:53:29.805878,2026-09-11 14:53:29.805878
CRD-001340,CLI-003653,AG-SAL-01,CPT-004669,Crédit professionnel,1153267.98,608669.21,0.0421,0.0612,36,19,34156.91,2022-07-07,2022-08-06,2025-06-21,2023-11-29,17,19,0,En cours,Sans garantie,0.0,Investissement,693,B,4240.25,,0,CONS-033,2026-09-11 14:53:29.808901,2026-09-11 14:53:29.808901
CRD-001341,CLI-001611,AG-LAÂ-01,CPT-002060,Crédit consommation,11140.73,2166.25,0.0661,0.0809,36,7,342.01,2025-09-13,2025-10-13,2028-08-28,2028-01-31,29,7,0,En cours,Sans garantie,0.0,Investissement,645,B,20.63,,0,CONS-019,2026-09-11 14:53:29.811879,2026-09-11 14:53:29.811879
CRD-001342,CLI-001933,AG-SAL-01,CPT-002466,Crédit automobile,35075.93,23383.95,0.0312,0.0465,24,16,1509.47,2022-01-08,2022-02-07,2023-12-29,2022-09-05,8,16,0,En cours,Sans garantie,0.0,Fonds de roulement,404,C,196.92,,0,CONS-012,2026-09-11 14:53:29.814885,2026-09-11 14:53:29.814885
CRD-001343,CLI-003028,AG-EL -01,CPT-003865,Crédit équipement,10418.67,7379.89,0.0623,0.0737,24,17,462.84,2026-06-24,2026-07-24,2028-06-13,2027-01-20,7,17,0,En cours,Hypothèque,6310.1,Travaux,512,C,39.27,,0,CONS-008,2026-09-11 14:53:29.818885,2026-09-11 14:53:29.818885
CRD-001344,CLI-000565,AG-TAN-01,CPT-000716,Crédit consommation,8294.94,1036.87,0.0705,0.0782,24,3,371.57,2025-07-05,2025-08-04,2027-06-25,2027-03-27,21,3,0,En cours,Caution personnelle,9479.09,Travaux,524,C,3.56,,0,CONS-013,2026-09-11 14:53:29.822883,2026-09-11 14:53:29.822883
CRD-001345,CLI-003572,AG-LAÂ-01,CPT-004563,Crédit immobilier,150079.02,35643.77,0.0551,0.0716,240,57,1033.22,2022-04-17,2022-05-17,2042-01-02,2037-04-28,183,57,0,En cours,Garantie autonome,115967.79,Véhicule,789,A,106.37,,0,CONS-030,2026-09-11 14:53:29.824886,2026-09-11 14:53:29.824886
CRD-001346,CLI-004248,AG-RAB-03,CPT-005443,Crédit immobilier,366504.9,16289.11,0.0627,0.0715,180,8,3146.49,2026-05-24,2026-06-23,2041-03-06,2040-07-09,172,8,0,En cours,Garantie autonome,386235.42,Achat immobilier,629,B,88.14,,0,CONS-033,2026-09-11 14:53:29.828883,2026-09-11 14:53:29.828883
CRD-001347,CLI-002389,AG-KHO-01,CPT-003039,Crédit investissement,13199.91,1099.99,0.0504,0.0574,36,3,395.85,2025-03-10,2025-04-09,2028-02-23,2027-11-25,33,3,0,En cours,Nantissement,14361.46,Études,454,C,8.9,,0,CONS-026,2026-09-11 14:53:29.831880,2026-09-11 14:53:29.831880
CRD-001348,CLI-001472,AG-KHO-01,CPT-001895,Crédit automobile,10214.35,4085.74,0.0734,0.092,60,24,203.9,2023-09-25,2023-10-25,2028-08-29,2026-09-09,36,24,0,En cours,Garantie autonome,8746.01,Investissement,582,C,36.41,,0,CONS-018,2026-09-11 14:53:29.834879,2026-09-11 14:53:29.834879
CRD-001349,CLI-002631,AG-KÉN-01,CPT-003348,Crédit immobilier,130529.55,79405.48,0.0455,0.0582,240,146,829.32,2025-03-07,2025-04-06,2044-11-22,2032-11-25,94,146,0,En cours,Hypothèque,83378.02,Achat immobilier,454,C,131.0,,0,CONS-019,2026-09-11 14:53:29.836881,2026-09-11 14:53:29.836881
CRD-001350,CLI-001836,AG-MOH-01,CPT-002341,Crédit professionnel,9865.48,8456.13,0.0555,0.0626,84,72,142.0,2024-03-19,2024-04-18,2031-02-11,2025-03-14,12,72,0,En cours,Sans garantie,0.0,Fonds de roulement,613,B,69.72,,0,CONS-024,2026-09-11 14:53:29.839880,2026-09-11 14:53:29.839880
CRD-001351,CLI-004929,AG-CAS-05,CPT-006317,Crédit professionnel,86275.64,79086.0,0.0403,0.0476,60,55,1590.07,2025-12-07,2026-01-06,2030-11-11,2026-05-06,5,55,0,En cours,Nantissement,102362.55,Équipement professionnel,500,C,276.72,,0,CONS-031,2026-09-11 14:53:29.841881,2026-09-11 14:53:29.841881
CRD-001352,CLI-003476,AG-FÈS-01,CPT-004434,Crédit investissement,205354.84,136903.23,0.0364,0.0487,84,56,2773.05,2026-03-25,2026-04-24,2033-02-16,2028-07-12,28,56,0,En cours,Hypothèque,140690.43,Véhicule,579,C,663.14,,0,CONS-006,2026-09-11 14:53:29.845879,2026-09-11 14:53:29.845879
CRD-001353,CLI-001534,AG-FÈS-01,CPT-001965,Crédit immobilier,262748.06,252895.01,0.0718,0.079,240,231,2065.57,2023-05-17,2023-06-16,2043-02-01,2024-02-11,9,231,0,En cours,Caution personnelle,299729.82,Fonds de roulement,393,C,1877.51,,0,CONS-030,2026-09-11 14:53:29.848884,2026-09-11 14:53:29.848884
CRD-001354,CLI-004328,AG-CAS-04,CPT-005552,Crédit immobilier,381569.47,346592.27,0.0716,0.0838,240,218,2995.06,2026-05-31,2026-06-30,2046-02-15,2028-03-21,22,218,0,En cours,Sans garantie,0.0,Investissement,534,C,3052.22,,0,CONS-043,2026-09-11 14:53:29.850885,2026-09-11 14:53:29.850885
CRD-001355,CLI-002485,AG-KHE-01,CPT-003160,Crédit consommation,2806.37,2338.64,0.0314,0.0436,12,10,237.86,2023-06-21,2023-07-21,2024-06-15,2023-08-20,2,10,0,En cours,Garantie autonome,1418.97,Fonds de roulement,677,B,9.16,,0,CONS-044,2026-09-11 14:53:29.853885,2026-09-11 14:53:29.853885
CRD-001356,CLI-004208,AG-RAB-03,CPT-005388,Crédit professionnel,161703.67,137448.12,0.0659,0.0836,60,51,3170.74,2026-03-25,2026-04-24,2031-02-27,2026-12-20,9,51,0,En cours,Sans garantie,0.0,Études,835,A,548.98,,0,CONS-043,2026-09-11 14:53:29.855885,2026-09-11 14:53:29.855885
CRD-001357,CLI-001173,AG-SAF-01,CPT-001498,Crédit équipement,10139.96,4224.98,0.0347,0.0487,12,5,860.96,2024-02-27,2024-03-28,2025-02-21,2024-09-24,7,5,0,En cours,Garantie autonome,8781.71,Achat immobilier,528,C,26.29,,0,CONS-019,2026-09-11 14:53:29.858877,2026-09-11 14:53:29.858877
CRD-001358,CLI-001428,AG-CAS-06,CPT-001836,Crédit consommation,27922.5,18615.0,0.0507,0.0659,24,16,1225.87,2025-10-06,2025-11-05,2027-09-26,2026-06-03,8,16,0,En cours,Caution personnelle,20119.37,Fonds de roulement,522,C,109.45,,0,CONS-046,2026-09-11 14:53:29.861902,2026-09-11 14:53:29.861902
CRD-001359,CLI-000326,AG-KÉN-01,CPT-000411,Crédit professionnel,467018.96,415127.96,0.0732,0.0853,36,32,14488.62,2025-06-10,2025-07-10,2028-05-25,2025-10-08,4,32,0,En cours,Caution personnelle,492668.58,Investissement,785,A,3517.95,,0,CONS-050,2026-09-11 14:53:29.865015,2026-09-11 14:53:29.865015
CRD-001360,CLI-001052,AG-KHE-01,CPT-001340,Crédit immobilier,408428.25,23824.98,0.0385,0.0449,120,7,4106.08,2025-07-24,2025-08-23,2035-06-02,2034-11-04,113,7,0,En cours,Sans garantie,0.0,Travaux,719,A,236.56,,0,CONS-025,2026-09-11 14:53:29.867042,2026-09-11 14:53:29.867042
CRD-001361,CLI-003320,AG-AGA-01,CPT-004224,Crédit immobilier,98022.16,65348.11,0.0504,0.0675,240,160,649.07,2023-05-04,2023-06-03,2043-01-19,2029-11-28,80,160,0,En cours,Sans garantie,0.0,Études,602,B,325.94,,0,CONS-049,2026-09-11 14:53:29.870037,2026-09-11 14:53:29.870037
CRD-001362,CLI-004722,AG-CAS-04,CPT-006050,Crédit professionnel,91807.39,45903.69,0.0705,0.0793,36,18,2836.84,2024-06-23,2024-07-23,2027-06-08,2025-12-15,18,18,0,En cours,Garantie autonome,70052.1,Études,570,C,404.41,,0,CONS-005,2026-09-11 14:53:29.873040,2026-09-11 14:53:29.873040
CRD-001363,CLI-003865,AG-KÉN-01,CPT-004943,Crédit investissement,7028.17,5856.81,0.0777,0.0933,60,50,141.73,2024-02-08,2024-03-09,2029-01-12,2024-12-04,10,50,0,En cours,Garantie autonome,7976.26,Achat immobilier,638,B,56.23,,0,CONS-036,2026-09-11 14:53:29.875208,2026-09-11 14:53:29.875208
CRD-001364,CLI-002604,AG-AGA-02,CPT-003314,Crédit immobilier,278415.42,129927.2,0.0313,0.0499,120,56,2705.14,2025-07-28,2025-08-27,2035-06-06,2030-10-30,64,56,0,En cours,Garantie autonome,191502.52,Études,426,C,1296.5,,0,CONS-028,2026-09-11 14:53:29.878206,2026-09-11 14:53:29.878206
CRD-001365,CLI-001739,AG-FÈS-02,CPT-002219,Crédit équipement,11154.34,10689.58,0.0545,0.0667,48,46,259.16,2026-07-08,2026-08-07,2030-06-17,2026-09-06,2,46,2,En cours (retard),Caution personnelle,6709.01,Fonds de roulement,632,B,176.67,,0,CONS-033,2026-09-11 14:53:29.880213,2026-09-11 14:53:29.880213
CRD-001366,CLI-001197,AG-AGA-02,CPT-001531,Crédit immobilier,1186946.55,870427.47,0.035,0.0464,180,132,8485.27,2022-11-16,2022-12-16,2037-08-29,2026-10-26,48,132,0,En cours,Nantissement,1139663.58,Équipement professionnel,736,A,7967.09,,0,CONS-020,2026-09-11 14:53:29.883209,2026-09-11 14:53:29.883209
CRD-001367,CLI-000621,AG-MAR-02,CPT-000781,Crédit immobilier,311123.95,267048.06,0.0352,0.0429,120,103,3079.49,2026-01-03,2026-02-02,2035-11-12,2027-05-28,17,103,0,En cours,Caution personnelle,258138.29,Études,757,A,2451.86,,0,CONS-031,2026-09-11 14:53:29.886211,2026-09-11 14:53:29.886211
CRD-001368,CLI-001375,AG-MAR-02,CPT-001762,Crédit automobile,28818.15,7204.54,0.0794,0.0953,36,9,902.26,2024-05-11,2024-06-10,2027-04-26,2026-07-30,27,9,0,En cours,Garantie autonome,18044.83,Études,510,C,24.83,,0,CONS-029,2026-09-11 14:53:29.888206,2026-09-11 14:53:29.888206
CRD-001369,CLI-002880,AG-MAR-01,CPT-003673,Crédit équipement,16877.81,14533.67,0.0651,0.0825,36,31,517.36,2026-02-07,2026-03-09,2029-01-22,2026-07-07,5,31,0,En cours,Sans garantie,0.0,Investissement,589,C,204.64,,0,CONS-010,2026-09-11 14:53:29.891341,2026-09-11 14:53:29.891341
CRD-001370,CLI-001190,AG-FÈS-01,CPT-001522,Crédit équipement,10401.7,577.87,0.0583,0.0733,36,2,315.64,2023-06-04,2023-07-04,2026-05-19,2026-03-20,34,2,0,En cours,Garantie autonome,12444.07,Véhicule,850,A,4.52,,0,CONS-029,2026-09-11 14:53:29.893345,2026-09-11 14:53:29.893345
CRD-001371,CLI-000329,AG-AGA-01,CPT-000416,Crédit consommation,15487.22,9034.21,0.0661,0.081,12,7,1337.28,2024-10-20,2024-11-19,2025-10-15,2025-03-19,5,7,0,En cours,Hypothèque,12472.3,Véhicule,701,A,24.5,,0,CONS-031,2026-09-11 14:53:29.896345,2026-09-11 14:53:29.896345
CRD-001372,CLI-000649,AG-MAR-01,CPT-000818,Crédit professionnel,110165.86,79564.23,0.0398,0.0472,36,26,3251.56,2022-05-08,2022-06-07,2025-04-22,2023-03-04,10,26,0,En cours,Caution personnelle,62622.23,Travaux,566,C,348.96,,0,CONS-012,2026-09-11 14:53:29.898625,2026-09-11 14:53:29.898625
CRD-001373,CLI-000898,AG-CAS-03,CPT-001146,Crédit immobilier,35090.76,11501.97,0.0364,0.0485,180,59,253.28,2025-10-10,2025-11-09,2040-07-23,2035-09-18,121,59,0,En cours,Sans garantie,0.0,Travaux,667,B,71.28,,0,CONS-001,2026-09-11 14:53:29.901542,2026-09-11 14:53:29.901542
CRD-001374,CLI-003883,AG-CAS-04,CPT-004965,Crédit professionnel,107794.23,95218.24,0.0364,0.053,60,53,1967.73,2023-07-23,2023-08-22,2028-06-26,2024-02-18,7,53,0,En cours,Caution personnelle,67986.08,Achat immobilier,666,B,221.73,,0,CONS-033,2026-09-11 14:53:29.904539,2026-09-11 14:53:29.904539
CRD-001375,CLI-001124,AG-FÈS-02,CPT-001436,Crédit investissement,181126.11,50312.81,0.0617,0.0736,36,10,5524.17,2022-11-07,2022-12-07,2025-10-22,2024-12-26,26,10,0,En cours,Caution personnelle,188436.7,Études,771,A,237.08,,0,CONS-042,2026-09-11 14:53:29.907541,2026-09-11 14:53:29.907541
CRD-001376,CLI-001892,AG-MAR-01,CPT-002412,Crédit immobilier,91187.37,39134.58,0.045,0.062,240,103,576.9,2022-03-18,2022-04-17,2041-12-03,2033-06-18,137,103,0,En cours,Hypothèque,60459.94,Investissement,359,C,57.57,,0,CONS-034,2026-09-11 14:53:29.910554,2026-09-11 14:53:29.910554
CRD-001377,CLI-004644,AG-TAN-01,CPT-005950,Crédit consommation,6474.01,5664.76,0.0314,0.0489,24,21,278.66,2023-03-24,2023-04-23,2025-03-13,2023-06-22,3,21,0,En cours,Garantie autonome,6254.93,Investissement,474,C,15.12,,0,CONS-047,2026-09-11 14:53:29.913558,2026-09-11 14:53:29.913558
CRD-001378,CLI-004792,AG-KHO-01,CPT-006147,Crédit investissement,68935.07,15318.9,0.0745,0.0944,36,8,2142.73,2023-01-17,2023-02-16,2026-01-01,2025-05-06,28,8,0,En cours,Caution personnelle,78376.66,Études,707,A,81.49,,0,CONS-005,2026-09-11 14:53:29.915559,2026-09-11 14:53:29.915559
CRD-001379,CLI-004530,AG-RAB-02,CPT-005807,Crédit immobilier,158022.33,19489.42,0.0794,0.0935,300,37,1213.37,2025-07-08,2025-08-07,2050-02-27,2047-02-13,263,37,0,En cours,Nantissement,95702.71,Investissement,625,B,128.89,,0,CONS-037,2026-09-11 14:53:29.918560,2026-09-11 14:53:29.918560
CRD-001380,CLI-004235,AG-CAS-03,CPT-005426,Crédit consommation,5546.8,0.0,0.0707,0.0776,12,0,480.13,2022-06-19,2022-07-19,2023-06-14,2023-06-14,12,0,0,En cours,Hypothèque,6167.36,Équipement professionnel,510,C,0.0,,0,CONS-050,2026-09-11 14:53:29.921558,2026-09-11 14:53:29.921558
CRD-001381,CLI-001594,AG-FÈS-02,CPT-002038,Crédit immobilier,200555.22,84678.87,0.0592,0.0745,180,76,1683.74,2023-03-14,2023-04-13,2037-12-25,2031-09-28,104,76,0,En cours,Hypothèque,152151.39,Véhicule,332,C,270.93,,0,CONS-043,2026-09-11 14:53:29.923560,2026-09-11 14:53:29.923560
CRD-001382,CLI-003313,AG-BÉN-01,CPT-004215,Crédit immobilier,246695.61,170631.13,0.034,0.0476,120,83,2427.93,2023-10-23,2023-11-22,2033-08-31,2026-11-06,37,83,0,En cours,Garantie autonome,164599.28,Véhicule,509,C,631.73,,0,CONS-034,2026-09-11 14:53:29.926536,2026-09-11 14:53:29.926536
CRD-001383,CLI-002548,AG-LAÂ-01,CPT-003242,Crédit équipement,6896.3,3065.02,0.0629,0.0719,36,16,210.71,2024-12-17,2025-01-16,2027-12-02,2026-08-09,20,16,136,Incident de paiement,Hypothèque,3669.03,Équipement professionnel,733,D,129.39,2026-02-04,2,CONS-045,2026-09-11 14:53:29.929537,2026-09-11 14:53:29.929537
CRD-001384,CLI-001546,AG-CAS-04,CPT-001979,Crédit immobilier,731988.74,695389.3,0.0406,0.0476,180,171,5436.47,2023-05-21,2023-06-20,2038-03-03,2024-02-15,9,171,0,En cours,Garantie autonome,498829.86,Investissement,566,C,2370.74,,0,CONS-032,2026-09-11 14:53:29.932536,2026-09-11 14:53:29.932536
CRD-001385,CLI-004337,AG-KÉN-01,CPT-005562,Crédit automobile,33728.87,19675.17,0.0739,0.0829,60,35,674.1,2025-05-13,2025-06-12,2030-04-17,2027-06-02,25,35,0,En cours,Caution personnelle,37822.62,Travaux,592,C,198.95,,0,CONS-005,2026-09-11 14:53:29.934538,2026-09-11 14:53:29.934538
CRD-001386,CLI-001024,AG-RAB-02,CPT-001303,Crédit immobilier,186135.12,156973.95,0.0459,0.0566,300,253,1044.13,2024-04-04,2024-05-04,2048-11-24,2028-02-13,47,253,0,En cours,Garantie autonome,149977.8,Véhicule,613,B,1340.03,,0,CONS-016,2026-09-11 14:53:29.937537,2026-09-11 14:53:29.937537
CRD-001387,CLI-001972,AG-CAS-05,CPT-002515,Crédit immobilier,70559.85,65855.86,0.0315,0.0465,300,280,340.13,2025-10-09,2025-11-08,2050-05-31,2027-06-01,20,280,0,En cours,Nantissement,38503.69,Fonds de roulement,519,C,558.81,,0,CONS-043,2026-09-11 14:53:29.940540,2026-09-11 14:53:29.940540
CRD-001388,CLI-004989,AG-TAN-01,CPT-006392,Crédit professionnel,203599.96,84833.32,0.0656,0.0717,60,25,3989.39,2023-12-28,2024-01-27,2028-12-01,2026-11-12,35,25,0,En cours,Hypothèque,143658.06,Véhicule,492,C,173.01,,0,CONS-033,2026-09-11 14:53:29.942542,2026-09-11 14:53:29.942542
CRD-001389,CLI-001715,AG-CAS-01,CPT-002189,Crédit investissement,353146.3,36786.07,0.0566,0.0659,48,5,8238.71,2021-10-05,2021-11-04,2025-09-14,2025-04-17,43,5,0,En cours,Caution personnelle,343482.76,Véhicule,644,B,409.14,,0,CONS-001,2026-09-11 14:53:29.945542,2026-09-11 14:53:29.945542
CRD-001390,CLI-001718,AG-SET-01,CPT-002192,Crédit professionnel,21410.88,16771.86,0.0706,0.084,60,47,424.57,2023-01-04,2023-02-03,2027-12-09,2024-01-29,13,47,0,En cours,Nantissement,21559.59,Études,708,A,35.78,,0,CONS-047,2026-09-11 14:53:29.948541,2026-09-11 14:53:29.948541
CRD-001391,CLI-001478,AG-RAB-03,CPT-001901,Crédit immobilier,82426.56,69375.69,0.0467,0.0626,120,101,861.03,2023-09-04,2023-10-04,2033-07-13,2025-03-27,19,101,0,En cours,Caution personnelle,65528.54,Équipement professionnel,627,B,265.84,,0,CONS-008,2026-09-11 14:53:29.950542,2026-09-11 14:53:29.950542
CRD-001392,CLI-000810,AG-TAN-02,CPT-001035,Crédit automobile,133337.54,22222.92,0.0729,0.0825,60,10,2658.52,2022-05-13,2022-06-12,2027-04-17,2026-06-21,50,10,0,En cours,Sans garantie,0.0,Véhicule,706,A,184.29,,0,CONS-043,2026-09-11 14:53:29.953541,2026-09-11 14:53:29.953541
CRD-001393,CLI-002851,AG-CAS-03,CPT-003634,Crédit consommation,7968.2,4150.1,0.0577,0.072,48,25,186.29,2022-10-23,2022-11-22,2026-10-02,2024-09-12,23,25,0,En cours,Garantie autonome,5157.1,Fonds de roulement,304,C,31.68,,0,CONS-026,2026-09-11 14:53:29.955540,2026-09-11 14:53:29.955540
CRD-001394,CLI-000979,AG-CAS-05,CPT-001247,Crédit immobilier,133309.37,96871.48,0.0622,0.074,300,218,876.93,2026-05-26,2026-06-25,2051-01-15,2033-02-18,82,218,0,En cours,Sans garantie,0.0,Fonds de roulement,576,C,810.38,,0,CONS-024,2026-09-11 14:53:29.958540,2026-09-11 14:53:29.958540
CRD-001395,CLI-004688,AG-KHE-01,CPT-006008,Crédit professionnel,102961.97,27456.53,0.0494,0.0587,60,16,1940.19,2025-09-20,2025-10-20,2030-08-25,2029-05-02,44,16,0,En cours,Garantie autonome,87421.0,Investissement,587,C,290.74,,0,CONS-025,2026-09-11 14:53:29.960540,2026-09-11 14:53:29.960540
CRD-001396,CLI-004896,AG-OUJ-01,CPT-006278,Crédit automobile,216362.94,45075.61,0.0536,0.0735,24,5,9527.06,2022-11-13,2022-12-13,2024-11-02,2024-06-05,19,5,0,En cours,Nantissement,203212.6,Véhicule,564,C,244.9,,0,CONS-038,2026-09-11 14:53:29.963537,2026-09-11 14:53:29.963537
CRD-001397,CLI-001685,AG-CAS-05,CPT-002151,Crédit immobilier,81941.25,79209.88,0.0524,0.0592,180,174,658.28,2022-05-03,2022-06-02,2037-02-13,2022-10-30,6,174,0,En cours,Nantissement,62526.54,Achat immobilier,620,B,729.03,,0,CONS-033,2026-09-11 14:53:29.966537,2026-09-11 14:53:29.966537
CRD-001398,CLI-004661,AG-TÉT-01,CPT-005971,Crédit investissement,45838.24,1527.94,0.0621,0.0738,60,2,890.66,2024-07-14,2024-08-13,2029-06-18,2029-04-19,58,2,0,En cours,Nantissement,33315.38,Études,489,C,16.44,,0,CONS-020,2026-09-11 14:53:29.969536,2026-09-11 14:53:29.969536
CRD-001399,CLI-001515,AG-CAS-03,CPT-001944,Crédit immobilier,115113.18,3453.4,0.0454,0.0542,300,9,642.45,2021-10-02,2021-11-01,2046-05-24,2045-08-27,291,9,0,En cours,Hypothèque,67774.88,Fonds de roulement,575,C,15.82,,0,CONS-022,2026-09-11 14:53:29.971536,2026-09-11 14:53:29.971536
CRD-001400,CLI-002405,AG-KÉN-01,CPT-003059,Crédit consommation,5237.61,1091.17,0.0643,0.0772,24,5,233.15,2022-12-19,2023-01-18,2024-12-08,2024-07-11,19,5,0,En cours,Caution personnelle,5445.0,Équipement professionnel,417,C,9.84,,0,CONS-006,2026-09-11 14:53:29.974561,2026-09-11 14:53:29.974561
CRD-001401,CLI-002022,AG-EL -01,CPT-002575,Crédit équipement,8011.44,4005.72,0.0375,0.0465,48,24,180.0,2023-06-14,2023-07-14,2027-05-24,2025-06-03,24,24,0,En cours,Garantie autonome,6172.95,Équipement professionnel,432,C,15.06,,0,CONS-031,2026-09-11 14:53:29.977554,2026-09-11 14:53:29.977554
CRD-001402,CLI-004554,AG-AGA-01,CPT-005843,Crédit consommation,9072.6,2268.15,0.0409,0.0586,48,12,205.22,2024-11-28,2024-12-28,2028-11-07,2027-11-13,36,12,0,En cours,Hypothèque,10868.48,Véhicule,671,B,4.69,,0,CONS-004,2026-09-11 14:53:29.980559,2026-09-11 14:53:29.980559
CRD-001403,CLI-001768,AG-MAR-02,CPT-002257,Crédit automobile,19751.16,7406.68,0.054,0.072,24,9,870.05,2024-06-23,2024-07-23,2026-06-13,2025-09-16,15,9,0,En cours,Hypothèque,13667.95,Équipement professionnel,641,B,29.59,,0,CONS-035,2026-09-11 14:53:29.982560,2026-09-11 14:53:29.982560
CRD-001404,CLI-000175,AG-TAN-02,CPT-000218,Crédit immobilier,140018.53,67675.62,0.0756,0.089,240,116,1133.12,2023-10-29,2023-11-28,2043-07-16,2034-01-04,124,116,0,En cours,Garantie autonome,161347.86,Équipement professionnel,644,B,536.03,,0,CONS-035,2026-09-11 14:53:29.985558,2026-09-11 14:53:29.985558
CRD-001405,CLI-001555,AG-CAS-05,CPT-001992,Crédit consommation,17227.66,3589.1,0.0664,0.0847,48,10,409.67,2021-12-15,2022-01-14,2025-11-24,2025-01-28,38,10,0,En cours,Garantie autonome,18623.85,Achat immobilier,462,C,32.72,,0,CONS-040,2026-09-11 14:53:29.987554,2026-09-11 14:53:29.987554
CRD-001406,CLI-004216,AG-RAB-01,CPT-005399,Crédit immobilier,476210.72,452400.18,0.0575,0.0643,300,285,2995.87,2023-07-10,2023-08-09,2048-02-29,2024-10-02,15,285,0,En cours,Hypothèque,299015.05,Achat immobilier,639,B,1782.48,,0,CONS-017,2026-09-11 14:53:29.990558,2026-09-11 14:53:29.990558
CRD-001407,CLI-001483,AG-FÈS-01,CPT-001908,Crédit automobile,43682.27,29849.55,0.0612,0.0778,60,41,846.94,2024-02-20,2024-03-21,2029-01-24,2025-09-12,19,41,0,En cours,Hypothèque,42585.19,Véhicule,614,B,58.2,,0,CONS-023,2026-09-11 14:53:29.993536,2026-09-11 14:53:29.993536
CRD-001408,CLI-004462,AG-TAN-02,CPT-005721,Crédit automobile,54845.27,47227.87,0.0654,0.076,36,31,1681.95,2022-06-11,2022-07-11,2025-05-26,2022-11-08,5,31,263,Contentieux,Caution personnelle,63393.0,Études,670,D,10653.46,2023-05-31,2,CONS-049,2026-09-11 14:53:29.996537,2026-09-11 14:53:29.996537
CRD-001409,CLI-000218,AG-CAS-01,CPT-000274,Crédit immobilier,502745.51,134065.47,0.0713,0.0845,120,32,5871.04,2024-10-12,2024-11-11,2034-08-21,2032-01-04,88,32,0,En cours,Garantie autonome,590778.77,Études,484,C,659.33,,0,CONS-031,2026-09-11 14:53:29.998538,2026-09-11 14:53:29.998538
CRD-001410,CLI-003915,AG-CAS-03,CPT-005004,Crédit consommation,7969.72,6641.43,0.0493,0.0632,36,30,238.61,2023-06-18,2023-07-18,2026-06-02,2023-12-15,6,30,0,En cours,Caution personnelle,5816.07,Travaux,724,A,20.61,,0,CONS-021,2026-09-11 14:53:30.001745,2026-09-11 14:53:30.001745
CRD-001411,CLI-003721,AG-NAD-01,CPT-004756,Crédit investissement,410330.87,353340.47,0.0508,0.0675,36,31,12312.73,2021-12-25,2022-01-24,2024-12-09,2022-05-24,5,31,0,En cours,Hypothèque,470534.24,Travaux,505,C,1386.27,,0,CONS-022,2026-09-11 14:53:30.004726,2026-09-11 14:53:30.004726
CRD-001412,CLI-000691,AG-RAB-02,CPT-000873,Crédit immobilier,431663.0,260436.68,0.0681,0.0744,300,181,2998.78,2021-09-10,2021-10-10,2046-05-02,2031-06-20,119,181,0,En cours,Garantie autonome,368156.07,Travaux,602,B,2741.91,,0,CONS-019,2026-09-11 14:53:30.007727,2026-09-11 14:53:30.007727
CRD-001413,CLI-002578,AG-OUJ-01,CPT-003280,Crédit automobile,115472.8,51321.24,0.0378,0.0533,36,16,3397.93,2021-12-26,2022-01-25,2024-12-10,2023-08-18,20,16,112,Incident de paiement,Garantie autonome,58855.31,Fonds de roulement,484,D,6180.0,2025-07-09,2,CONS-016,2026-09-11 14:53:30.010726,2026-09-11 14:53:30.010726
CRD-001414,CLI-002234,AG-RAB-03,CPT-002847,Crédit équipement,7208.32,5256.07,0.0425,0.0599,48,35,163.56,2023-11-19,2023-12-19,2027-10-29,2024-12-13,13,35,0,En cours,Nantissement,5372.09,Études,738,A,36.52,,0,CONS-011,2026-09-11 14:53:30.013726,2026-09-11 14:53:30.013726
CRD-001415,CLI-002239,AG-CAS-01,CPT-002854,Crédit investissement,760479.57,63373.3,0.0352,0.0443,60,5,13841.26,2021-11-29,2021-12-29,2026-11-03,2026-06-06,55,5,0,En cours,Hypothèque,859504.57,Travaux,541,C,300.31,,0,CONS-036,2026-09-11 14:53:30.016727,2026-09-11 14:53:30.016727
CRD-001416,CLI-001107,AG-SAL-01,CPT-001414,Crédit professionnel,16807.37,14286.26,0.072,0.0794,60,51,334.39,2022-07-27,2022-08-26,2027-07-01,2023-04-23,9,51,0,En cours,Nantissement,9033.43,Achat immobilier,637,B,113.92,,0,CONS-023,2026-09-11 14:53:30.019745,2026-09-11 14:53:30.019745
CRD-001417,CLI-001790,AG-KHO-01,CPT-002284,Crédit automobile,31171.48,23898.13,0.079,0.0871,60,46,630.55,2024-10-06,2024-11-05,2029-09-10,2025-11-30,14,46,0,En cours,Hypothèque,20531.73,Équipement professionnel,786,A,100.03,,0,CONS-027,2026-09-11 14:53:30.022745,2026-09-11 14:53:30.022745
CRD-001418,CLI-003189,AG-RAB-02,CPT-004067,Crédit immobilier,277044.24,4617.4,0.0515,0.0667,180,3,2212.56,2024-01-15,2024-02-14,2038-10-28,2038-07-30,177,3,104,Incident de paiement,Hypothèque,296465.19,Fonds de roulement,493,D,288.85,2024-08-14,1,CONS-013,2026-09-11 14:53:30.026740,2026-09-11 14:53:30.026740
CRD-001419,CLI-002437,AG-FÈS-02,CPT-003100,Crédit consommation,11726.27,4234.49,0.0444,0.0579,36,13,348.51,2024-12-18,2025-01-17,2027-12-03,2026-11-08,23,13,0,En cours,Hypothèque,11873.73,Travaux,753,A,11.56,,0,CONS-019,2026-09-11 14:53:30.029737,2026-09-11 14:53:30.029737
CRD-001420,CLI-000612,AG-CAS-04,CPT-000771,Crédit professionnel,34025.96,27409.8,0.0762,0.0892,36,29,1060.3,2022-10-14,2022-11-13,2025-09-28,2023-05-12,7,29,0,En cours,Nantissement,34163.37,Achat immobilier,643,B,177.22,,0,CONS-009,2026-09-11 14:53:30.031746,2026-09-11 14:53:30.031746
CRD-001421,CLI-003661,AG-RAB-02,CPT-004679,Crédit consommation,10177.24,1696.21,0.0753,0.0805,12,2,883.09,2026-08-06,2026-09-05,2027-08-01,2027-06-02,10,2,0,En cours,Hypothèque,7854.37,Véhicule,646,B,5.55,,0,CONS-014,2026-09-11 14:53:30.034746,2026-09-11 14:53:30.034746
CRD-001422,CLI-003712,AG-CAS-01,CPT-004747,Crédit automobile,48213.88,14732.02,0.0719,0.0852,36,11,1492.9,2022-11-24,2022-12-24,2025-11-08,2024-12-13,25,11,0,En cours,Caution personnelle,38573.0,Équipement professionnel,609,B,83.05,,0,CONS-027,2026-09-11 14:53:30.037747,2026-09-11 14:53:30.037747
CRD-001423,CLI-000577,AG-MAR-02,CPT-000731,Crédit immobilier,507622.07,376486.37,0.039,0.0442,240,178,3049.41,2026-08-29,2026-09-28,2046-05-16,2031-10-02,62,178,278,Contentieux,Caution personnelle,308740.26,Travaux,523,D,76055.66,2026-09-02,1,CONS-029,2026-09-11 14:53:30.039747,2026-09-11 14:53:30.039747
CRD-001424,CLI-002064,AG-MAR-02,CPT-002629,Crédit consommation,21635.88,15625.91,0.0415,0.0614,36,26,640.22,2026-04-29,2026-05-29,2029-04-13,2027-02-23,10,26,0,En cours,Sans garantie,0.0,Équipement professionnel,565,C,69.4,,0,CONS-037,2026-09-11 14:53:30.043746,2026-09-11 14:53:30.043746
CRD-001425,CLI-004436,AG-CAS-06,CPT-005685,Crédit consommation,11586.72,2896.68,0.062,0.0779,12,3,998.29,2024-04-29,2024-05-29,2025-04-24,2025-01-24,9,3,0,En cours,Caution personnelle,12672.26,Travaux,613,B,20.79,,0,CONS-004,2026-09-11 14:53:30.045747,2026-09-11 14:53:30.045747
CRD-001426,CLI-001181,AG-AGA-02,CPT-001510,Crédit automobile,40322.94,40322.94,0.0655,0.0705,48,48,957.19,2021-12-24,2022-01-23,2025-12-03,,0,48,0,En cours,Nantissement,44254.7,Fonds de roulement,504,C,108.0,,0,CONS-036,2026-09-11 14:53:30.048742,2026-09-11 14:53:30.048742
CRD-001427,CLI-000889,AG-RAB-01,CPT-001136,Crédit consommation,18869.25,18083.03,0.0443,0.0617,24,23,823.01,2024-01-06,2024-02-05,2025-12-26,2024-02-05,1,23,0,En cours,Caution personnelle,19001.93,Investissement,731,A,111.0,,0,CONS-023,2026-09-11 14:53:30.051722,2026-09-11 14:53:30.051722
CRD-001428,CLI-003129,AG-LAÂ-01,CPT-003992,Crédit équipement,10782.78,7188.52,0.0504,0.0566,48,32,248.52,2024-05-12,2024-06-11,2028-04-21,2025-09-04,16,32,0,En cours,Caution personnelle,9596.35,Véhicule,597,C,38.7,,0,CONS-023,2026-09-11 14:53:30.053726,2026-09-11 14:53:30.053726
CRD-001429,CLI-001733,AG-OUJ-01,CPT-002212,Crédit consommation,14341.74,3585.43,0.0636,0.0731,24,6,637.96,2022-06-06,2022-07-06,2024-05-26,2023-11-28,18,6,81,En cours (retard),Caution personnelle,15455.86,Véhicule,499,C,102.46,2025-07-21,1,CONS-008,2026-09-11 14:53:30.056723,2026-09-11 14:53:30.056723
CRD-001430,CLI-002664,AG-RAB-02,CPT-003392,Crédit équipement,12111.15,10849.57,0.0539,0.0703,48,43,281.06,2026-02-02,2026-03-04,2030-01-12,2026-07-02,5,43,0,En cours,Hypothèque,6375.07,Travaux,603,B,34.77,,0,CONS-007,2026-09-11 14:53:30.058724,2026-09-11 14:53:30.058724
CRD-001431,CLI-000818,AG-RAB-02,CPT-001045,Crédit automobile,16468.37,13723.64,0.0323,0.0378,36,30,480.59,2023-03-23,2023-04-22,2026-03-07,2023-09-19,6,30,0,En cours,Caution personnelle,16717.41,Achat immobilier,509,C,52.06,,0,CONS-038,2026-09-11 14:53:30.061747,2026-09-11 14:53:30.061747
CRD-001432,CLI-003278,AG-TÉT-01,CPT-004173,Crédit immobilier,575849.71,367104.19,0.0392,0.0484,240,153,3465.31,2024-01-10,2024-02-09,2043-09-27,2031-03-04,87,153,0,En cours,Nantissement,468654.22,Achat immobilier,535,C,2223.51,,0,CONS-047,2026-09-11 14:53:30.064856,2026-09-11 14:53:30.064856
CRD-001433,CLI-001860,AG-OUJ-01,CPT-002372,Crédit consommation,25244.13,11570.23,0.0724,0.0823,24,11,1132.99,2025-12-21,2026-01-20,2027-12-11,2027-01-15,13,11,0,En cours,Sans garantie,0.0,Investissement,741,A,68.5,,0,CONS-012,2026-09-11 14:53:30.067863,2026-09-11 14:53:30.067863
CRD-001434,CLI-000209,AG-SET-01,CPT-000264,Crédit immobilier,416707.37,370406.55,0.0401,0.0582,180,160,3084.42,2026-02-24,2026-03-26,2040-12-07,2027-10-17,20,160,155,Incident de paiement,Garantie autonome,408636.15,Véhicule,520,D,51639.22,2026-08-03,2,CONS-024,2026-09-11 14:53:30.070863,2026-09-11 14:53:30.070863
CRD-001435,CLI-000294,AG-CAS-04,CPT-000367,Crédit automobile,30678.09,16872.95,0.0647,0.0798,60,33,599.82,2024-06-19,2024-07-19,2029-05-24,2026-09-07,27,33,0,En cours,Nantissement,33589.29,Travaux,741,A,182.56,,0,CONS-031,2026-09-11 14:53:30.072863,2026-09-11 14:53:30.072863
CRD-001436,CLI-001120,AG-CAS-03,CPT-001429,Crédit immobilier,1162990.12,901317.34,0.0669,0.0868,240,186,8801.52,2021-10-25,2021-11-24,2041-07-12,2026-04-02,54,186,0,En cours,Sans garantie,0.0,Achat immobilier,623,B,7647.95,,0,CONS-022,2026-09-11 14:53:30.076092,2026-09-11 14:53:30.076092
CRD-001437,CLI-002214,AG-CAS-06,CPT-002822,Crédit automobile,183587.84,84144.43,0.0416,0.0471,48,22,4158.4,2025-03-27,2025-04-26,2029-03-06,2027-05-16,26,22,0,En cours,Nantissement,183163.69,Études,799,A,489.82,,0,CONS-020,2026-09-11 14:53:30.079098,2026-09-11 14:53:30.079098
CRD-001438,CLI-001610,AG-RAB-01,CPT-002058,Crédit automobile,6831.7,3700.5,0.0674,0.0815,48,26,162.77,2025-01-09,2025-02-08,2028-12-19,2026-10-31,22,26,0,En cours,Nantissement,3433.07,Études,630,B,29.45,,0,CONS-046,2026-09-11 14:53:30.081098,2026-09-11 14:53:30.081098
CRD-001439,CLI-001265,AG-MEK-01,CPT-001622,Crédit immobilier,124363.1,68814.25,0.08,0.095,300,166,959.85,2026-01-27,2026-02-26,2050-09-18,2037-01-29,134,166,258,Contentieux,Caution personnelle,119436.22,Travaux,592,D,22989.1,2026-05-28,2,CONS-027,2026-09-11 14:53:30.084098,2026-09-11 14:53:30.084098
CRD-001440,CLI-000991,AG-NAD-01,CPT-001262,Crédit investissement,62774.4,32695.0,0.0787,0.0932,48,25,1528.68,2021-11-14,2021-12-14,2025-10-24,2023-10-05,23,25,0,En cours,Garantie autonome,49920.72,Fonds de roulement,671,B,141.14,,0,CONS-038,2026-09-11 14:53:30.086097,2026-09-11 14:53:30.086097
CRD-001441,CLI-004198,AG-OUJ-01,CPT-005375,Crédit investissement,136126.42,107766.75,0.0443,0.0568,48,38,3099.87,2024-02-23,2024-03-24,2028-02-02,2024-12-19,10,38,0,En cours,Hypothèque,132595.07,Équipement professionnel,850,A,264.59,,0,CONS-036,2026-09-11 14:53:30.089097,2026-09-11 14:53:30.089097
CRD-001442,CLI-001617,AG-TAN-01,CPT-002070,Crédit immobilier,641914.52,19257.44,0.0579,0.0709,300,9,4053.86,2025-01-22,2025-02-21,2049-09-13,2048-12-17,291,9,0,En cours,Garantie autonome,485504.44,Études,555,C,176.38,,0,CONS-040,2026-09-11 14:53:30.092290,2026-09-11 14:53:30.092290
CRD-001443,CLI-000354,AG-CAS-04,CPT-000447,Crédit investissement,18748.75,16561.4,0.0644,0.0781,60,53,366.31,2022-11-07,2022-12-07,2027-10-12,2023-06-05,7,53,0,En cours,Nantissement,13446.7,Équipement professionnel,485,C,126.81,,0,CONS-008,2026-09-11 14:53:30.094290,2026-09-11 14:53:30.094290
CRD-001444,CLI-004558,AG-CAS-03,CPT-005847,Crédit automobile,30344.56,20229.71,0.0673,0.0791,48,32,722.84,2022-06-04,2022-07-04,2026-05-14,2023-09-27,16,32,0,En cours,Caution personnelle,23015.53,Travaux,415,C,146.59,,0,CONS-043,2026-09-11 14:53:30.097290,2026-09-11 14:53:30.097290
CRD-001445,CLI-002023,AG-CAS-05,CPT-002576,Crédit immobilier,244739.08,177843.73,0.0722,0.085,300,218,1764.26,2026-07-30,2026-08-29,2051-03-21,2033-04-24,82,218,0,En cours,Hypothèque,122953.96,Achat immobilier,456,C,802.08,,0,CONS-047,2026-09-11 14:53:30.100471,2026-09-11 14:53:30.100471
CRD-001446,CLI-003691,AG-MEK-01,CPT-004720,Crédit équipement,12016.64,9763.52,0.0673,0.0859,48,39,286.25,2022-04-15,2022-05-15,2026-03-25,2023-01-10,9,39,0,En cours,Garantie autonome,11987.71,Équipement professionnel,530,C,71.21,,0,CONS-028,2026-09-11 14:53:30.102471,2026-09-11 14:53:30.102471
CRD-001447,CLI-002556,AG-LAÂ-01,CPT-003252,Crédit immobilier,91137.42,90377.94,0.0639,0.0778,240,238,673.61,2021-12-05,2022-01-04,2041-08-22,2022-02-03,2,238,0,En cours,Nantissement,60626.25,Véhicule,636,B,1060.96,,0,CONS-020,2026-09-11 14:53:30.105471,2026-09-11 14:53:30.105471
CRD-001448,CLI-003049,AG-AGA-01,CPT-003891,Crédit automobile,112833.48,91677.2,0.048,0.0564,48,39,2588.27,2026-05-10,2026-06-09,2030-04-19,2027-02-04,9,39,0,En cours,Nantissement,83210.19,Fonds de roulement,597,C,289.68,,0,CONS-040,2026-09-11 14:53:30.107471,2026-09-11 14:53:30.107471
CRD-001449,CLI-001229,AG-OUJ-01,CPT-001574,Crédit immobilier,34503.5,3594.11,0.056,0.0723,240,25,239.3,2022-05-10,2022-06-09,2042-01-25,2040-01-06,215,25,0,En cours,Sans garantie,0.0,Études,631,B,21.92,,0,CONS-004,2026-09-11 14:53:30.110471,2026-09-11 14:53:30.110471
CRD-001450,CLI-000260,AG-CAS-01,CPT-000327,Crédit consommation,2484.15,1863.11,0.0761,0.0917,12,9,215.64,2022-11-27,2022-12-27,2023-11-22,2023-02-25,3,9,0,En cours,Hypothèque,1933.9,Véhicule,627,B,13.52,,0,CONS-034,2026-09-11 14:53:30.113472,2026-09-11 14:53:30.113472
CRD-001451,CLI-001520,AG-CAS-04,CPT-001950,Crédit automobile,26916.67,20187.5,0.0479,0.0673,48,36,617.31,2024-03-25,2024-04-24,2028-03-04,2025-03-20,12,36,0,En cours,Garantie autonome,15294.8,Études,777,A,200.71,,0,CONS-027,2026-09-11 14:53:30.116663,2026-09-11 14:53:30.116663
CRD-001452,CLI-001778,AG-MAR-01,CPT-002270,Crédit équipement,4313.83,1437.94,0.0583,0.066,36,12,130.9,2025-11-21,2025-12-21,2028-11-05,2027-11-11,24,12,0,En cours,Garantie autonome,4543.64,Études,629,B,8.49,,0,CONS-010,2026-09-11 14:53:30.119663,2026-09-11 14:53:30.119663
CRD-001453,CLI-004740,AG-KÉN-01,CPT-006074,Crédit équipement,25182.79,25182.79,0.0773,0.0971,24,24,1135.85,2024-01-18,2024-02-17,2026-01-07,,0,24,0,En cours,Caution personnelle,13853.8,Travaux,707,A,71.92,,0,CONS-022,2026-09-11 14:53:30.121662,2026-09-11 14:53:30.121662
CRD-001454,CLI-001771,AG-SAL-01,CPT-002260,Crédit consommation,3542.38,2066.39,0.0792,0.0934,24,14,160.08,2024-11-22,2024-12-22,2026-11-12,2025-09-18,10,14,0,En cours,Sans garantie,0.0,Véhicule,604,B,18.22,,0,CONS-038,2026-09-11 14:53:30.125119,2026-09-11 14:53:30.125119
CRD-001455,CLI-004354,AG-TAN-02,CPT-005585,Crédit immobilier,457208.94,391675.66,0.0628,0.0767,300,257,3024.55,2023-09-17,2023-10-17,2048-05-08,2027-03-30,43,257,0,En cours,Nantissement,290185.81,Fonds de roulement,694,B,1704.34,,0,CONS-024,2026-09-11 14:53:30.129141,2026-09-11 14:53:30.129141
CRD-001456,CLI-000053,AG-CAS-01,CPT-000070,Crédit professionnel,127313.61,31828.4,0.0406,0.0472,60,15,2348.12,2024-08-08,2024-09-07,2029-07-13,2028-04-19,45,15,0,En cours,Hypothèque,81672.39,Études,744,A,134.61,,0,CONS-033,2026-09-11 14:53:30.131144,2026-09-11 14:53:30.131144
CRD-001457,CLI-003474,AG-CAS-05,CPT-004432,Crédit immobilier,263477.54,90021.49,0.0756,0.0939,240,82,2132.23,2025-06-11,2025-07-11,2045-02-26,2038-06-03,158,82,0,En cours,Garantie autonome,289915.21,Travaux,615,B,456.73,,0,CONS-029,2026-09-11 14:53:30.134142,2026-09-11 14:53:30.134142
CRD-001458,CLI-004684,AG-AGA-01,CPT-006002,Crédit professionnel,922742.53,922742.53,0.0548,0.063,84,84,13251.09,2022-01-11,2022-02-10,2028-12-05,,0,84,0,En cours,Sans garantie,0.0,Études,540,C,5090.34,,0,CONS-023,2026-09-11 14:53:30.136144,2026-09-11 14:53:30.136144
CRD-001459,CLI-004412,AG-CAS-02,CPT-005656,Crédit immobilier,94844.36,64019.94,0.0644,0.079,120,81,1074.05,2023-06-05,2023-07-05,2033-04-13,2026-08-18,39,81,0,En cours,Caution personnelle,85539.66,Équipement professionnel,655,B,585.64,,0,CONS-042,2026-09-11 14:53:30.139142,2026-09-11 14:53:30.139142
CRD-001460,CLI-002410,AG-LAÂ-01,CPT-003065,Crédit investissement,170739.14,14228.26,0.0417,0.0562,60,5,3157.54,2022-05-06,2022-06-05,2027-04-10,2026-11-11,55,5,0,En cours,Sans garantie,0.0,Fonds de roulement,679,B,111.76,,0,CONS-043,2026-09-11 14:53:30.141138,2026-09-11 14:53:30.141138
CRD-001461,CLI-002788,AG-RAB-03,CPT-003555,Crédit automobile,12065.59,7038.26,0.0367,0.0483,48,28,270.65,2023-03-11,2023-04-10,2027-02-18,2024-10-31,20,28,0,En cours,Sans garantie,0.0,Travaux,537,C,89.35,,0,CONS-021,2026-09-11 14:53:30.144122,2026-09-11 14:53:30.144122
CRD-001462,CLI-002345,AG-KHO-01,CPT-002986,Crédit immobilier,62909.72,6290.97,0.0544,0.0698,180,18,512.02,2023-01-08,2023-02-07,2037-10-21,2036-04-29,162,18,0,En cours,Hypothèque,51171.98,Fonds de roulement,608,B,13.78,,0,CONS-009,2026-09-11 14:53:30.147121,2026-09-11 14:53:30.147121
CRD-001463,CLI-001034,AG-CAS-04,CPT-001317,Crédit immobilier,249968.34,4999.37,0.0398,0.0569,300,6,1316.67,2026-07-17,2026-08-16,2051-03-08,2050-09-09,294,6,0,En cours,Garantie autonome,143236.03,Études,479,C,13.79,,0,CONS-041,2026-09-11 14:53:30.150120,2026-09-11 14:53:30.150120
CRD-001464,CLI-001098,AG-RAB-01,CPT-001402,Crédit professionnel,42904.97,0.0,0.0415,0.0494,36,0,1269.59,2021-11-24,2021-12-24,2024-11-08,2024-11-08,36,0,0,En cours,Hypothèque,32799.08,Équipement professionnel,576,C,0.0,,0,CONS-021,2026-09-11 14:53:30.152122,2026-09-11 14:53:30.152122
CRD-001465,CLI-000544,AG-CAS-02,CPT-000692,Crédit consommation,5559.88,5328.22,0.0653,0.0799,24,23,247.75,2022-12-31,2023-01-30,2024-12-20,2023-01-30,1,23,0,En cours,Garantie autonome,6209.44,Achat immobilier,513,C,28.61,,0,CONS-005,2026-09-11 14:53:30.155119,2026-09-11 14:53:30.155119
CRD-001466,CLI-001047,AG-MEK-01,CPT-001333,Crédit consommation,4166.24,1735.93,0.0783,0.0922,12,5,362.09,2022-10-20,2022-11-19,2023-10-15,2023-05-18,7,5,0,En cours,Sans garantie,0.0,Véhicule,738,A,8.71,,0,CONS-044,2026-09-11 14:53:30.158119,2026-09-11 14:53:30.158119
CRD-001467,CLI-001895,AG-CAS-04,CPT-002416,Crédit automobile,25848.71,4308.12,0.0602,0.0785,36,6,786.6,2026-07-24,2026-08-23,2029-07-08,2029-01-09,30,6,0,En cours,Sans garantie,0.0,Investissement,513,C,26.43,,0,CONS-038,2026-09-11 14:53:30.160121,2026-09-11 14:53:30.160121
CRD-001468,CLI-004377,AG-NAD-01,CPT-005614,Crédit consommation,7480.45,6857.08,0.0504,0.0577,12,11,640.52,2025-08-16,2025-09-15,2026-08-11,2025-09-15,1,11,0,En cours,Hypothèque,8722.42,Études,636,B,12.03,,0,CONS-034,2026-09-11 14:53:30.163120,2026-09-11 14:53:30.163120
CRD-001469,CLI-000031,AG-EL -01,CPT-000046,Crédit professionnel,19409.43,970.47,0.071,0.087,60,3,385.25,2025-04-03,2025-05-03,2030-03-08,2029-12-08,57,3,0,En cours,Nantissement,16504.88,Investissement,592,C,4.72,,0,CONS-033,2026-09-11 14:53:30.165120,2026-09-11 14:53:30.165120
CRD-001470,CLI-000726,AG-RAB-01,CPT-000919,Crédit professionnel,328320.92,145920.41,0.0515,0.0689,36,16,9862.2,2024-12-11,2025-01-10,2027-11-26,2026-08-03,20,16,0,En cours,Garantie autonome,298083.84,Achat immobilier,591,C,417.11,,0,CONS-010,2026-09-11 14:53:30.168323,2026-09-11 14:53:30.168323
CRD-001471,CLI-004962,AG-CAS-01,CPT-006359,Crédit consommation,6809.86,4161.58,0.0609,0.0697,36,22,207.45,2022-07-24,2022-08-23,2025-07-08,2023-09-17,14,22,0,En cours,Caution personnelle,7710.58,Équipement professionnel,718,A,19.27,,0,CONS-035,2026-09-11 14:53:30.170328,2026-09-11 14:53:30.170328
CRD-001472,CLI-004719,AG-AGA-01,CPT-006047,Crédit consommation,5732.36,1313.67,0.0522,0.0677,48,11,132.58,2022-09-07,2022-10-07,2026-08-17,2025-09-21,37,11,0,En cours,Hypothèque,3618.83,Véhicule,642,B,2.08,,0,CONS-019,2026-09-11 14:53:30.173580,2026-09-11 14:53:30.173580
CRD-001473,CLI-003904,AG-MOH-01,CPT-004990,Crédit immobilier,275322.8,249626.01,0.0796,0.0962,300,272,2117.7,2026-08-01,2026-08-31,2051-03-23,2028-11-18,28,272,0,En cours,Garantie autonome,304244.31,Équipement professionnel,738,A,1531.4,,0,CONS-003,2026-09-11 14:53:30.175608,2026-09-11 14:53:30.175608
CRD-001474,CLI-001427,AG-MEK-01,CPT-001835,Crédit équipement,10870.97,10418.01,0.0639,0.0711,24,23,483.72,2021-09-27,2021-10-27,2023-09-17,2021-10-27,1,23,0,En cours,Sans garantie,0.0,Achat immobilier,670,B,72.68,,0,CONS-026,2026-09-11 14:53:30.178602,2026-09-11 14:53:30.178602
CRD-001475,CLI-002498,AG-OUJ-01,CPT-003177,Crédit consommation,33878.33,28231.94,0.0667,0.0748,12,10,2926.23,2026-04-15,2026-05-15,2027-04-10,2026-06-14,2,10,0,En cours,Sans garantie,0.0,Investissement,579,C,175.63,,0,CONS-002,2026-09-11 14:53:30.181607,2026-09-11 14:53:30.181607
CRD-001476,CLI-000437,AG-TÉT-01,CPT-000552,Crédit immobilier,167416.13,137281.23,0.0476,0.057,300,246,955.43,2023-07-05,2023-08-04,2048-02-24,2027-12-11,54,246,0,En cours,Sans garantie,0.0,Véhicule,768,A,1355.36,,0,CONS-028,2026-09-11 14:53:30.183603,2026-09-11 14:53:30.183603
CRD-001477,CLI-002471,AG-CAS-02,CPT-003144,Crédit immobilier,245970.87,241871.36,0.073,0.0873,240,236,1951.55,2023-08-05,2023-09-04,2043-04-22,2023-12-03,4,236,0,En cours,Hypothèque,233899.99,Investissement,716,A,487.5,,0,CONS-010,2026-09-11 14:53:30.186604,2026-09-11 14:53:30.186604
CRD-001478,CLI-000913,AG-BÉN-01,CPT-001163,Crédit consommation,48987.94,10205.82,0.0525,0.0598,24,5,2154.66,2024-08-25,2024-09-24,2026-08-15,2026-03-18,19,5,0,En cours,Caution personnelle,30275.41,Équipement professionnel,597,C,72.61,,0,CONS-033,2026-09-11 14:53:30.189747,2026-09-11 14:53:30.189747
CRD-001479,CLI-004223,AG-MOH-01,CPT-005410,Crédit immobilier,120365.86,59514.23,0.0753,0.0822,180,89,1117.86,2024-02-19,2024-03-20,2038-12-02,2031-08-11,91,89,0,En cours,Caution personnelle,91767.26,Travaux,506,C,446.62,,0,CONS-023,2026-09-11 14:53:30.192752,2026-09-11 14:53:30.192752
CRD-001480,CLI-004353,AG-KÉN-01,CPT-005583,Crédit professionnel,14184.09,7880.05,0.0537,0.0673,36,20,427.47,2022-12-28,2023-01-27,2025-12-12,2024-04-21,16,20,0,En cours,Caution personnelle,16461.15,Études,644,B,27.18,,0,CONS-046,2026-09-11 14:53:30.196749,2026-09-11 14:53:30.196749
CRD-001481,CLI-004513,AG-CAS-02,CPT-005786,Crédit consommation,25846.17,10769.24,0.0486,0.0544,12,5,2210.97,2024-07-11,2024-08-10,2025-07-06,2025-02-06,7,5,0,En cours,Hypothèque,28927.74,Achat immobilier,490,C,20.09,,0,CONS-006,2026-09-11 14:53:30.198900,2026-09-11 14:53:30.198900
CRD-001482,CLI-004444,AG-TÉT-01,CPT-005696,Crédit immobilier,538766.26,273872.85,0.0729,0.0907,240,122,4271.35,2024-11-11,2024-12-11,2044-07-29,2034-07-22,118,122,0,En cours,Sans garantie,0.0,Investissement,697,B,3348.73,,0,CONS-046,2026-09-11 14:53:30.201904,2026-09-11 14:53:30.201904
CRD-001483,CLI-002288,AG-KHE-01,CPT-002916,Crédit automobile,22430.56,8411.46,0.077,0.0917,24,9,1011.41,2024-12-24,2025-01-23,2026-12-14,2026-03-19,15,9,0,En cours,Sans garantie,0.0,Équipement professionnel,678,B,68.4,,0,CONS-033,2026-09-11 14:53:30.208906,2026-09-11 14:53:30.208906
CRD-001484,CLI-004598,AG-SAF-01,CPT-005895,Crédit équipement,28765.89,17978.68,0.0725,0.0881,24,15,1291.19,2025-12-06,2026-01-05,2027-11-26,2026-09-02,9,15,0,En cours,Nantissement,33712.79,Investissement,636,B,74.63,,0,CONS-026,2026-09-11 14:53:30.213905,2026-09-11 14:53:30.213905
CRD-001485,CLI-001239,AG-RAB-02,CPT-001587,Crédit investissement,108917.24,15127.39,0.0739,0.0937,36,5,3382.5,2025-08-24,2025-09-23,2028-08-08,2028-03-11,31,5,0,En cours,Caution personnelle,79617.13,Études,537,C,63.46,,0,CONS-018,2026-09-11 14:53:30.219907,2026-09-11 14:53:30.219907
CRD-001486,CLI-000904,AG-FÈS-02,CPT-001153,Crédit consommation,22798.28,949.93,0.0599,0.0687,48,2,535.31,2024-10-18,2024-11-17,2028-09-27,2028-07-29,46,2,0,En cours,Garantie autonome,12454.2,Investissement,738,A,4.1,,0,CONS-044,2026-09-11 14:53:30.222908,2026-09-11 14:53:30.222908
CRD-001487,CLI-003621,AG-TAN-02,CPT-004629,Crédit professionnel,136213.66,89187.52,0.0487,0.0687,84,55,1916.92,2022-10-30,2022-11-29,2029-09-23,2025-03-18,29,55,0,En cours,Garantie autonome,92065.95,Véhicule,774,A,618.51,,0,CONS-049,2026-09-11 14:53:30.228904,2026-09-11 14:53:30.228904
CRD-001488,CLI-003232,AG-MAR-02,CPT-004117,Crédit immobilier,324834.62,185426.43,0.0655,0.0851,240,137,2431.45,2025-12-10,2026-01-09,2045-08-27,2034-05-27,103,137,0,En cours,Nantissement,342640.4,Investissement,594,C,1294.02,,0,CONS-030,2026-09-11 14:53:30.231903,2026-09-11 14:53:30.231903
CRD-001489,CLI-002860,AG-KÉN-01,CPT-003647,Crédit immobilier,208074.08,114440.74,0.0384,0.0583,120,66,2090.86,2021-12-21,2022-01-20,2031-10-30,2026-05-29,54,66,0,En cours,Caution personnelle,166153.44,Fonds de roulement,494,C,464.8,,0,CONS-045,2026-09-11 14:53:30.235903,2026-09-11 14:53:30.235903
CRD-001490,CLI-000508,AG-SAL-01,CPT-000645,Crédit automobile,109072.84,30903.97,0.036,0.0415,60,17,1989.11,2025-07-04,2025-08-03,2030-06-08,2029-01-14,43,17,0,En cours,Nantissement,89910.68,Achat immobilier,549,C,217.57,,0,CONS-028,2026-09-11 14:53:30.238902,2026-09-11 14:53:30.238902
CRD-001491,CLI-003222,AG-KÉN-01,CPT-004106,Crédit équipement,5702.16,2138.31,0.0367,0.0538,24,9,246.78,2021-10-26,2021-11-25,2023-10-16,2023-01-19,15,9,0,En cours,Sans garantie,0.0,Travaux,489,C,7.81,,0,CONS-034,2026-09-11 14:53:30.243901,2026-09-11 14:53:30.243901
CRD-001492,CLI-000184,AG-LAÂ-01,CPT-000230,Crédit équipement,33748.3,5624.72,0.0718,0.0879,12,2,2922.93,2022-01-30,2022-03-01,2023-01-25,2022-11-26,10,2,0,En cours,Garantie autonome,40195.91,Véhicule,710,A,28.87,,0,CONS-014,2026-09-11 14:53:30.247907,2026-09-11 14:53:30.247907
CRD-001493,CLI-001565,AG-EL -01,CPT-002005,Crédit consommation,15994.05,9996.28,0.0325,0.0503,48,30,355.79,2023-05-07,2023-06-06,2027-04-16,2024-10-28,18,30,0,En cours,Hypothèque,10777.76,Études,609,B,43.72,,0,CONS-029,2026-09-11 14:53:30.251910,2026-09-11 14:53:30.251910
CRD-001494,CLI-002705,AG-SAF-01,CPT-003446,Crédit professionnel,813920.25,813920.25,0.041,0.0521,36,36,24066.39,2022-02-14,2022-03-16,2025-01-29,,0,36,0,En cours,Garantie autonome,489408.64,Achat immobilier,681,B,7327.15,,0,CONS-036,2026-09-11 14:53:30.254905,2026-09-11 14:53:30.254905
CRD-001495,CLI-000322,AG-RAB-01,CPT-000405,Crédit immobilier,180017.72,106510.48,0.0655,0.0707,120,71,2048.65,2023-10-23,2023-11-22,2033-08-31,2027-11-01,49,71,0,En cours,Sans garantie,0.0,Équipement professionnel,748,A,416.47,,0,CONS-040,2026-09-11 14:53:30.258906,2026-09-11 14:53:30.258906
CRD-001496,CLI-003564,AG-EL -01,CPT-004551,Crédit consommation,4247.24,88.48,0.0417,0.0547,48,1,96.22,2024-04-16,2024-05-16,2028-03-26,2028-02-25,47,1,0,En cours,Garantie autonome,3892.55,Fonds de roulement,562,C,0.58,,0,CONS-021,2026-09-11 14:53:30.262903,2026-09-11 14:53:30.262903
CRD-001497,CLI-001539,AG-KHO-01,CPT-001971,Crédit immobilier,1049447.86,209889.57,0.0774,0.0953,120,24,12588.98,2025-04-02,2025-05-02,2035-02-09,2033-02-19,96,24,0,En cours,Caution personnelle,1022785.07,Achat immobilier,542,C,737.84,,0,CONS-046,2026-09-11 14:53:30.267116,2026-09-11 14:53:30.267116
CRD-001498,CLI-001838,AG-MAR-02,CPT-002343,Crédit consommation,7970.44,5313.63,0.0613,0.0742,48,32,187.66,2026-01-27,2026-02-26,2030-01-06,2027-05-22,16,32,0,En cours,Caution personnelle,4915.37,Équipement professionnel,532,C,16.4,,0,CONS-014,2026-09-11 14:53:30.271092,2026-09-11 14:53:30.271092
CRD-001499,CLI-002381,AG-NAD-01,CPT-003030,Crédit immobilier,196190.39,119894.13,0.0306,0.0497,180,110,1360.52,2021-10-12,2021-11-11,2036-07-25,2027-07-13,70,110,0,En cours,Hypothèque,195443.42,Investissement,500,C,495.49,,0,CONS-044,2026-09-11 14:53:30.276299,2026-09-11 14:53:30.276299
CRD-001500,CLI-001913,AG-MEK-01,CPT-002440,Crédit automobile,26362.52,12302.51,0.0387,0.0442,60,28,483.96,2022-10-03,2022-11-02,2027-09-07,2025-05-20,32,28,132,Incident de paiement,Nantissement,25935.37,Fonds de roulement,615,D,1516.14,2024-11-13,1,CONS-014,2026-09-11 14:53:30.280319,2026-09-11 14:53:30.280319
CRD-001501,CLI-001841,AG-SAL-01,CPT-002347,Crédit professionnel,20447.19,12949.89,0.0485,0.0539,60,38,384.46,2025-08-18,2025-09-17,2030-07-23,2027-06-09,22,38,0,En cours,Hypothèque,12423.66,Véhicule,448,C,50.81,,0,CONS-035,2026-09-11 14:53:30.284299,2026-09-11 14:53:30.284299
CRD-001502,CLI-002116,AG-RAB-02,CPT-002694,Crédit consommation,20605.62,18316.11,0.0465,0.0554,36,32,614.34,2022-04-04,2022-05-04,2025-03-19,2022-08-02,4,32,0,En cours,Nantissement,20611.65,Études,848,A,113.4,,0,CONS-028,2026-09-11 14:53:30.287301,2026-09-11 14:53:30.287301
CRD-001503,CLI-004438,AG-MEK-01,CPT-005688,Crédit automobile,59706.18,39804.12,0.0406,0.0596,24,16,2594.33,2024-11-05,2024-12-05,2026-10-26,2025-07-03,8,16,0,En cours,Garantie autonome,60328.57,Équipement professionnel,525,C,155.1,,0,CONS-030,2026-09-11 14:53:30.290294,2026-09-11 14:53:30.290294
CRD-001504,CLI-001147,AG-CAS-04,CPT-001466,Crédit automobile,24577.56,22529.43,0.0742,0.0856,60,55,491.55,2024-12-02,2025-01-01,2029-11-06,2025-05-01,5,55,0,En cours,Caution personnelle,25743.91,Études,686,B,126.93,,0,CONS-001,2026-09-11 14:53:30.293308,2026-09-11 14:53:30.293308
CRD-001505,CLI-002487,AG-CAS-05,CPT-003162,Crédit immobilier,179864.26,167873.31,0.0515,0.0689,300,280,1067.25,2025-01-11,2025-02-10,2049-09-02,2026-09-03,20,280,0,En cours,Sans garantie,0.0,Fonds de roulement,473,C,1000.11,,0,CONS-039,2026-09-11 14:53:30.296296,2026-09-11 14:53:30.296296
CRD-001506,CLI-000045,AG-NAD-01,CPT-000061,Crédit immobilier,49989.7,47490.21,0.0789,0.094,240,228,414.72,2024-08-30,2024-09-29,2044-05-17,2025-08-25,12,228,0,En cours,Caution personnelle,52638.46,Études,704,A,420.24,,0,CONS-044,2026-09-11 14:53:30.300296,2026-09-11 14:53:30.300296
CRD-001507,CLI-002155,AG-SAF-01,CPT-002747,Crédit investissement,49906.23,13070.68,0.0449,0.0587,84,22,693.47,2024-11-01,2024-12-01,2031-09-26,2029-12-05,62,22,0,En cours,Sans garantie,0.0,Véhicule,641,B,78.21,,0,CONS-032,2026-09-11 14:53:30.303297,2026-09-11 14:53:30.303297
CRD-001508,CLI-001527,AG-CAS-02,CPT-001957,Crédit consommation,22736.65,5684.16,0.0453,0.0609,24,6,992.71,2025-07-06,2025-08-05,2027-06-26,2026-12-28,18,6,0,En cours,Caution personnelle,15284.43,Investissement,611,B,51.74,,0,CONS-048,2026-09-11 14:53:30.306297,2026-09-11 14:53:30.306297
CRD-001509,CLI-004856,AG-SAL-01,CPT-006228,Crédit automobile,16996.08,0.0,0.0414,0.0552,24,0,739.11,2023-07-05,2023-08-04,2025-06-24,2025-06-24,24,0,0,En cours,Nantissement,11727.04,Travaux,504,C,0.0,,0,CONS-043,2026-09-11 14:53:30.310318,2026-09-11 14:53:30.310318
CRD-001510,CLI-001379,AG-TÉT-01,CPT-001767,Crédit automobile,24270.83,10112.85,0.0784,0.0857,48,20,590.7,2022-06-20,2022-07-20,2026-05-30,2024-10-07,28,20,0,En cours,Caution personnelle,13694.54,Achat immobilier,651,B,49.0,,0,CONS-014,2026-09-11 14:53:30.312319,2026-09-11 14:53:30.312319
CRD-001511,CLI-001766,AG-CAS-04,CPT-002254,Crédit consommation,10307.06,7730.3,0.0687,0.0858,12,9,891.22,2025-03-20,2025-04-19,2026-03-15,2025-06-18,3,9,17,En cours (retard),Hypothèque,10708.98,Équipement professionnel,528,C,69.47,,0,CONS-007,2026-09-11 14:53:30.317522,2026-09-11 14:53:30.317522
CRD-001512,CLI-003013,AG-FÈS-01,CPT-003845,Crédit consommation,4167.55,1649.66,0.041,0.0564,48,19,94.29,2025-12-08,2026-01-07,2029-11-17,2028-04-26,29,19,0,En cours,Caution personnelle,3121.91,Investissement,808,A,3.89,,0,CONS-039,2026-09-11 14:53:30.320522,2026-09-11 14:53:30.320522
CRD-001513,CLI-000414,AG-TAN-01,CPT-000521,Crédit consommation,18225.47,759.39,0.0474,0.062,48,2,417.58,2026-08-29,2026-09-28,2030-08-08,2030-06-09,46,2,0,En cours,Nantissement,9308.97,Travaux,713,A,2.79,,0,CONS-018,2026-09-11 14:53:30.323605,2026-09-11 14:53:30.323605
CRD-001514,CLI-004285,AG-RAB-02,CPT-005496,Crédit automobile,16188.6,16188.6,0.0711,0.0824,24,24,725.61,2022-11-11,2022-12-11,2024-10-31,,0,24,0,En cours,Sans garantie,0.0,Achat immobilier,634,B,168.81,,0,CONS-034,2026-09-11 14:53:30.326725,2026-09-11 14:53:30.326725
CRD-001515,CLI-001408,AG-CAS-05,CPT-001807,Crédit consommation,49871.45,41559.54,0.0391,0.0464,12,10,4244.5,2023-11-28,2023-12-28,2024-11-22,2024-01-27,2,10,0,En cours,Caution personnelle,43531.06,Achat immobilier,536,C,309.23,,0,CONS-026,2026-09-11 14:53:30.329748,2026-09-11 14:53:30.329748
CRD-001516,CLI-001659,AG-CAS-05,CPT-002122,Crédit consommation,8421.52,5263.45,0.0567,0.0657,24,15,372.0,2024-09-02,2024-10-02,2026-08-23,2025-05-30,9,15,0,En cours,Nantissement,5503.17,Équipement professionnel,530,C,27.57,,0,CONS-039,2026-09-11 14:53:30.332748,2026-09-11 14:53:30.332748
CRD-001517,CLI-000802,AG-RAB-01,CPT-001023,Crédit immobilier,54882.28,48479.35,0.0617,0.0693,120,106,614.0,2025-05-08,2025-06-07,2035-03-17,2026-07-02,14,106,42,En cours (retard),Hypothèque,46683.94,Investissement,663,C,1565.15,2026-01-14,2,CONS-014,2026-09-11 14:53:30.334750,2026-09-11 14:53:30.334750
CRD-001518,CLI-001289,AG-EL -01,CPT-001654,Crédit immobilier,29183.13,5836.63,0.0627,0.0745,300,60,192.87,2023-05-13,2023-06-12,2048-01-02,2043-01-28,240,60,0,En cours,Garantie autonome,32579.54,Fonds de roulement,537,C,26.34,,0,CONS-043,2026-09-11 14:53:30.337750,2026-09-11 14:53:30.337750
CRD-001519,CLI-002183,AG-OUJ-01,CPT-002785,Crédit automobile,28339.21,10627.2,0.0723,0.0795,24,9,1271.78,2025-02-23,2025-03-25,2027-02-13,2026-05-19,15,9,0,En cours,Sans garantie,0.0,Investissement,567,C,99.27,,0,CONS-005,2026-09-11 14:53:30.339749,2026-09-11 14:53:30.339749
CRD-001520,CLI-002589,AG-SAL-01,CPT-003293,Crédit automobile,29672.53,18545.33,0.0749,0.0866,48,30,717.31,2023-04-12,2023-05-12,2027-03-22,2024-10-03,18,30,246,Contentieux,Sans garantie,0.0,Équipement professionnel,653,D,7641.84,2024-03-19,2,CONS-039,2026-09-11 14:53:30.342724,2026-09-11 14:53:30.342724
CRD-001521,CLI-002616,AG-CAS-02,CPT-003330,Crédit immobilier,630044.11,94506.62,0.0314,0.0379,300,45,3033.82,2025-07-31,2025-08-30,2050-03-22,2046-07-11,255,45,0,En cours,Sans garantie,0.0,Fonds de roulement,608,B,400.16,,0,CONS-009,2026-09-11 14:53:30.346729,2026-09-11 14:53:30.346729
CRD-001522,CLI-002319,AG-TÉT-01,CPT-002957,Crédit automobile,22632.93,377.22,0.0483,0.0593,60,1,425.35,2023-04-23,2023-05-23,2028-03-27,2028-02-26,59,1,0,En cours,Garantie autonome,11848.8,Fonds de roulement,580,C,3.62,,0,CONS-033,2026-09-11 14:53:30.349729,2026-09-11 14:53:30.349729
CRD-001523,CLI-000257,AG-FÈS-01,CPT-000324,Crédit professionnel,29843.3,18237.57,0.0673,0.0798,36,22,917.79,2022-09-28,2022-10-28,2025-09-12,2023-11-22,14,22,0,En cours,Garantie autonome,25046.88,Équipement professionnel,776,A,133.47,,0,CONS-018,2026-09-11 14:53:30.352743,2026-09-11 14:53:30.352743
CRD-001524,CLI-004542,AG-RAB-02,CPT-005826,Crédit professionnel,38316.6,36720.07,0.0381,0.0578,48,46,861.9,2023-12-02,2024-01-01,2027-11-11,2024-01-31,2,46,51,En cours (retard),Garantie autonome,42659.26,Équipement professionnel,647,C,884.93,2026-08-03,3,CONS-015,2026-09-11 14:53:30.355747,2026-09-11 14:53:30.355747
CRD-001525,CLI-001730,AG-CAS-05,CPT-002208,Crédit automobile,138428.68,51910.75,0.046,0.0534,24,9,6048.29,2023-03-22,2023-04-21,2025-03-11,2024-06-14,15,9,0,En cours,Hypothèque,88023.6,Véhicule,658,B,208.56,,0,CONS-030,2026-09-11 14:53:30.358747,2026-09-11 14:53:30.358747
CRD-001526,CLI-001152,AG-KHO-01,CPT-001474,Crédit immobilier,1346844.49,112237.04,0.0526,0.0619,240,20,9083.16,2023-05-19,2023-06-18,2043-02-03,2041-06-13,220,20,0,En cours,Nantissement,811491.56,Achat immobilier,585,C,656.64,,0,CONS-035,2026-09-11 14:53:30.361747,2026-09-11 14:53:30.361747
CRD-001527,CLI-004145,AG-EL -01,CPT-005306,Crédit immobilier,514554.27,448805.67,0.0643,0.0715,180,157,4462.54,2026-07-25,2026-08-24,2041-05-07,2028-06-14,23,157,0,En cours,Garantie autonome,513478.1,Fonds de roulement,832,A,1589.76,,0,CONS-030,2026-09-11 14:53:30.364747,2026-09-11 14:53:30.364747
CRD-001528,CLI-000648,AG-BÉN-01,CPT-000816,Crédit immobilier,180793.76,166732.02,0.0458,0.0562,180,166,1390.46,2025-06-30,2025-07-30,2040-04-12,2026-08-24,14,166,0,En cours,Caution personnelle,181081.11,Équipement professionnel,676,B,1110.98,,0,CONS-044,2026-09-11 14:53:30.367747,2026-09-11 14:53:30.367747
CRD-001529,CLI-002909,AG-CAS-01,CPT-003710,Crédit immobilier,205124.8,0.0,0.0309,0.0479,120,0,1989.23,2023-09-15,2023-10-15,2033-07-24,2033-07-24,120,0,0,En cours,Hypothèque,192393.14,Équipement professionnel,645,B,0.0,,0,CONS-005,2026-09-11 14:53:30.369747,2026-09-11 14:53:30.369747
CRD-001530,CLI-001703,AG-RAB-01,CPT-002173,Crédit professionnel,113109.28,9425.77,0.0403,0.0556,48,4,2555.42,2022-08-01,2022-08-31,2026-07-11,2026-03-13,44,4,0,En cours,Caution personnelle,83401.38,Fonds de roulement,619,B,89.5,,0,CONS-039,2026-09-11 14:53:30.372747,2026-09-11 14:53:30.372747
CRD-001531,CLI-001882,AG-OUJ-01,CPT-002400,Crédit automobile,22593.64,19298.73,0.0416,0.0605,48,41,511.76,2023-03-02,2023-04-01,2027-02-09,2023-09-28,7,41,0,En cours,Caution personnelle,14400.28,Travaux,634,B,153.22,,0,CONS-026,2026-09-11 14:53:30.374743,2026-09-11 14:53:30.374743
CRD-001532,CLI-003769,AG-KÉN-01,CPT-004822,Crédit consommation,9479.2,4739.6,0.0525,0.0605,12,6,812.58,2025-02-18,2025-03-20,2026-02-13,2025-08-17,6,6,0,En cours,Sans garantie,0.0,Véhicule,816,A,56.65,,0,CONS-046,2026-09-11 14:53:30.378729,2026-09-11 14:53:30.378729
CRD-001533,CLI-001316,AG-MOH-01,CPT-001688,Crédit automobile,9092.26,7955.73,0.037,0.0462,48,42,204.08,2023-06-03,2023-07-03,2027-05-13,2023-11-30,6,42,0,En cours,Nantissement,8518.8,Études,681,B,32.51,,0,CONS-047,2026-09-11 14:53:30.380728,2026-09-11 14:53:30.380728
CRD-001534,CLI-002270,AG-KHO-01,CPT-002891,Crédit immobilier,135999.63,105021.94,0.0577,0.0682,180,139,1130.81,2025-11-28,2025-12-28,2040-09-10,2029-04-11,41,139,0,En cours,Hypothèque,136947.65,Travaux,631,B,545.64,,0,CONS-014,2026-09-11 14:53:30.383729,2026-09-11 14:53:30.383729
CRD-001535,CLI-001967,AG-CAS-02,CPT-002508,Crédit professionnel,216027.16,198024.9,0.0439,0.0511,84,77,2991.77,2022-10-05,2022-11-04,2029-08-29,2023-05-03,7,77,73,En cours (retard),Garantie autonome,114697.0,Études,507,C,7577.22,2026-08-28,2,CONS-033,2026-09-11 14:53:30.386729,2026-09-11 14:53:30.386729
CRD-001536,CLI-002466,AG-CAS-02,CPT-003138,Crédit investissement,121204.56,49058.99,0.0686,0.0841,84,34,1821.02,2023-04-17,2023-05-17,2030-03-11,2027-05-26,50,34,0,En cours,Nantissement,62904.48,Équipement professionnel,523,C,146.5,,0,CONS-031,2026-09-11 14:53:30.388729,2026-09-11 14:53:30.388729
CRD-001537,CLI-003856,AG-LAÂ-01,CPT-004933,Crédit automobile,60207.65,15051.91,0.063,0.0786,24,6,2676.59,2022-11-27,2022-12-27,2024-11-16,2024-05-20,18,6,0,En cours,Hypothèque,47296.22,Fonds de roulement,559,C,59.84,,0,CONS-037,2026-09-11 14:53:30.392022,2026-09-11 14:53:30.392022
CRD-001538,CLI-001351,AG-AGA-02,CPT-001733,Crédit immobilier,391421.09,141346.5,0.0653,0.0808,180,65,3416.16,2023-03-29,2023-04-28,2038-01-09,2032-09-07,115,65,0,En cours,Sans garantie,0.0,Fonds de roulement,469,C,1739.95,,0,CONS-040,2026-09-11 14:53:30.395023,2026-09-11 14:53:30.395023
CRD-001539,CLI-003297,AG-CAS-01,CPT-004195,Crédit immobilier,210929.88,105464.94,0.0432,0.0541,240,120,1314.04,2024-01-06,2024-02-05,2043-09-23,2033-11-14,120,120,0,En cours,Sans garantie,0.0,Travaux,705,A,480.36,,0,CONS-023,2026-09-11 14:53:30.397024,2026-09-11 14:53:30.397024
CRD-001540,CLI-000113,AG-SAF-01,CPT-000146,Crédit professionnel,86477.61,59710.73,0.0316,0.0395,84,58,1148.9,2026-05-05,2026-06-04,2033-03-29,2028-06-23,26,58,0,En cours,Nantissement,90513.44,Investissement,562,C,304.43,,0,CONS-009,2026-09-11 14:53:30.400163,2026-09-11 14:53:30.400163
CRD-001541,CLI-003134,AG-KÉN-01,CPT-004000,Crédit consommation,7974.6,4153.44,0.0662,0.0788,48,25,189.56,2025-10-24,2025-11-23,2029-10-03,2027-09-14,23,25,0,En cours,Nantissement,8936.04,Équipement professionnel,545,C,43.58,,0,CONS-003,2026-09-11 14:53:30.402167,2026-09-11 14:53:30.402167
CRD-001542,CLI-000264,AG-CAS-06,CPT-000332,Crédit investissement,187030.62,81825.9,0.0705,0.0831,48,21,4483.02,2022-01-17,2022-02-16,2025-12-27,2024-04-06,27,21,0,En cours,Garantie autonome,207568.86,Investissement,633,B,376.09,,0,CONS-027,2026-09-11 14:53:30.405162,2026-09-11 14:53:30.405162
CRD-001543,CLI-001394,AG-KHE-01,CPT-001785,Crédit professionnel,123909.98,45433.66,0.0732,0.0843,60,22,2472.32,2025-06-16,2025-07-16,2030-05-21,2028-07-30,38,22,337,Contentieux,Nantissement,123739.58,Travaux,765,D,11170.6,2025-06-28,2,CONS-010,2026-09-11 14:53:30.408144,2026-09-11 14:53:30.408144
CRD-001544,CLI-001879,AG-MOH-01,CPT-002396,Crédit immobilier,920020.73,502944.67,0.0592,0.0666,300,164,5882.8,2023-08-03,2023-09-02,2048-03-24,2034-10-04,136,164,0,En cours,Caution personnelle,821794.71,Achat immobilier,710,A,1938.94,,0,CONS-035,2026-09-11 14:53:30.411144,2026-09-11 14:53:30.411144
CRD-001545,CLI-001187,AG-MAR-02,CPT-001519,Crédit professionnel,31499.88,1874.99,0.0715,0.0843,84,5,477.73,2022-11-08,2022-12-08,2029-10-02,2029-05-05,79,5,0,En cours,Hypothèque,24362.22,Investissement,724,A,6.57,,0,CONS-038,2026-09-11 14:53:30.413144,2026-09-11 14:53:30.413144
CRD-001546,CLI-003072,AG-OUJ-01,CPT-003919,Crédit automobile,31834.82,31171.59,0.0668,0.0802,48,47,757.61,2024-01-29,2024-02-28,2028-01-08,2024-02-28,1,47,90,En cours (retard),Sans garantie,0.0,Achat immobilier,564,C,1530.34,2024-12-08,1,CONS-044,2026-09-11 14:53:30.416351,2026-09-11 14:53:30.416351
CRD-001547,CLI-000057,AG-KÉN-01,CPT-000074,Crédit équipement,6644.03,6367.2,0.0471,0.0547,48,46,152.14,2022-11-15,2022-12-15,2026-10-25,2023-01-14,2,46,0,En cours,Caution personnelle,3523.08,Investissement,526,C,62.55,,0,CONS-045,2026-09-11 14:53:30.419351,2026-09-11 14:53:30.419351
CRD-001548,CLI-001310,AG-CAS-01,CPT-001681,Crédit consommation,13898.94,11003.33,0.0487,0.0598,24,19,608.96,2024-03-26,2024-04-25,2026-03-16,2024-08-23,5,19,0,En cours,Sans garantie,0.0,Achat immobilier,390,C,114.35,,0,CONS-018,2026-09-11 14:53:30.421352,2026-09-11 14:53:30.421352
CRD-001549,CLI-000696,AG-SET-01,CPT-000880,Crédit investissement,193855.96,6923.43,0.0413,0.0515,84,3,2661.4,2025-05-21,2025-06-20,2032-04-14,2032-01-15,81,3,0,En cours,Garantie autonome,112076.13,Fonds de roulement,564,C,23.21,,0,CONS-021,2026-09-11 14:53:30.424536,2026-09-11 14:53:30.424536
CRD-001550,CLI-002953,AG-KHE-01,CPT-003765,Crédit immobilier,571799.02,0.0,0.0382,0.0564,180,0,4178.14,2022-10-19,2022-11-18,2037-08-01,2037-08-01,180,0,0,En cours,Caution personnelle,359653.29,Investissement,361,C,0.0,,0,CONS-025,2026-09-11 14:53:30.427537,2026-09-11 14:53:30.427537
CRD-001551,CLI-001727,AG-CAS-05,CPT-002205,Crédit immobilier,70018.16,8168.79,0.0732,0.0885,180,21,641.94,2022-12-22,2023-01-21,2037-10-04,2036-01-13,159,21,0,En cours,Garantie autonome,62274.58,Travaux,402,C,45.03,,0,CONS-039,2026-09-11 14:53:30.430536,2026-09-11 14:53:30.430536
CRD-001552,CLI-002092,AG-TAN-02,CPT-002666,Crédit immobilier,65220.92,61416.37,0.0436,0.0527,120,113,671.55,2026-03-24,2026-04-23,2036-01-31,2026-10-20,7,113,0,En cours,Sans garantie,0.0,Véhicule,562,C,362.02,,0,CONS-031,2026-09-11 14:53:30.433537,2026-09-11 14:53:30.433537
CRD-001553,CLI-003870,AG-RAB-01,CPT-004948,Crédit équipement,18803.29,16714.04,0.0402,0.0552,36,32,555.32,2024-11-16,2024-12-16,2027-11-01,2025-03-16,4,32,0,En cours,Caution personnelle,19460.64,Investissement,430,C,140.37,,0,CONS-023,2026-09-11 14:53:30.435539,2026-09-11 14:53:30.435539
CRD-001554,CLI-000320,AG-EL -01,CPT-000402,Crédit consommation,12760.08,6025.59,0.0787,0.0913,36,17,399.09,2022-11-17,2022-12-17,2025-11-01,2024-06-09,19,17,3,En cours (retard),Sans garantie,0.0,Travaux,704,B,194.46,,0,CONS-035,2026-09-11 14:53:30.438537,2026-09-11 14:53:30.438537
CRD-001555,CLI-004321,AG-MEK-01,CPT-005543,Crédit immobilier,218673.97,145782.65,0.0424,0.0475,120,80,2239.0,2023-09-17,2023-10-17,2033-07-26,2026-12-30,40,80,0,En cours,Sans garantie,0.0,Fonds de roulement,618,B,750.23,,0,CONS-019,2026-09-11 14:53:30.441537,2026-09-11 14:53:30.441537
CRD-001556,CLI-000683,AG-SAL-01,CPT-000863,Crédit automobile,33351.3,7643.01,0.0742,0.0793,48,11,805.15,2023-01-27,2023-02-26,2027-01-06,2026-02-10,37,11,0,En cours,Garantie autonome,39606.59,Véhicule,693,B,56.48,,0,CONS-021,2026-09-11 14:53:30.444535,2026-09-11 14:53:30.444535
CRD-001557,CLI-003842,AG-KÉN-01,CPT-004913,Crédit consommation,10644.18,2217.54,0.0311,0.0447,48,10,236.12,2025-06-28,2025-07-28,2029-06-07,2028-08-11,38,10,0,En cours,Nantissement,8704.52,Travaux,445,C,7.13,,0,CONS-013,2026-09-11 14:53:30.446538,2026-09-11 14:53:30.446538
CRD-001558,CLI-003214,AG-CAS-01,CPT-004098,Crédit équipement,17919.22,2488.78,0.0379,0.0444,36,5,527.37,2024-06-26,2024-07-26,2027-06-11,2027-01-12,31,5,0,En cours,Sans garantie,0.0,Travaux,578,C,30.79,,0,CONS-019,2026-09-11 14:53:30.449537,2026-09-11 14:53:30.449537
CRD-001559,CLI-002003,AG-TÉT-01,CPT-002555,Crédit immobilier,456956.42,41887.67,0.0567,0.0656,120,11,4997.76,2025-03-04,2025-04-03,2035-01-11,2034-02-15,109,11,0,En cours,Sans garantie,0.0,Véhicule,673,B,565.58,,0,CONS-046,2026-09-11 14:53:30.451537,2026-09-11 14:53:30.451537
CRD-001560,CLI-004783,AG-MOH-01,CPT-006134,Crédit immobilier,1106810.83,475006.31,0.0565,0.0724,240,103,7707.68,2025-07-17,2025-08-16,2045-04-03,2036-10-17,137,103,0,En cours,Sans garantie,0.0,Achat immobilier,596,C,2946.48,,0,CONS-040,2026-09-11 14:53:30.454539,2026-09-11 14:53:30.454539
CRD-001561,CLI-004151,AG-TAN-01,CPT-005315,Crédit automobile,60754.79,15188.7,0.0677,0.0734,24,6,2713.82,2025-09-30,2025-10-30,2027-09-20,2027-03-24,18,6,0,En cours,Nantissement,50082.27,Investissement,781,A,133.45,,0,CONS-034,2026-09-11 14:53:30.457540,2026-09-11 14:53:30.457540
CRD-001562,CLI-000287,AG-KHE-01,CPT-000359,Crédit immobilier,316943.78,310340.78,0.0735,0.0785,240,235,2524.29,2022-03-17,2022-04-16,2041-12-02,2022-08-14,5,235,0,En cours,Nantissement,251804.47,Achat immobilier,555,C,1907.98,,0,CONS-005,2026-09-11 14:53:30.459554,2026-09-11 14:53:30.459554
CRD-001563,CLI-001889,AG-MAR-01,CPT-002408,Crédit automobile,57055.23,49923.33,0.0794,0.0983,48,42,1391.28,2022-08-24,2022-09-23,2026-08-03,2023-02-20,6,42,0,En cours,Caution personnelle,41539.78,Investissement,498,C,263.41,,0,CONS-009,2026-09-11 14:53:30.462560,2026-09-11 14:53:30.462560
CRD-001564,CLI-002338,AG-RAB-02,CPT-002979,Crédit consommation,33999.32,19832.94,0.041,0.0525,24,14,1477.93,2025-05-05,2025-06-04,2027-04-25,2026-03-01,10,14,0,En cours,Garantie autonome,37971.4,Achat immobilier,749,A,81.52,,0,CONS-039,2026-09-11 14:53:30.465827,2026-09-11 14:53:30.465827
CRD-001565,CLI-002521,AG-TAN-01,CPT-003205,Crédit automobile,28426.51,11252.16,0.0539,0.069,48,19,659.68,2026-03-03,2026-04-02,2030-02-10,2028-07-20,29,19,0,En cours,Hypothèque,29013.78,Travaux,514,C,40.64,,0,CONS-040,2026-09-11 14:53:30.468827,2026-09-11 14:53:30.468827
CRD-001566,CLI-002278,AG-KHE-01,CPT-002900,Crédit professionnel,6938.82,4047.64,0.0362,0.0549,48,28,155.49,2025-04-04,2025-05-04,2029-03-14,2026-11-25,20,28,0,En cours,Hypothèque,4438.18,Investissement,712,A,15.83,,0,CONS-014,2026-09-11 14:53:30.471826,2026-09-11 14:53:30.471826
CRD-001567,CLI-002128,AG-CAS-01,CPT-002708,Crédit immobilier,597278.07,34841.22,0.0578,0.0755,120,7,6565.22,2022-07-15,2022-08-14,2032-05-23,2031-10-26,113,7,0,En cours,Nantissement,575597.4,Travaux,536,C,288.53,,0,CONS-042,2026-09-11 14:53:30.473827,2026-09-11 14:53:30.473827
CRD-001568,CLI-003500,AG-RAB-01,CPT-004463,Crédit immobilier,225963.28,3766.05,0.0466,0.052,120,2,2359.31,2024-11-23,2024-12-23,2034-10-02,2034-08-03,118,2,0,En cours,Nantissement,235135.24,Travaux,734,A,13.52,,0,CONS-046,2026-09-11 14:53:30.476827,2026-09-11 14:53:30.476827
CRD-001569,CLI-004212,AG-NAD-01,CPT-005394,Crédit automobile,89610.77,56006.73,0.06,0.0684,24,15,3971.6,2022-04-23,2022-05-23,2024-04-12,2023-01-18,9,15,0,En cours,Sans garantie,0.0,Véhicule,526,C,315.93,,0,CONS-020,2026-09-11 14:53:30.479826,2026-09-11 14:53:30.479826
CRD-001570,CLI-002084,AG-CAS-04,CPT-002654,Crédit immobilier,55291.65,51144.78,0.0424,0.0494,120,111,566.13,2026-03-08,2026-04-07,2036-01-15,2026-12-03,9,111,0,En cours,Hypothèque,43397.26,Achat immobilier,708,A,223.05,,0,CONS-020,2026-09-11 14:53:30.481827,2026-09-11 14:53:30.481827
CRD-001571,CLI-000737,AG-KHE-01,CPT-000935,Crédit automobile,24932.8,11946.97,0.0332,0.0413,48,23,555.4,2024-01-25,2024-02-24,2028-01-04,2026-02-13,25,23,0,En cours,Nantissement,19522.46,Achat immobilier,544,C,49.27,,0,CONS-021,2026-09-11 14:53:30.484826,2026-09-11 14:53:30.484826
CRD-001572,CLI-004802,AG-SET-01,CPT-006157,Crédit automobile,51484.39,44619.8,0.0502,0.0682,60,52,972.05,2024-11-19,2024-12-19,2029-10-24,2025-07-17,8,52,0,En cours,Caution personnelle,49681.15,Études,745,A,130.85,,0,CONS-030,2026-09-11 14:53:30.486829,2026-09-11 14:53:30.486829
CRD-001573,CLI-000337,AG-CAS-04,CPT-000426,Crédit professionnel,39043.96,5856.59,0.046,0.0523,60,9,729.67,2022-05-12,2022-06-11,2027-04-16,2026-07-20,51,9,0,En cours,Nantissement,20779.04,Études,720,A,28.19,,0,CONS-004,2026-09-11 14:53:30.489826,2026-09-11 14:53:30.489826
CRD-001574,CLI-002597,AG-OUJ-01,CPT-003303,Crédit consommation,12013.34,7508.34,0.0333,0.0386,24,15,518.1,2022-12-04,2023-01-03,2024-11-23,2023-08-31,9,15,0,En cours,Nantissement,8161.75,Investissement,674,B,38.73,,0,CONS-041,2026-09-11 14:53:30.491826,2026-09-11 14:53:30.491826
CRD-001575,CLI-002772,AG-CAS-01,CPT-003532,Crédit immobilier,404722.37,16863.43,0.0482,0.0591,120,5,4257.19,2022-10-07,2022-11-06,2032-08-15,2032-03-18,115,5,0,En cours,Nantissement,442649.24,Études,593,C,174.61,,0,CONS-048,2026-09-11 14:53:30.494842,2026-09-11 14:53:30.494842
CRD-001576,CLI-003705,AG-CAS-06,CPT-004738,Crédit immobilier,168602.15,151741.93,0.0526,0.0694,120,108,1809.79,2022-11-09,2022-12-09,2032-09-17,2023-11-04,12,108,0,En cours,Garantie autonome,155182.48,Véhicule,596,C,707.64,,0,CONS-021,2026-09-11 14:53:30.497846,2026-09-11 14:53:30.497846
CRD-001577,CLI-004405,AG-SAF-01,CPT-005647,Crédit immobilier,478172.79,177986.54,0.0555,0.066,180,67,3919.77,2023-01-19,2023-02-18,2037-11-01,2032-05-01,113,67,0,En cours,Hypothèque,395179.8,Véhicule,553,C,824.56,,0,CONS-010,2026-09-11 14:53:30.499983,2026-09-11 14:53:30.499983
CRD-001578,CLI-001072,AG-CAS-06,CPT-001367,Crédit automobile,84325.29,2810.84,0.0581,0.0633,60,2,1622.8,2022-08-10,2022-09-09,2027-07-15,2027-05-16,58,2,0,En cours,Garantie autonome,62237.04,Véhicule,543,C,24.81,,0,CONS-020,2026-09-11 14:53:30.502988,2026-09-11 14:53:30.502988
CRD-001579,CLI-002291,AG-RAB-01,CPT-002921,Crédit équipement,6897.73,1724.43,0.0795,0.0898,12,3,599.86,2024-09-07,2024-10-07,2025-09-02,2025-06-04,9,3,0,En cours,Sans garantie,0.0,Équipement professionnel,785,A,19.31,,0,CONS-028,2026-09-11 14:53:30.505984,2026-09-11 14:53:30.505984
CRD-001580,CLI-001673,AG-SAF-01,CPT-002139,Crédit équipement,20430.11,8512.55,0.0697,0.0818,12,5,1767.47,2023-08-25,2023-09-24,2024-08-19,2024-03-22,7,5,0,En cours,Nantissement,23766.61,Véhicule,451,C,30.1,,0,CONS-013,2026-09-11 14:53:30.507988,2026-09-11 14:53:30.507988
CRD-001581,CLI-004084,AG-SAF-01,CPT-005225,Crédit professionnel,385779.44,199319.38,0.0434,0.0561,60,31,7164.06,2023-08-07,2023-09-06,2028-07-11,2025-12-24,29,31,299,Contentieux,Nantissement,310779.31,Travaux,458,D,47947.06,2024-08-03,2,CONS-011,2026-09-11 14:53:30.510987,2026-09-11 14:53:30.510987
CRD-001582,CLI-004251,AG-SAL-01,CPT-005447,Crédit consommation,18838.97,5494.7,0.0354,0.051,48,14,421.5,2024-01-01,2024-01-31,2027-12-11,2026-10-17,34,14,0,En cours,Hypothèque,17168.93,Équipement professionnel,610,B,33.61,,0,CONS-046,2026-09-11 14:53:30.513969,2026-09-11 14:53:30.513969
CRD-001583,CLI-004114,AG-MAR-02,CPT-005267,Crédit consommation,29527.82,9022.39,0.06,0.0677,36,11,898.29,2025-05-31,2025-06-30,2028-05-15,2027-06-20,25,11,0,En cours,Sans garantie,0.0,Investissement,375,C,59.22,,0,CONS-047,2026-09-11 14:53:30.519134,2026-09-11 14:53:30.519134
CRD-001584,CLI-004409,AG-MAR-02,CPT-005652,Crédit immobilier,313148.15,220247.53,0.0499,0.0611,300,211,1828.81,2023-11-14,2023-12-14,2048-07-05,2031-03-07,89,211,0,En cours,Nantissement,278476.93,Équipement professionnel,635,B,2095.27,,0,CONS-006,2026-09-11 14:53:30.523135,2026-09-11 14:53:30.523135
CRD-001585,CLI-003367,AG-FÈS-02,CPT-004290,Crédit consommation,2645.97,2094.73,0.0545,0.0737,48,38,61.48,2023-05-10,2023-06-09,2027-04-19,2024-03-05,10,38,105,Incident de paiement,Sans garantie,0.0,Études,540,D,293.87,2025-05-25,3,CONS-047,2026-09-11 14:53:30.527279,2026-09-11 14:53:30.527279
CRD-001586,CLI-001489,AG-CAS-04,CPT-001916,Crédit consommation,9020.43,187.93,0.0785,0.0946,48,1,219.58,2022-06-09,2022-07-09,2026-05-19,2026-04-19,47,1,0,En cours,Nantissement,8792.0,Fonds de roulement,573,C,0.49,,0,CONS-031,2026-09-11 14:53:30.532278,2026-09-11 14:53:30.532278
CRD-001587,CLI-000499,AG-LAÂ-01,CPT-000632,Crédit investissement,33506.32,15822.43,0.04,0.047,36,17,989.24,2023-04-11,2023-05-11,2026-03-26,2024-11-01,19,17,0,En cours,Hypothèque,31016.17,Fonds de roulement,731,A,79.13,,0,CONS-009,2026-09-11 14:53:30.535279,2026-09-11 14:53:30.535279
CRD-001588,CLI-004383,AG-LAÂ-01,CPT-005620,Crédit investissement,104457.08,40622.2,0.0413,0.0495,36,14,3090.03,2026-08-08,2026-09-07,2029-07-23,2028-05-29,22,14,0,En cours,Caution personnelle,96696.97,Travaux,628,B,303.81,,0,CONS-002,2026-09-11 14:53:30.539280,2026-09-11 14:53:30.539280
CRD-001589,CLI-003480,AG-MAR-01,CPT-004439,Crédit équipement,14813.5,617.23,0.0529,0.0639,48,2,343.09,2023-05-17,2023-06-16,2027-04-26,2027-02-25,46,2,0,En cours,Nantissement,17288.22,Fonds de roulement,681,B,2.2,,0,CONS-039,2026-09-11 14:53:30.542467,2026-09-11 14:53:30.542467
CRD-001590,CLI-002582,AG-SET-01,CPT-003284,Crédit automobile,58899.39,36812.12,0.067,0.0787,48,30,1402.24,2023-06-13,2023-07-13,2027-05-23,2024-12-04,18,30,0,En cours,Nantissement,63862.9,Investissement,478,C,141.15,,0,CONS-045,2026-09-11 14:53:30.546469,2026-09-11 14:53:30.546469
CRD-001591,CLI-003124,AG-SAL-01,CPT-003986,Crédit immobilier,246866.75,153263.11,0.0599,0.0767,240,149,1767.21,2023-09-22,2023-10-22,2043-06-09,2031-03-14,91,149,0,En cours,Caution personnelle,233461.95,Équipement professionnel,668,B,1275.31,,0,CONS-024,2026-09-11 14:53:30.550471,2026-09-11 14:53:30.550471
CRD-001592,CLI-002922,AG-LAÂ-01,CPT-003726,Crédit consommation,3843.83,0.0,0.0628,0.0697,24,0,170.85,2024-11-18,2024-12-18,2026-11-08,2026-11-08,24,0,0,En cours,Sans garantie,0.0,Équipement professionnel,661,B,0.0,,0,CONS-011,2026-09-11 14:53:30.554467,2026-09-11 14:53:30.554467
CRD-001593,CLI-004378,AG-MEK-01,CPT-005615,Crédit immobilier,68663.21,35018.24,0.0758,0.0955,300,153,510.99,2023-05-24,2023-06-23,2048-01-13,2035-06-20,147,153,0,En cours,Nantissement,56677.67,Investissement,625,B,257.89,,0,CONS-033,2026-09-11 14:53:30.557470,2026-09-11 14:53:30.557470
CRD-001594,CLI-002645,AG-MAR-02,CPT-003366,Crédit immobilier,70158.52,31961.1,0.0403,0.0583,180,82,520.01,2022-11-07,2022-12-07,2037-08-20,2030-11-25,98,82,0,En cours,Caution personnelle,37876.91,Études,577,C,86.07,,0,CONS-005,2026-09-11 14:53:30.561468,2026-09-11 14:53:30.561468
CRD-001595,CLI-004287,AG-RAB-03,CPT-005499,Crédit professionnel,109705.73,74965.58,0.0337,0.0495,60,41,1989.36,2025-12-30,2026-01-29,2030-12-04,2027-07-23,19,41,0,En cours,Hypothèque,116842.78,Achat immobilier,570,C,178.0,,0,CONS-047,2026-09-11 14:53:30.566471,2026-09-11 14:53:30.566471
CRD-001596,CLI-004041,AG-KHE-01,CPT-005167,Crédit automobile,24414.36,21701.65,0.0532,0.064,36,32,735.23,2023-08-13,2023-09-12,2026-07-28,2023-12-11,4,32,0,En cours,Nantissement,24419.86,Investissement,807,A,70.91,,0,CONS-014,2026-09-11 14:53:30.569470,2026-09-11 14:53:30.569470
CRD-001597,CLI-002035,AG-MAR-01,CPT-002591,Crédit équipement,11370.45,10896.68,0.0471,0.0611,48,46,260.36,2022-11-28,2022-12-28,2026-11-07,2023-01-27,2,46,0,En cours,Nantissement,13318.44,Achat immobilier,702,A,119.77,,0,CONS-025,2026-09-11 14:53:30.577471,2026-09-11 14:53:30.577471
CRD-001598,CLI-001023,AG-BÉN-01,CPT-001301,Crédit investissement,54723.94,45603.28,0.0474,0.0593,60,50,1026.2,2022-10-23,2022-11-22,2027-09-27,2023-08-19,10,50,0,En cours,Nantissement,59163.58,Investissement,536,C,224.8,,0,CONS-045,2026-09-11 14:53:30.581470,2026-09-11 14:53:30.581470
CRD-001599,CLI-002283,AG-KHO-01,CPT-002907,Crédit consommation,11901.18,4297.65,0.0499,0.058,36,13,356.64,2023-09-06,2023-10-06,2026-08-21,2025-07-27,23,13,0,En cours,Hypothèque,13447.2,Fonds de roulement,341,C,22.88,,0,CONS-032,2026-09-11 14:53:30.586486,2026-09-11 14:53:30.586486
CRD-001600,CLI-004887,AG-AGA-01,CPT-006266,Crédit professionnel,90370.48,17572.04,0.0452,0.0604,36,7,2689.05,2022-07-21,2022-08-20,2025-07-05,2024-12-07,29,7,0,En cours,Caution personnelle,68984.15,Véhicule,575,C,66.62,,0,CONS-036,2026-09-11 14:53:30.592466,2026-09-11 14:53:30.592466
CRD-001601,CLI-004220,AG-BÉN-01,CPT-005406,Crédit immobilier,53818.68,8610.99,0.0394,0.0593,300,48,282.29,2024-08-07,2024-09-06,2049-03-29,2045-04-19,252,48,0,En cours,Hypothèque,29512.87,Travaux,485,C,36.93,,0,CONS-035,2026-09-11 14:53:30.597467,2026-09-11 14:53:30.597467
CRD-001602,CLI-003064,AG-MOH-01,CPT-003908,Crédit immobilier,167078.03,120435.41,0.0432,0.0552,240,173,1040.85,2026-05-17,2026-06-16,2046-02-01,2031-11-17,67,173,0,En cours,Nantissement,99221.84,Fonds de roulement,425,C,343.28,,0,CONS-016,2026-09-11 14:53:30.601640,2026-09-11 14:53:30.601640
CRD-001603,CLI-004366,AG-TAN-01,CPT-005600,Crédit immobilier,144664.68,5304.37,0.0363,0.0453,300,11,734.35,2024-05-01,2024-05-31,2048-12-21,2048-01-26,289,11,0,En cours,Garantie autonome,114588.33,Véhicule,474,C,22.26,,0,CONS-027,2026-09-11 14:53:30.605631,2026-09-11 14:53:30.605631
CRD-001604,CLI-000666,AG-RAB-03,CPT-000841,Crédit automobile,5107.6,3298.66,0.0487,0.0544,48,31,117.32,2022-03-10,2022-04-09,2026-02-17,2023-08-02,17,31,0,En cours,Nantissement,4421.36,Véhicule,585,C,17.27,,0,CONS-019,2026-09-11 14:53:30.608632,2026-09-11 14:53:30.608632
CRD-001605,CLI-003933,AG-FÈS-02,CPT-005029,Crédit immobilier,248783.36,116098.9,0.0409,0.0462,180,84,1851.46,2024-12-18,2025-01-17,2039-10-01,2032-11-06,96,84,65,En cours (retard),Nantissement,152809.26,Achat immobilier,683,C,3560.94,2025-12-31,2,CONS-008,2026-09-11 14:53:30.612657,2026-09-11 14:53:30.612657
CRD-001606,CLI-002639,AG-TAN-01,CPT-003359,Crédit immobilier,907770.58,166424.61,0.0359,0.0429,180,33,6529.69,2022-08-12,2022-09-11,2037-05-25,2034-09-08,147,33,0,En cours,Hypothèque,532355.44,Investissement,609,B,328.81,,0,CONS-036,2026-09-11 14:53:30.616863,2026-09-11 14:53:30.616863
CRD-001607,CLI-003177,AG-FÈS-01,CPT-004054,Crédit consommation,38421.32,8538.07,0.063,0.0797,36,8,1174.08,2026-05-06,2026-06-05,2029-04-20,2028-08-23,28,8,376,Contentieux,Nantissement,32935.93,Investissement,622,D,2286.45,2026-06-13,1,CONS-040,2026-09-11 14:53:30.622298,2026-09-11 14:53:30.622298
CRD-001608,CLI-004266,AG-CAS-01,CPT-005470,Crédit automobile,15401.61,8342.54,0.0577,0.0663,24,13,681.01,2024-10-23,2024-11-22,2026-10-13,2025-09-18,11,13,116,Incident de paiement,Hypothèque,17320.02,Achat immobilier,500,D,693.59,2025-08-23,1,CONS-050,2026-09-11 14:53:30.627818,2026-09-11 14:53:30.627818
CRD-001609,CLI-003122,AG-TAN-01,CPT-003982,Crédit immobilier,335333.76,253363.29,0.0323,0.0378,180,136,2353.03,2026-08-09,2026-09-08,2041-05-22,2030-03-21,44,136,0,En cours,Hypothèque,186283.08,Fonds de roulement,657,B,1098.9,,0,CONS-034,2026-09-11 14:53:30.632867,2026-09-11 14:53:30.632867
CRD-001610,CLI-001018,AG-TAN-01,CPT-001295,Crédit immobilier,1808953.76,602984.59,0.0485,0.0574,180,60,14164.14,2026-09-01,2026-10-01,2041-06-14,2036-07-10,120,60,0,En cours,Caution personnelle,990391.41,Investissement,590,C,5056.91,,0,CONS-038,2026-09-11 14:53:30.638451,2026-09-11 14:53:30.638451
CRD-001611,CLI-000558,AG-EL -01,CPT-000707,Crédit immobilier,59794.64,45344.27,0.0625,0.0749,120,91,671.37,2024-01-15,2024-02-14,2033-11-23,2026-06-03,29,91,0,En cours,Garantie autonome,35306.46,Véhicule,664,B,221.59,,0,CONS-001,2026-09-11 14:53:30.643935,2026-09-11 14:53:30.643935
CRD-001612,CLI-002400,AG-MEK-01,CPT-003054,Crédit immobilier,139060.9,24915.08,0.0631,0.082,240,43,1021.3,2024-10-15,2024-11-14,2044-07-02,2040-12-20,197,43,0,En cours,Caution personnelle,129290.85,Investissement,754,A,185.61,,0,CONS-024,2026-09-11 14:53:30.648893,2026-09-11 14:53:30.648893
CRD-001613,CLI-001208,AG-AGA-02,CPT-001546,Crédit consommation,38331.78,8518.17,0.0707,0.0847,36,8,1184.8,2022-03-31,2022-04-30,2025-03-15,2024-07-18,28,8,0,En cours,Sans garantie,0.0,Travaux,599,C,66.9,,0,CONS-028,2026-09-11 14:53:30.652953,2026-09-11 14:53:30.652953
CRD-001614,CLI-002006,AG-SAL-01,CPT-002558,Crédit automobile,138718.08,57799.2,0.0788,0.0888,48,20,3378.71,2022-08-18,2022-09-17,2026-07-28,2024-12-05,28,20,0,En cours,Caution personnelle,126552.07,Achat immobilier,678,B,494.71,,0,CONS-026,2026-09-11 14:53:30.656956,2026-09-11 14:53:30.656956
CRD-001615,CLI-002657,AG-CAS-05,CPT-003383,Crédit équipement,34635.7,34635.7,0.0579,0.0697,36,36,1050.39,2024-05-17,2024-06-16,2027-05-02,,0,36,99,Incident de paiement,Nantissement,26464.33,Fonds de roulement,623,D,6747.14,2025-06-13,3,CONS-025,2026-09-11 14:53:30.661973,2026-09-11 14:53:30.661973
CRD-001616,CLI-002136,AG-AGA-02,CPT-002721,Crédit immobilier,332835.54,97077.03,0.0749,0.0931,120,35,3949.08,2025-04-22,2025-05-22,2035-03-01,2032-04-15,85,35,0,En cours,Nantissement,175441.55,Fonds de roulement,607,B,667.84,,0,CONS-049,2026-09-11 14:53:30.667934,2026-09-11 14:53:30.667934
CRD-001617,CLI-001511,AG-FÈS-02,CPT-001940,Crédit automobile,30235.19,8188.7,0.0514,0.0666,48,13,698.21,2023-01-16,2023-02-15,2026-12-26,2025-12-01,35,13,0,En cours,Hypothèque,26535.71,Véhicule,619,B,19.44,,0,CONS-027,2026-09-11 14:53:30.670963,2026-09-11 14:53:30.670963
CRD-001618,CLI-001737,AG-OUJ-01,CPT-002217,Crédit consommation,4267.99,3112.08,0.0315,0.0465,48,35,94.75,2022-06-02,2022-07-02,2026-05-12,2023-06-27,13,35,0,En cours,Sans garantie,0.0,Équipement professionnel,369,C,40.49,,0,CONS-013,2026-09-11 14:53:30.673963,2026-09-11 14:53:30.673963
CRD-001619,CLI-000246,AG-EL -01,CPT-000309,Crédit immobilier,492606.74,389980.34,0.0636,0.0689,120,95,5558.42,2021-11-21,2021-12-21,2031-09-30,2023-12-11,25,95,0,En cours,Hypothèque,293694.26,Fonds de roulement,528,C,1850.36,,0,CONS-041,2026-09-11 14:53:30.676963,2026-09-11 14:53:30.676963
CRD-001620,CLI-001164,AG-AGA-01,CPT-001489,Crédit consommation,11807.81,11151.82,0.0311,0.0417,36,34,343.96,2023-02-15,2023-03-17,2026-01-30,2023-04-16,2,34,179,Incident de paiement,Hypothèque,10348.97,Fonds de roulement,559,D,747.41,2025-11-10,1,CONS-014,2026-09-11 14:53:30.679963,2026-09-11 14:53:30.679963
CRD-001621,CLI-003363,AG-TAN-02,CPT-004284,Crédit professionnel,69082.98,47974.29,0.0313,0.0389,36,25,2012.98,2024-05-19,2024-06-18,2027-05-04,2025-04-14,11,25,16,En cours (retard),Garantie autonome,55324.43,Travaux,605,B,523.31,,0,CONS-018,2026-09-11 14:53:30.681960,2026-09-11 14:53:30.681960
CRD-001622,CLI-000267,AG-CAS-05,CPT-000336,Crédit immobilier,2063001.48,804570.58,0.0745,0.0812,300,117,15178.37,2022-05-08,2022-06-07,2046-12-28,2037-05-19,183,117,0,En cours,Garantie autonome,2208576.71,Études,501,C,5981.34,,0,CONS-016,2026-09-11 14:53:30.684964,2026-09-11 14:53:30.684964
CRD-001623,CLI-002367,AG-SAF-01,CPT-003014,Crédit professionnel,33519.79,6284.96,0.0434,0.0631,48,9,761.96,2023-10-10,2023-11-09,2027-09-19,2026-12-23,39,9,0,En cours,Sans garantie,0.0,Travaux,579,C,23.84,,0,CONS-039,2026-09-11 14:53:30.687964,2026-09-11 14:53:30.687964
CRD-001624,CLI-001115,AG-AGA-02,CPT-001423,Crédit immobilier,218784.34,147679.43,0.0637,0.0835,240,162,1614.5,2025-12-11,2026-01-10,2045-08-28,2032-05-08,78,162,0,En cours,Hypothèque,257334.54,Véhicule,482,C,528.35,,0,CONS-043,2026-09-11 14:53:30.689963,2026-09-11 14:53:30.689963
CRD-001625,CLI-000064,AG-TÉT-01,CPT-000083,Crédit automobile,18762.68,0.0,0.064,0.0832,24,0,834.96,2024-03-24,2024-04-23,2026-03-14,2026-03-14,24,0,0,En cours,Sans garantie,0.0,Investissement,642,B,0.0,,0,CONS-006,2026-09-11 14:53:30.695597,2026-09-11 14:53:30.695597
CRD-001626,CLI-002593,AG-TAN-01,CPT-003297,Crédit automobile,43699.15,25491.17,0.0444,0.0594,48,28,995.31,2024-01-04,2024-02-03,2027-12-14,2025-08-26,20,28,0,En cours,Garantie autonome,34347.03,Fonds de roulement,636,B,173.05,,0,CONS-029,2026-09-11 14:53:30.698600,2026-09-11 14:53:30.698600
CRD-001627,CLI-002789,AG-OUJ-01,CPT-003556,Crédit immobilier,96542.78,21722.13,0.075,0.0888,240,54,777.74,2025-07-14,2025-08-13,2045-03-31,2040-10-23,186,54,0,En cours,Garantie autonome,53894.67,Équipement professionnel,631,B,216.95,,0,CONS-048,2026-09-11 14:53:30.701600,2026-09-11 14:53:30.701600
CRD-001628,CLI-002758,AG-CAS-04,CPT-003513,Crédit consommation,26868.6,26868.6,0.0534,0.0638,36,36,809.38,2022-07-24,2022-08-23,2025-07-08,,0,36,0,En cours,Sans garantie,0.0,Travaux,430,C,235.3,,0,CONS-016,2026-09-11 14:53:30.704599,2026-09-11 14:53:30.704599
CRD-001629,CLI-003012,AG-CAS-05,CPT-003844,Crédit automobile,102227.96,76670.97,0.062,0.0718,24,18,4540.02,2026-08-09,2026-09-08,2028-07-29,2027-02-05,6,18,10,En cours (retard),Garantie autonome,110394.62,Fonds de roulement,637,B,854.37,,0,CONS-028,2026-09-11 14:53:30.706599,2026-09-11 14:53:30.706599
CRD-001630,CLI-003077,AG-CAS-06,CPT-003924,Crédit consommation,15125.93,4411.73,0.0536,0.0729,24,7,666.04,2025-03-08,2025-04-07,2027-02-26,2026-07-31,17,7,0,En cours,Nantissement,8031.43,Équipement professionnel,652,B,13.31,,0,CONS-009,2026-09-11 14:53:30.710614,2026-09-11 14:53:30.710614
CRD-001631,CLI-002999,AG-KHE-01,CPT-003826,Crédit équipement,25298.17,2810.91,0.0729,0.0919,36,4,784.49,2022-04-17,2022-05-17,2025-04-01,2024-12-02,32,4,0,En cours,Hypothèque,13163.35,Travaux,567,C,6.19,,0,CONS-041,2026-09-11 14:53:30.713617,2026-09-11 14:53:30.713617
CRD-001632,CLI-002816,AG-CAS-02,CPT-003592,Crédit automobile,34259.1,4758.21,0.0564,0.074,36,5,1036.65,2022-07-22,2022-08-21,2025-07-06,2025-02-06,31,5,0,En cours,Garantie autonome,22317.61,Véhicule,717,A,15.34,,0,CONS-003,2026-09-11 14:53:30.716617,2026-09-11 14:53:30.716617
CRD-001633,CLI-002260,AG-MEK-01,CPT-002880,Crédit équipement,7449.09,6517.95,0.0715,0.077,48,42,178.9,2022-03-26,2022-04-25,2026-03-05,2022-09-22,6,42,0,En cours,Garantie autonome,5635.61,Travaux,838,A,45.43,,0,CONS-016,2026-09-11 14:53:30.718617,2026-09-11 14:53:30.718617
CRD-001634,CLI-004959,AG-CAS-02,CPT-006356,Crédit immobilier,107031.65,91690.45,0.0788,0.0864,300,257,817.6,2025-06-10,2025-07-10,2050-01-30,2028-12-21,43,257,0,En cours,Nantissement,92221.27,Travaux,597,C,795.0,,0,CONS-050,2026-09-11 14:53:30.721617,2026-09-11 14:53:30.721617
CRD-001635,CLI-003205,AG-BÉN-01,CPT-004085,Crédit professionnel,52120.61,11292.8,0.0589,0.0706,60,13,1004.97,2024-11-22,2024-12-22,2029-10-27,2028-10-02,47,13,0,En cours,Hypothèque,51521.49,Équipement professionnel,586,C,42.63,,0,CONS-025,2026-09-11 14:53:30.724621,2026-09-11 14:53:30.724621
CRD-001636,CLI-001238,AG-TAN-02,CPT-001586,Crédit professionnel,121997.15,60998.57,0.0738,0.0791,48,24,2942.93,2023-03-15,2023-04-14,2027-02-22,2025-03-04,24,24,0,En cours,Hypothèque,143048.09,Équipement professionnel,572,C,347.89,,0,CONS-016,2026-09-11 14:53:30.727635,2026-09-11 14:53:30.727635
CRD-001637,CLI-000104,AG-FÈS-01,CPT-000135,Crédit consommation,13654.29,5310.0,0.0644,0.0698,36,14,418.12,2026-01-31,2026-03-02,2029-01-15,2027-11-22,22,14,0,En cours,Garantie autonome,11602.32,Études,684,B,49.52,,0,CONS-048,2026-09-11 14:53:30.730635,2026-09-11 14:53:30.730635
CRD-001638,CLI-002644,AG-CAS-02,CPT-003365,Crédit professionnel,128251.43,27482.45,0.0746,0.0863,84,18,1964.62,2022-09-05,2022-10-05,2029-07-30,2028-02-06,66,18,0,En cours,Hypothèque,67288.36,Véhicule,660,B,44.15,,0,CONS-031,2026-09-11 14:53:30.733636,2026-09-11 14:53:30.733636
CRD-001639,CLI-000273,AG-RAB-01,CPT-000342,Crédit investissement,255527.44,106469.77,0.0303,0.0439,60,25,4594.9,2024-02-10,2024-03-11,2029-01-14,2026-12-26,35,25,0,En cours,Nantissement,195028.64,Études,627,B,697.2,,0,CONS-001,2026-09-11 14:53:30.735635,2026-09-11 14:53:30.735635
CRD-001640,CLI-000509,AG-TAN-02,CPT-000646,Crédit équipement,34700.63,15904.46,0.0357,0.0555,24,11,1500.24,2024-03-01,2024-03-31,2026-02-19,2025-03-26,13,11,0,En cours,Sans garantie,0.0,Études,695,B,89.17,,0,CONS-039,2026-09-11 14:53:30.738635,2026-09-11 14:53:30.738635
CRD-001641,CLI-002227,AG-FÈS-01,CPT-002838,Crédit équipement,7219.89,3208.84,0.0404,0.0523,36,16,213.29,2023-09-13,2023-10-13,2026-08-28,2025-05-05,20,16,0,En cours,Caution personnelle,8453.46,Équipement professionnel,517,C,13.38,,0,CONS-003,2026-09-11 14:53:30.740808,2026-09-11 14:53:30.740808
CRD-001642,CLI-004934,AG-LAÂ-01,CPT-006323,Crédit immobilier,88231.25,15440.47,0.0577,0.0701,120,21,969.39,2024-05-03,2024-06-02,2034-03-12,2032-06-20,99,21,0,En cours,Hypothèque,94391.1,Achat immobilier,648,B,45.42,,0,CONS-025,2026-09-11 14:53:30.743808,2026-09-11 14:53:30.743808
CRD-001643,CLI-002442,AG-FÈS-01,CPT-003106,Crédit immobilier,597828.74,278986.75,0.0353,0.0462,120,56,5920.09,2026-06-17,2026-07-17,2036-04-25,2031-09-19,64,56,0,En cours,Garantie autonome,359978.49,Fonds de roulement,738,A,2220.18,,0,CONS-033,2026-09-11 14:53:30.746809,2026-09-11 14:53:30.746809
CRD-001644,CLI-000866,AG-CAS-06,CPT-001106,Crédit immobilier,101618.25,40082.75,0.079,0.0861,180,71,965.26,2025-08-31,2025-09-30,2040-06-13,2034-08-14,109,71,39,En cours (retard),Sans garantie,0.0,Équipement professionnel,481,C,2846.73,2026-06-04,2,CONS-011,2026-09-11 14:53:30.749039,2026-09-11 14:53:30.749039
CRD-001645,CLI-003327,AG-AGA-02,CPT-004233,Crédit professionnel,77461.93,29509.31,0.0425,0.053,84,32,1067.75,2025-10-31,2025-11-30,2032-09-24,2030-02-07,52,32,0,En cours,Nantissement,60930.29,Achat immobilier,592,C,89.04,,0,CONS-038,2026-09-11 14:53:30.752041,2026-09-11 14:53:30.752041
CRD-001646,CLI-000909,AG-CAS-05,CPT-001158,Crédit équipement,16831.97,8415.99,0.0411,0.0464,12,6,1434.09,2025-04-21,2025-05-21,2026-04-16,2025-10-18,6,6,0,En cours,Garantie autonome,13043.44,Fonds de roulement,747,A,29.59,,0,CONS-024,2026-09-11 14:53:30.755042,2026-09-11 14:53:30.755042
CRD-001647,CLI-002115,AG-MEK-01,CPT-002692,Crédit professionnel,13461.28,13180.84,0.0518,0.0696,48,47,311.1,2024-04-25,2024-05-25,2028-04-04,2024-05-25,1,47,0,En cours,Sans garantie,0.0,Fonds de roulement,440,C,70.95,,0,CONS-042,2026-09-11 14:53:30.757041,2026-09-11 14:53:30.757041
CRD-001648,CLI-003897,AG-CAS-04,CPT-004981,Crédit automobile,62029.99,7236.83,0.0337,0.0434,60,7,1124.83,2025-11-30,2025-12-30,2030-11-04,2030-04-08,53,7,0,En cours,Nantissement,50977.09,Véhicule,695,B,33.62,,0,CONS-034,2026-09-11 14:53:30.760042,2026-09-11 14:53:30.760042
CRD-001649,CLI-001628,AG-CAS-04,CPT-002083,Crédit automobile,32892.92,15898.24,0.0581,0.0651,60,29,633.01,2026-08-26,2026-09-25,2031-07-31,2029-03-13,31,29,0,En cours,Hypothèque,34251.17,Véhicule,788,A,79.35,,0,CONS-001,2026-09-11 14:53:30.762041,2026-09-11 14:53:30.762041
CRD-001650,CLI-002874,AG-SAL-01,CPT-003666,Crédit automobile,50660.88,40528.7,0.0541,0.0644,60,48,965.58,2026-01-30,2026-03-01,2031-01-04,2027-01-25,12,48,0,En cours,Nantissement,58656.96,Fonds de roulement,669,B,136.95,,0,CONS-004,2026-09-11 14:53:30.765318,2026-09-11 14:53:30.765318
CRD-001651,CLI-001523,AG-KHE-01,CPT-001953,Crédit consommation,29908.51,9969.5,0.0338,0.0404,48,16,667.04,2024-03-15,2024-04-14,2028-02-23,2026-10-31,32,16,0,En cours,Caution personnelle,23588.46,Travaux,550,C,25.47,,0,CONS-026,2026-09-11 14:53:30.769322,2026-09-11 14:53:30.770323
CRD-001652,CLI-000836,AG-CAS-04,CPT-001067,Crédit immobilier,89949.37,77206.54,0.0386,0.0533,120,103,904.72,2022-10-11,2022-11-10,2032-08-19,2024-03-04,17,103,152,Incident de paiement,Hypothèque,58418.29,Achat immobilier,547,D,5684.36,2025-09-15,3,CONS-031,2026-09-11 14:53:30.773566,2026-09-11 14:53:30.773566
CRD-001653,CLI-000359,AG-CAS-04,CPT-000453,Crédit immobilier,2202399.33,110119.97,0.0387,0.0512,120,6,22162.4,2023-07-15,2023-08-14,2033-05-23,2032-11-24,114,6,0,En cours,Nantissement,1899294.53,Achat immobilier,582,C,570.99,,0,CONS-044,2026-09-11 14:53:30.776586,2026-09-11 14:53:30.776586
CRD-001654,CLI-000139,AG-CAS-02,CPT-000177,Crédit investissement,114036.31,41179.78,0.04,0.0539,36,13,3366.81,2023-06-01,2023-07-01,2026-05-16,2025-04-21,23,13,0,En cours,Nantissement,129263.74,Travaux,436,C,399.58,,0,CONS-041,2026-09-11 14:53:30.779585,2026-09-11 14:53:30.779585
CRD-001655,CLI-000300,AG-FÈS-02,CPT-000375,Crédit automobile,53696.23,20136.09,0.0746,0.0929,48,18,1297.31,2025-04-23,2025-05-23,2029-04-02,2027-10-10,30,18,0,En cours,Hypothèque,51547.92,Achat immobilier,350,C,116.39,,0,CONS-029,2026-09-11 14:53:30.781587,2026-09-11 14:53:30.781587
CRD-001656,CLI-001557,AG-TAN-02,CPT-001995,Crédit équipement,36708.79,9177.2,0.0375,0.0497,24,6,1589.99,2021-10-09,2021-11-08,2023-09-29,2023-04-02,18,6,0,En cours,Hypothèque,36293.65,Véhicule,712,A,44.31,,0,CONS-037,2026-09-11 14:53:30.784587,2026-09-11 14:53:30.784587
CRD-001657,CLI-001004,AG-MAR-02,CPT-001278,Crédit équipement,3654.82,1827.41,0.0631,0.083,12,6,315.08,2023-06-30,2023-07-30,2024-06-24,2023-12-27,6,6,0,En cours,Nantissement,4118.23,Études,533,C,7.25,,0,CONS-004,2026-09-11 14:53:30.787586,2026-09-11 14:53:30.787586
CRD-001658,CLI-000383,AG-KHE-01,CPT-000483,Crédit consommation,4888.5,814.75,0.0502,0.0642,12,2,418.54,2023-10-29,2023-11-28,2024-10-23,2024-08-24,10,2,0,En cours,Sans garantie,0.0,Études,668,B,6.76,,0,CONS-019,2026-09-11 14:53:30.789709,2026-09-11 14:53:30.789709
CRD-001659,CLI-000942,AG-NAD-01,CPT-001202,Crédit automobile,14318.11,8948.82,0.0786,0.0923,24,15,646.66,2021-12-30,2022-01-29,2023-12-20,2022-09-26,9,15,0,En cours,Hypothèque,9487.66,Fonds de roulement,640,B,23.21,,0,CONS-023,2026-09-11 14:53:30.793709,2026-09-11 14:53:30.793709
CRD-001660,CLI-004447,AG-BÉN-01,CPT-005699,Crédit professionnel,80326.98,51877.84,0.0792,0.0951,48,31,1958.0,2024-04-26,2024-05-26,2028-04-05,2025-09-18,17,31,0,En cours,Hypothèque,77611.74,Achat immobilier,745,A,182.32,,0,CONS-045,2026-09-11 14:53:30.796711,2026-09-11 14:53:30.796711
CRD-001661,CLI-004855,AG-FÈS-01,CPT-006226,Crédit immobilier,58103.55,57619.35,0.0638,0.0828,240,238,429.11,2025-08-15,2025-09-14,2045-05-02,2025-10-14,2,238,286,Contentieux,Garantie autonome,49259.17,Fonds de roulement,691,D,15291.83,2026-07-19,3,CONS-015,2026-09-11 14:53:30.799709,2026-09-11 14:53:30.799709
CRD-001662,CLI-000762,AG-TAN-02,CPT-000965,Crédit immobilier,276942.79,231939.59,0.0431,0.0579,240,201,1723.8,2024-06-07,2024-07-07,2044-02-23,2027-08-21,39,201,0,En cours,Caution personnelle,161782.52,Fonds de roulement,508,C,1576.97,,0,CONS-023,2026-09-11 14:53:30.803802,2026-09-11 14:53:30.803802
CRD-001663,CLI-001706,AG-TÉT-01,CPT-002176,Crédit équipement,13361.58,10021.18,0.0663,0.0842,12,9,1153.86,2023-10-22,2023-11-21,2024-10-16,2024-01-20,3,9,0,En cours,Sans garantie,0.0,Investissement,523,C,46.93,,0,CONS-033,2026-09-11 14:53:30.809807,2026-09-11 14:53:30.809807
CRD-001664,CLI-001874,AG-CAS-01,CPT-002390,Crédit professionnel,80592.71,22834.6,0.072,0.0838,60,17,1603.45,2025-07-19,2025-08-18,2030-06-23,2029-01-29,43,17,0,En cours,Garantie autonome,91307.37,Véhicule,555,C,99.75,,0,CONS-001,2026-09-11 14:53:30.812808,2026-09-11 14:53:30.812808
CRD-001665,CLI-002551,AG-CAS-02,CPT-003245,Crédit investissement,584396.77,320026.8,0.0726,0.0825,84,46,8894.58,2022-10-24,2022-11-23,2029-09-17,2025-12-07,38,46,4,En cours (retard),Sans garantie,0.0,Équipement professionnel,627,B,10413.45,,0,CONS-015,2026-09-11 14:53:30.815807,2026-09-11 14:53:30.815807
CRD-001666,CLI-002087,AG-MAR-01,CPT-002659,Crédit immobilier,170205.37,163586.27,0.0488,0.0668,180,173,1335.36,2022-11-28,2022-12-28,2037-09-10,2023-06-26,7,173,0,En cours,Caution personnelle,168419.78,Équipement professionnel,623,B,1884.33,,0,CONS-048,2026-09-11 14:53:30.817806,2026-09-11 14:53:30.817806
CRD-001667,CLI-002198,AG-MOH-01,CPT-002804,Crédit immobilier,90581.28,30797.64,0.079,0.0894,300,102,693.13,2023-05-03,2023-06-02,2047-12-23,2039-08-07,198,102,0,En cours,Nantissement,53004.46,Fonds de roulement,565,C,239.81,,0,CONS-036,2026-09-11 14:53:30.820820,2026-09-11 14:53:30.820820
CRD-001668,CLI-000899,AG-KHE-01,CPT-001147,Crédit consommation,41667.3,20833.65,0.0447,0.0504,12,6,3556.92,2022-04-29,2022-05-29,2023-04-24,2022-10-26,6,6,390,Contentieux,Hypothèque,32914.09,Véhicule,585,D,4157.29,2026-05-06,1,CONS-011,2026-09-11 14:53:30.823824,2026-09-11 14:53:30.823824
CRD-001669,CLI-004000,AG-BÉN-01,CPT-005112,Crédit consommation,8966.66,1494.44,0.0541,0.0676,36,6,270.39,2022-08-26,2022-09-25,2025-08-10,2025-02-11,30,6,0,En cours,Garantie autonome,5851.08,Véhicule,645,B,9.58,,0,CONS-034,2026-09-11 14:53:30.827825,2026-09-11 14:53:30.827825
CRD-001670,CLI-003616,AG-KHE-01,CPT-004623,Crédit automobile,88697.6,66523.2,0.0345,0.0435,48,36,1980.95,2024-07-08,2024-08-07,2028-06-17,2025-07-03,12,36,0,En cours,Caution personnelle,61168.42,Véhicule,561,C,350.55,,0,CONS-010,2026-09-11 14:53:30.830827,2026-09-11 14:53:30.830827
CRD-001671,CLI-001403,AG-TAN-01,CPT-001799,Crédit immobilier,126146.25,89563.84,0.0707,0.08,300,213,897.22,2025-09-14,2025-10-14,2050-05-06,2032-11-06,87,213,0,En cours,Nantissement,101093.89,Fonds de roulement,647,B,650.45,,0,CONS-033,2026-09-11 14:53:30.833825,2026-09-11 14:53:30.833825
CRD-001672,CLI-003874,AG-CAS-03,CPT-004954,Crédit immobilier,68104.75,5221.36,0.062,0.0736,300,23,447.16,2024-08-10,2024-09-09,2049-04-01,2047-05-12,277,23,0,En cours,Sans garantie,0.0,Équipement professionnel,716,A,33.45,,0,CONS-016,2026-09-11 14:53:30.835826,2026-09-11 14:53:30.835826
CRD-001673,CLI-003786,AG-TAN-02,CPT-004841,Crédit immobilier,123980.77,89886.06,0.0586,0.0734,120,87,1367.74,2022-11-29,2022-12-29,2032-10-07,2025-08-15,33,87,0,En cours,Caution personnelle,108438.38,Études,623,B,433.65,,0,CONS-036,2026-09-11 14:53:30.838821,2026-09-11 14:53:30.838821
CRD-001674,CLI-004387,AG-MEK-01,CPT-005624,Crédit automobile,11463.62,6050.24,0.0726,0.0862,36,19,355.33,2025-04-05,2025-05-05,2028-03-20,2026-08-28,17,19,0,En cours,Caution personnelle,10943.48,Études,463,C,44.33,,0,CONS-029,2026-09-11 14:53:30.841825,2026-09-11 14:53:30.841825
CRD-001675,CLI-002956,AG-EL -01,CPT-003768,Crédit équipement,7924.67,3467.04,0.0692,0.0827,48,21,189.47,2022-08-26,2022-09-25,2026-08-05,2024-11-13,27,21,0,En cours,Hypothèque,8307.18,Fonds de roulement,674,B,3.97,,0,CONS-025,2026-09-11 14:53:30.844803,2026-09-11 14:53:30.844803
CRD-001676,CLI-001513,AG-SAL-01,CPT-001942,Crédit consommation,13455.4,4485.13,0.0774,0.097,12,4,1168.85,2024-03-28,2024-04-27,2025-03-23,2024-11-23,8,4,0,En cours,Sans garantie,0.0,Fonds de roulement,733,A,24.47,,0,CONS-033,2026-09-11 14:53:30.846804,2026-09-11 14:53:30.846804
CRD-001677,CLI-001189,AG-FÈS-01,CPT-001521,Crédit consommation,11988.01,2497.5,0.0583,0.0699,24,5,530.4,2022-08-14,2022-09-13,2024-08-03,2024-03-06,19,5,0,En cours,Garantie autonome,9617.55,Achat immobilier,595,C,14.04,,0,CONS-035,2026-09-11 14:53:30.849803,2026-09-11 14:53:30.849803
CRD-001678,CLI-002990,AG-BÉN-01,CPT-003815,Crédit consommation,10729.36,10282.3,0.0365,0.0435,24,23,464.25,2026-01-14,2026-02-13,2028-01-04,2026-02-13,1,23,0,En cours,Sans garantie,0.0,Achat immobilier,686,B,65.82,,0,CONS-029,2026-09-11 14:53:30.852802,2026-09-11 14:53:30.852802
CRD-001679,CLI-002081,AG-FÈS-01,CPT-002650,Crédit automobile,38956.26,22724.48,0.0764,0.0908,24,14,1755.5,2026-08-14,2026-09-13,2028-08-03,2027-06-10,10,14,0,En cours,Garantie autonome,36978.46,Études,606,B,178.93,,0,CONS-004,2026-09-11 14:53:30.854802,2026-09-11 14:53:30.854802
CRD-001680,CLI-004984,AG-FÈS-01,CPT-006387,Crédit immobilier,221340.28,104521.8,0.0484,0.0635,180,85,1731.95,2025-08-06,2025-09-05,2040-05-19,2033-05-26,95,85,0,En cours,Caution personnelle,159983.46,Investissement,593,C,756.72,,0,CONS-044,2026-09-11 14:53:30.857804,2026-09-11 14:53:30.857804
CRD-001681,CLI-003438,AG-CAS-04,CPT-004383,Crédit automobile,121390.16,70810.93,0.0598,0.0791,36,21,3691.82,2023-10-25,2023-11-24,2026-10-09,2025-01-17,15,21,0,En cours,Caution personnelle,120655.16,Véhicule,624,B,693.86,,0,CONS-047,2026-09-11 14:53:30.860825,2026-09-11 14:53:30.860825
CRD-001682,CLI-000109,AG-CAS-06,CPT-000141,Crédit immobilier,684312.72,250914.66,0.048,0.067,180,66,5340.48,2024-04-05,2024-05-05,2039-01-17,2033-08-16,114,66,0,En cours,Sans garantie,0.0,Équipement professionnel,643,B,1879.79,,0,CONS-023,2026-09-11 14:53:30.862828,2026-09-11 14:53:30.862828
CRD-001683,CLI-004699,AG-BÉN-01,CPT-006022,Crédit équipement,4287.59,2501.09,0.0415,0.0576,12,7,365.38,2025-11-18,2025-12-18,2026-11-13,2026-04-17,5,7,0,En cours,Garantie autonome,2636.75,Fonds de roulement,560,C,13.78,,0,CONS-012,2026-09-11 14:53:30.865970,2026-09-11 14:53:30.865970
CRD-001684,CLI-002828,AG-RAB-03,CPT-003605,Crédit immobilier,3416243.59,2135152.24,0.0308,0.0421,240,150,19083.51,2025-04-24,2025-05-24,2045-01-09,2032-09-14,90,150,0,En cours,Caution personnelle,3917006.0,Équipement professionnel,523,C,16736.88,,0,CONS-014,2026-09-11 14:53:30.868977,2026-09-11 14:53:30.868977
CRD-001685,CLI-004748,AG-CAS-05,CPT-006086,Crédit automobile,30042.0,5007.0,0.0726,0.0884,36,6,931.19,2023-01-14,2023-02-13,2025-12-29,2025-07-02,30,6,124,Incident de paiement,Nantissement,19638.63,Investissement,488,D,594.68,2025-11-28,3,CONS-046,2026-09-11 14:53:30.870977,2026-09-11 14:53:30.870977
CRD-001686,CLI-000059,AG-FÈS-01,CPT-000076,Crédit automobile,126325.47,60530.95,0.0495,0.0652,48,23,2906.33,2024-02-24,2024-03-25,2028-02-03,2026-03-15,25,23,0,En cours,Caution personnelle,96122.82,Études,586,C,316.02,,0,CONS-044,2026-09-11 14:53:30.874099,2026-09-11 14:53:30.874099
CRD-001687,CLI-000077,AG-FÈS-02,CPT-000102,Crédit professionnel,786194.83,9359.46,0.0774,0.0831,84,1,12152.21,2023-04-07,2023-05-07,2030-03-01,2030-01-30,83,1,0,En cours,Caution personnelle,779446.96,Études,531,C,89.26,,0,CONS-031,2026-09-11 14:53:30.877103,2026-09-11 14:53:30.877103
CRD-001688,CLI-000797,AG-TAN-01,CPT-001016,Crédit immobilier,16709.22,2116.5,0.0598,0.0741,300,38,107.45,2023-01-17,2023-02-16,2047-09-08,2044-07-25,262,38,0,En cours,Garantie autonome,10074.64,Fonds de roulement,527,C,12.12,,0,CONS-027,2026-09-11 14:53:30.880103,2026-09-11 14:53:30.880103
CRD-001689,CLI-000369,AG-KHE-01,CPT-000464,Crédit immobilier,214461.01,108124.09,0.0756,0.0933,240,121,1735.56,2022-12-17,2023-01-16,2042-09-03,2032-09-25,119,121,0,En cours,Nantissement,178913.06,Investissement,464,C,350.31,,0,CONS-046,2026-09-11 14:53:30.882105,2026-09-11 14:53:30.882105
CRD-001690,CLI-004906,AG-FÈS-01,CPT-006288,Crédit automobile,40809.67,34008.06,0.0754,0.091,36,30,1270.18,2024-05-28,2024-06-27,2027-05-13,2024-11-24,6,30,0,En cours,Caution personnelle,33433.52,Études,691,B,197.77,,0,CONS-020,2026-09-11 14:53:30.885106,2026-09-11 14:53:30.885106
CRD-001691,CLI-000786,AG-KHE-01,CPT-001001,Crédit immobilier,1742698.07,1723334.76,0.0311,0.0426,180,178,12127.16,2024-09-27,2024-10-27,2039-07-11,2024-11-26,2,178,0,En cours,Garantie autonome,1486208.47,Achat immobilier,738,A,5375.07,,0,CONS-024,2026-09-11 14:53:30.888105,2026-09-11 14:53:30.888105
CRD-001692,CLI-002089,AG-CAS-03,CPT-002662,Crédit immobilier,268532.42,118601.82,0.0572,0.0642,120,53,2943.64,2026-07-15,2026-08-14,2036-05-23,2032-01-15,67,53,0,En cours,Nantissement,235601.22,Travaux,477,C,641.98,,0,CONS-020,2026-09-11 14:53:30.890106,2026-09-11 14:53:30.890106
CRD-001693,CLI-002315,AG-OUJ-01,CPT-002952,Crédit automobile,49841.02,37380.76,0.0689,0.0754,60,45,984.33,2023-01-01,2023-01-31,2027-12-06,2024-03-26,15,45,0,En cours,Hypothèque,49799.17,Travaux,670,B,53.3,,0,CONS-042,2026-09-11 14:53:30.893106,2026-09-11 14:53:30.893106
CRD-001694,CLI-003385,AG-BÉN-01,CPT-004315,Crédit professionnel,231138.05,120384.4,0.0768,0.0921,48,25,5608.1,2024-11-06,2024-12-06,2028-10-16,2026-09-27,23,25,0,En cours,Hypothèque,200524.9,Investissement,517,C,260.16,,0,CONS-020,2026-09-11 14:53:30.896106,2026-09-11 14:53:30.896106
CRD-001695,CLI-003606,AG-TAN-02,CPT-004610,Crédit immobilier,796053.11,587089.17,0.0713,0.0824,240,177,6234.06,2024-09-09,2024-10-09,2044-05-27,2029-11-12,63,177,0,En cours,Garantie autonome,858277.53,Études,561,C,1644.28,,0,CONS-020,2026-09-11 14:53:30.899106,2026-09-11 14:53:30.899106
CRD-001696,CLI-004112,AG-AGA-01,CPT-005263,Crédit consommation,19567.01,17121.13,0.0567,0.0637,24,21,864.32,2024-09-15,2024-10-15,2026-09-05,2024-12-14,3,21,0,En cours,Sans garantie,0.0,Équipement professionnel,408,C,89.8,,0,CONS-042,2026-09-11 14:53:30.901105,2026-09-11 14:53:30.901105
CRD-001697,CLI-001903,AG-FÈS-02,CPT-002428,Crédit investissement,174507.68,43626.92,0.046,0.0627,36,9,5198.87,2026-04-10,2026-05-10,2029-03-25,2028-06-28,27,9,0,En cours,Sans garantie,0.0,Achat immobilier,623,B,219.13,,0,CONS-022,2026-09-11 14:53:30.904107,2026-09-11 14:53:30.904107
CRD-001698,CLI-001704,AG-BÉN-01,CPT-002174,Crédit automobile,52593.65,14244.11,0.0558,0.0688,48,13,1225.06,2026-03-10,2026-04-09,2030-02-17,2029-01-23,35,13,0,En cours,Hypothèque,40518.78,Travaux,364,C,73.97,,0,CONS-013,2026-09-11 14:53:30.907106,2026-09-11 14:53:30.907106
CRD-001699,CLI-000122,AG-CAS-06,CPT-000158,Crédit professionnel,95303.39,13614.77,0.0775,0.0964,84,12,1473.58,2024-05-07,2024-06-06,2031-04-01,2030-04-06,72,12,337,Contentieux,Nantissement,50316.12,Fonds de roulement,583,D,3992.76,2025-05-05,3,CONS-025,2026-09-11 14:53:30.909104,2026-09-11 14:53:30.909104
CRD-001700,CLI-001845,AG-MOH-01,CPT-002351,Crédit consommation,9460.63,8672.24,0.0477,0.0662,12,11,808.9,2025-07-29,2025-08-28,2026-07-24,2025-08-28,1,11,0,En cours,Nantissement,8803.95,Études,548,C,31.39,,0,CONS-026,2026-09-11 14:53:30.912126,2026-09-11 14:53:30.912126
CRD-001701,CLI-002370,AG-TÉT-01,CPT-003018,Crédit automobile,18365.23,7958.27,0.0495,0.0624,60,26,346.15,2021-09-12,2021-10-12,2026-08-17,2024-06-28,34,26,0,En cours,Hypothèque,10234.59,Équipement professionnel,379,C,30.25,,0,CONS-035,2026-09-11 14:53:30.915363,2026-09-11 14:53:30.915363
CRD-001702,CLI-003729,AG-MAR-01,CPT-004766,Crédit immobilier,165556.64,110371.09,0.0464,0.0603,240,160,1059.95,2024-06-28,2024-07-28,2044-03-15,2031-01-23,80,160,0,En cours,Caution personnelle,93479.15,Fonds de roulement,655,B,705.44,,0,CONS-006,2026-09-11 14:53:30.918489,2026-09-11 14:53:30.918489
CRD-001703,CLI-000911,AG-KHE-01,CPT-001160,Crédit professionnel,435895.13,435895.13,0.0753,0.0911,36,36,13565.06,2026-08-07,2026-09-06,2029-07-22,,0,36,0,En cours,Sans garantie,0.0,Équipement professionnel,532,C,6260.9,,0,CONS-011,2026-09-11 14:53:30.920491,2026-09-11 14:53:30.920491
CRD-001704,CLI-000125,AG-NAD-01,CPT-000161,Crédit consommation,14603.16,9735.44,0.0641,0.081,12,8,1259.6,2025-09-26,2025-10-26,2026-09-21,2026-01-24,4,8,0,En cours,Nantissement,17288.05,Investissement,579,C,76.29,,0,CONS-011,2026-09-11 14:53:30.923490,2026-09-11 14:53:30.923490
CRD-001705,CLI-002573,AG-KHE-01,CPT-003273,Crédit équipement,46289.46,34717.1,0.0433,0.0522,24,18,2016.92,2026-01-16,2026-02-15,2028-01-06,2026-07-15,6,18,0,En cours,Hypothèque,25689.49,Véhicule,590,C,116.97,,0,CONS-032,2026-09-11 14:53:30.926489,2026-09-11 14:53:30.926489
CRD-001706,CLI-001587,AG-EL -01,CPT-002029,Crédit consommation,6975.81,2034.61,0.0461,0.0646,48,14,159.42,2026-02-08,2026-03-10,2030-01-18,2028-11-24,34,14,0,En cours,Garantie autonome,4965.03,Études,507,C,20.98,,0,CONS-026,2026-09-11 14:53:30.928490,2026-09-11 14:53:30.928490
CRD-001707,CLI-001258,AG-TAN-01,CPT-001613,Crédit immobilier,1468094.71,1284582.87,0.0557,0.0673,240,210,10156.97,2024-08-13,2024-09-12,2044-04-30,2027-01-30,30,210,0,En cours,Hypothèque,1198694.54,Travaux,645,B,9136.65,,0,CONS-045,2026-09-11 14:53:30.931490,2026-09-11 14:53:30.931490
CRD-001708,CLI-003442,AG-MEK-01,CPT-004389,Crédit automobile,11196.51,10076.86,0.0725,0.0778,60,54,223.03,2026-05-25,2026-06-24,2031-04-29,2026-11-21,6,54,0,En cours,Hypothèque,6535.46,Fonds de roulement,478,C,26.44,,0,CONS-030,2026-09-11 14:53:30.934488,2026-09-11 14:53:30.934488
CRD-001709,CLI-003481,AG-RAB-02,CPT-004440,Crédit équipement,7229.96,4819.97,0.069,0.0766,24,16,323.38,2023-12-25,2024-01-24,2025-12-14,2024-08-21,8,16,0,En cours,Sans garantie,0.0,Études,678,B,18.0,,0,CONS-001,2026-09-11 14:53:30.936491,2026-09-11 14:53:30.936491
CRD-001710,CLI-004109,AG-NAD-01,CPT-005258,Crédit équipement,8402.98,4201.49,0.048,0.0587,12,6,718.59,2025-08-28,2025-09-27,2026-08-23,2026-02-24,6,6,0,En cours,Hypothèque,8630.34,Véhicule,663,B,8.23,,0,CONS-002,2026-09-11 14:53:30.939489,2026-09-11 14:53:30.939489
CRD-001711,CLI-001179,AG-MAR-02,CPT-001507,Crédit automobile,25147.23,22353.09,0.0371,0.0476,36,32,739.21,2023-03-04,2023-04-03,2026-02-16,2023-07-02,4,32,0,En cours,Caution personnelle,19961.55,Achat immobilier,571,C,97.67,,0,CONS-005,2026-09-11 14:53:30.941487,2026-09-11 14:53:30.941487
CRD-001712,CLI-003464,AG-KÉN-01,CPT-004420,Crédit consommation,9787.74,9787.74,0.0653,0.0736,12,12,844.78,2021-11-09,2021-12-09,2022-11-04,,0,12,0,En cours,Sans garantie,0.0,Achat immobilier,529,C,86.76,,0,CONS-016,2026-09-11 14:53:30.944470,2026-09-11 14:53:30.944470
CRD-001713,CLI-003470,AG-KÉN-01,CPT-004427,Crédit immobilier,482397.97,319588.66,0.0307,0.0502,240,159,2692.3,2021-12-01,2021-12-31,2041-08-18,2028-07-27,81,159,0,En cours,Garantie autonome,277400.44,Fonds de roulement,777,A,2617.17,,0,CONS-021,2026-09-11 14:53:30.947470,2026-09-11 14:53:30.947470
CRD-001714,CLI-003468,AG-MOH-01,CPT-004425,Crédit professionnel,942038.17,235509.54,0.0512,0.0565,60,15,17829.26,2024-05-14,2024-06-13,2029-04-18,2028-01-24,45,15,0,En cours,Hypothèque,1085438.73,Investissement,558,C,563.11,,0,CONS-038,2026-09-11 14:53:30.950728,2026-09-11 14:53:30.950728
CRD-001715,CLI-002104,AG-OUJ-01,CPT-002679,Crédit immobilier,25840.02,2009.78,0.0754,0.0949,180,14,240.13,2021-09-18,2021-10-18,2036-07-01,2035-05-08,166,14,0,En cours,Garantie autonome,13827.26,Véhicule,629,B,14.32,,0,CONS-047,2026-09-11 14:53:30.952728,2026-09-11 14:53:30.952728
CRD-001716,CLI-000443,AG-TAN-02,CPT-000560,Crédit investissement,108725.29,22003.93,0.0455,0.0637,84,17,1513.83,2022-11-09,2022-12-09,2029-10-03,2028-05-11,67,17,0,En cours,Nantissement,64752.3,Études,714,A,177.59,,0,CONS-045,2026-09-11 14:53:30.955728,2026-09-11 14:53:30.955728
CRD-001717,CLI-002228,AG-AGA-02,CPT-002839,Crédit automobile,31887.57,13286.49,0.0692,0.0763,60,25,630.21,2024-03-10,2024-04-09,2029-02-12,2027-01-24,35,25,0,En cours,Hypothèque,29899.21,Équipement professionnel,750,A,43.66,,0,CONS-004,2026-09-11 14:53:30.957728,2026-09-11 14:53:30.957728
CRD-001718,CLI-004417,AG-CAS-01,CPT-005662,Crédit professionnel,63083.39,37850.03,0.075,0.0838,60,36,1264.06,2025-04-12,2025-05-12,2030-03-17,2027-04-02,24,36,0,En cours,Nantissement,45104.99,Investissement,643,B,268.83,,0,CONS-024,2026-09-11 14:53:30.960728,2026-09-11 14:53:30.960728
CRD-001719,CLI-000926,AG-KHO-01,CPT-001181,Crédit professionnel,100875.14,86864.7,0.0399,0.0537,36,31,2977.79,2026-07-14,2026-08-13,2029-06-28,2026-12-11,5,31,0,En cours,Hypothèque,62992.38,Investissement,554,C,279.3,,0,CONS-030,2026-09-11 14:53:30.963729,2026-09-11 14:53:30.963729
CRD-001720,CLI-004021,AG-MEK-01,CPT-005140,Crédit professionnel,55428.53,41571.4,0.0792,0.0925,60,45,1121.77,2024-05-31,2024-06-30,2029-05-05,2025-08-24,15,45,0,En cours,Garantie autonome,50102.42,Équipement professionnel,678,B,187.72,,0,CONS-012,2026-09-11 14:53:30.966922,2026-09-11 14:53:30.966922
CRD-001721,CLI-002146,AG-CAS-01,CPT-002735,Crédit automobile,61327.67,33219.15,0.0741,0.0834,24,13,2757.21,2023-04-18,2023-05-18,2025-04-07,2024-03-13,11,13,0,En cours,Nantissement,46632.26,Achat immobilier,676,B,192.06,,0,CONS-048,2026-09-11 14:53:30.968921,2026-09-11 14:53:30.968921
CRD-001722,CLI-004771,AG-FÈS-02,CPT-006118,Crédit professionnel,30869.32,10804.26,0.0506,0.0563,60,21,583.39,2023-06-17,2023-07-17,2028-05-21,2026-08-30,39,21,0,En cours,Hypothèque,19984.75,Travaux,389,C,42.18,,0,CONS-044,2026-09-11 14:53:30.971921,2026-09-11 14:53:30.971921
CRD-001723,CLI-001412,AG-FÈS-02,CPT-001813,Crédit automobile,95435.79,51694.39,0.039,0.0576,24,13,4140.05,2021-10-26,2021-11-25,2023-10-16,2022-09-21,11,13,0,En cours,Nantissement,89824.33,Achat immobilier,601,B,387.18,,0,CONS-018,2026-09-11 14:53:30.974202,2026-09-11 14:53:30.974202
CRD-001724,CLI-003467,AG-KHE-01,CPT-004424,Crédit consommation,3735.43,544.75,0.0793,0.0951,48,7,91.07,2023-05-26,2023-06-25,2027-05-05,2026-10-07,41,7,0,En cours,Caution personnelle,4400.06,Études,579,C,5.5,,0,CONS-013,2026-09-11 14:53:30.978218,2026-09-11 14:53:30.978218
CRD-001725,CLI-002073,AG-CAS-04,CPT-002641,Crédit automobile,6782.45,1695.61,0.0531,0.0583,48,12,157.15,2025-04-03,2025-05-03,2029-03-13,2028-03-18,36,12,0,En cours,Garantie autonome,4439.52,Investissement,557,C,11.13,,0,CONS-007,2026-09-11 14:53:30.980225,2026-09-11 14:53:30.980225
CRD-001726,CLI-001510,AG-RAB-02,CPT-001939,Crédit immobilier,197964.16,145173.72,0.0524,0.0682,120,88,2123.02,2021-11-07,2021-12-07,2031-09-16,2024-06-24,32,88,0,En cours,Garantie autonome,143586.12,Fonds de roulement,680,B,947.74,,0,CONS-008,2026-09-11 14:53:30.983223,2026-09-11 14:53:30.983223
CRD-001727,CLI-001228,AG-NAD-01,CPT-001573,Crédit consommation,7192.1,6892.43,0.0386,0.0525,48,46,161.94,2021-11-01,2021-12-01,2025-10-11,2021-12-31,2,46,333,Contentieux,Sans garantie,0.0,Fonds de roulement,602,D,2719.09,2026-05-31,2,CONS-017,2026-09-11 14:53:30.985226,2026-09-11 14:53:30.985226
CRD-001728,CLI-004073,AG-KÉN-01,CPT-005210,Crédit professionnel,35299.46,3677.03,0.062,0.0699,48,5,832.25,2022-01-23,2022-02-22,2026-01-02,2025-08-05,43,5,0,En cours,Garantie autonome,33166.7,Équipement professionnel,518,C,31.42,,0,CONS-010,2026-09-11 14:53:30.988224,2026-09-11 14:53:30.988224
CRD-001729,CLI-002586,AG-KHE-01,CPT-003289,Crédit immobilier,42339.85,31225.64,0.0327,0.0488,240,177,240.58,2025-12-14,2026-01-13,2045-08-31,2031-02-16,63,177,0,En cours,Garantie autonome,41763.0,Travaux,656,B,91.2,,0,CONS-008,2026-09-11 14:53:30.990344,2026-09-11 14:53:30.990344
CRD-001730,CLI-004451,AG-FÈS-01,CPT-005704,Crédit consommation,34187.06,1424.46,0.0415,0.0495,24,1,1486.85,2024-01-23,2024-02-22,2026-01-12,2025-12-13,23,1,157,Incident de paiement,Nantissement,37937.46,Achat immobilier,526,D,169.92,2024-10-24,2,CONS-037,2026-09-11 14:53:30.994368,2026-09-11 14:53:30.994368
CRD-001731,CLI-002952,AG-CAS-03,CPT-003764,Crédit immobilier,252372.18,208207.05,0.0635,0.078,120,99,2846.41,2022-03-15,2022-04-14,2032-01-22,2023-12-05,21,99,0,En cours,Sans garantie,0.0,Équipement professionnel,495,C,2592.67,,0,CONS-041,2026-09-11 14:53:30.996368,2026-09-11 14:53:30.996368
CRD-001732,CLI-003886,AG-KÉN-01,CPT-004969,Crédit automobile,19983.72,12489.83,0.0474,0.0656,48,30,457.86,2022-02-23,2022-03-25,2026-02-02,2023-08-17,18,30,83,En cours (retard),Caution personnelle,19723.43,Fonds de roulement,477,C,917.7,2024-03-02,3,CONS-013,2026-09-11 14:53:30.999364,2026-09-11 14:53:30.999364
CRD-001733,CLI-000325,AG-EL -01,CPT-000409,Crédit automobile,61924.85,18577.46,0.0745,0.0907,60,18,1239.38,2026-08-18,2026-09-17,2031-07-23,2030-01-29,42,18,0,En cours,Hypothèque,31989.24,Équipement professionnel,683,B,101.92,,0,CONS-049,2026-09-11 14:53:31.002368,2026-09-11 14:53:31.002368
CRD-001734,CLI-003978,AG-MAR-01,CPT-005084,Crédit consommation,21757.46,9972.17,0.0432,0.0577,24,11,947.92,2023-06-17,2023-07-17,2025-06-06,2024-07-11,13,11,0,En cours,Caution personnelle,19971.74,Équipement professionnel,594,C,85.89,,0,CONS-013,2026-09-11 14:53:31.004369,2026-09-11 14:53:31.004369
CRD-001735,CLI-003577,AG-LAÂ-01,CPT-004569,Crédit équipement,36739.17,33677.57,0.0355,0.0462,12,11,3120.79,2026-04-02,2026-05-02,2027-03-28,2026-05-02,1,11,0,En cours,Hypothèque,32053.91,Études,542,C,159.45,,0,CONS-034,2026-09-11 14:53:31.007368,2026-09-11 14:53:31.007368
CRD-001736,CLI-002212,AG-NAD-01,CPT-002820,Crédit professionnel,96896.68,19379.34,0.0606,0.0782,60,12,1875.99,2026-06-06,2026-07-06,2031-05-11,2030-05-16,48,12,177,Incident de paiement,Hypothèque,85017.48,Travaux,526,D,1150.74,2026-08-01,2,CONS-005,2026-09-11 14:53:31.010369,2026-09-11 14:53:31.010369
CRD-001737,CLI-003299,AG-EL -01,CPT-004197,Crédit consommation,4745.65,1581.88,0.0455,0.0597,48,16,108.32,2022-06-25,2022-07-25,2026-06-04,2025-02-09,32,16,0,En cours,Hypothèque,2796.47,Équipement professionnel,703,A,8.27,,0,CONS-019,2026-09-11 14:53:31.012368,2026-09-11 14:53:31.012368
CRD-001738,CLI-003036,AG-RAB-02,CPT-003874,Crédit consommation,11551.18,4331.69,0.0619,0.0782,24,9,512.94,2026-05-16,2026-06-15,2028-05-05,2027-08-09,15,9,0,En cours,Hypothèque,6695.86,Véhicule,716,A,16.19,,0,CONS-016,2026-09-11 14:53:31.015368,2026-09-11 14:53:31.015368
CRD-001739,CLI-001499,AG-FÈS-01,CPT-001927,Crédit professionnel,39595.56,1979.78,0.0314,0.0411,60,3,713.95,2022-05-01,2022-05-31,2027-04-05,2027-01-05,57,3,0,En cours,Sans garantie,0.0,Équipement professionnel,646,B,8.21,,0,CONS-017,2026-09-11 14:53:31.017528,2026-09-11 14:53:31.017528
CRD-001740,CLI-001503,AG-CAS-03,CPT-001931,Crédit consommation,32886.12,10048.54,0.0387,0.0446,36,11,969.03,2023-05-11,2023-06-10,2026-04-25,2025-05-30,25,11,0,En cours,Nantissement,24472.46,Équipement professionnel,631,B,27.44,,0,CONS-022,2026-09-11 14:53:31.020533,2026-09-11 14:53:31.020533
CRD-001741,CLI-001007,AG-SET-01,CPT-001282,Crédit automobile,21159.98,0.0,0.0371,0.057,36,0,622.0,2021-09-18,2021-10-18,2024-09-02,2024-09-02,36,0,0,En cours,Hypothèque,17469.12,Achat immobilier,696,B,0.0,,0,CONS-043,2026-09-11 14:53:31.023562,2026-09-11 14:53:31.023562
CRD-001742,CLI-004180,AG-TÉT-01,CPT-005353,Crédit équipement,69970.69,5830.89,0.041,0.0567,36,3,2068.93,2021-10-26,2021-11-25,2024-10-10,2024-07-12,33,3,0,En cours,Hypothèque,74639.41,Études,594,C,38.26,,0,CONS-001,2026-09-11 14:53:31.026839,2026-09-11 14:53:31.026839
CRD-001743,CLI-003014,AG-TAN-01,CPT-003847,Crédit immobilier,924794.56,701302.54,0.0584,0.0688,240,182,6540.44,2024-05-28,2024-06-27,2044-02-13,2029-03-03,58,182,0,En cours,Caution personnelle,791928.65,Fonds de roulement,634,B,6729.44,,0,CONS-023,2026-09-11 14:53:31.048819,2026-09-11 14:53:31.048819
CRD-001744,CLI-003517,AG-EL -01,CPT-004487,Crédit professionnel,46750.05,22595.86,0.0478,0.061,60,29,877.53,2024-08-19,2024-09-18,2029-07-24,2027-03-07,31,29,0,En cours,Garantie autonome,53564.56,Investissement,693,B,176.65,,0,CONS-005,2026-09-11 14:53:31.052820,2026-09-11 14:53:31.052820
CRD-001745,CLI-001468,AG-KHO-01,CPT-001890,Crédit immobilier,433788.99,66514.31,0.078,0.0979,300,46,3290.79,2024-01-11,2024-02-10,2048-09-01,2044-11-21,254,46,0,En cours,Caution personnelle,271377.98,Fonds de roulement,753,A,455.33,,0,CONS-014,2026-09-11 14:53:31.054820,2026-09-11 14:53:31.054820
CRD-001746,CLI-001226,AG-NAD-01,CPT-001570,Crédit immobilier,75584.27,71553.11,0.0735,0.0932,300,284,551.21,2024-02-19,2024-03-20,2048-10-10,2025-06-13,16,284,0,En cours,Caution personnelle,58798.8,Travaux,464,C,427.12,,0,CONS-025,2026-09-11 14:53:31.057823,2026-09-11 14:53:31.057823
CRD-001747,CLI-003168,AG-FÈS-01,CPT-004043,Crédit immobilier,253766.35,173407.01,0.0539,0.0689,240,164,1729.9,2024-09-07,2024-10-07,2044-05-25,2030-12-05,76,164,179,Incident de paiement,Caution personnelle,288456.91,Équipement professionnel,476,D,27753.32,2026-03-15,1,CONS-025,2026-09-11 14:53:31.060840,2026-09-11 14:53:31.060840
CRD-001748,CLI-002268,AG-MAR-02,CPT-002889,Crédit consommation,19443.35,19443.35,0.03,0.044,12,12,1646.73,2024-02-07,2024-03-08,2025-02-01,,0,12,0,En cours,Caution personnelle,21475.96,Études,622,B,78.11,,0,CONS-044,2026-09-11 14:53:31.063839,2026-09-11 14:53:31.063839
CRD-001749,CLI-003809,AG-RAB-01,CPT-004871,Crédit équipement,7049.77,587.48,0.0666,0.0721,12,1,608.89,2024-12-06,2025-01-05,2025-12-01,2025-11-01,11,1,0,En cours,Caution personnelle,6172.62,Fonds de roulement,594,C,2.74,,0,CONS-010,2026-09-11 14:53:31.065975,2026-09-11 14:53:31.065975
CRD-001750,CLI-001217,AG-TAN-01,CPT-001558,Crédit professionnel,93970.58,68240.54,0.0773,0.0825,84,61,1452.04,2025-03-11,2025-04-10,2032-02-03,2027-01-30,23,61,0,En cours,Sans garantie,0.0,Achat immobilier,449,C,276.64,,0,CONS-026,2026-09-11 14:53:31.068980,2026-09-11 14:53:31.068980
